"invoiceno","invoicedate","customer_id","employee_id"
"561542",2011-07-28 10:09:00.000,15105,35
"573334",2011-10-30 11:35:00.000,12912,54
"538205",2010-12-10 11:24:00.000,12748,9
"560416",2011-07-18 14:40:00.000,14798,53
C562122,2011-08-02 17:18:00.000,14857,56
"577727",2011-11-21 12:43:00.000,15671,55
"559112",2011-07-06 11:59:00.000,17315,60
"568951",2011-09-29 15:26:00.000,17724,54
"566558",2011-09-13 11:51:00.000,15311,34
"551417",2011-04-28 13:41:00.000,15632,54
"577475",2011-11-20 11:30:00.000,15152,35
"552904",2011-05-12 11:07:00.000,16013,35
"542902",2011-02-01 14:43:00.000,16011,18
"559370",2011-07-08 10:01:00.000,17042,56
"575867",2011-11-11 12:44:00.000,15034,18
"558053",2011-06-24 14:33:00.000,15027,55
"567484",2011-09-20 13:52:00.000,17340,36
C562110,2011-08-02 15:46:00.000,16316,56
"559320",2011-07-07 14:18:00.000,13208,9
"544306",2011-02-17 13:57:00.000,13085,36
"552139",2011-05-06 11:55:00.000,14659,60
"556829",2011-06-15 10:51:00.000,12809,60
C557946,2011-06-23 16:13:00.000,17340,18
"572986",2011-10-27 10:51:00.000,12681,34
"545596",2011-03-04 10:49:00.000,14447,56
C566263,2011-09-11 13:01:00.000,14606,35
"567943",2011-09-22 19:33:00.000,14702,60
C544427,2011-02-18 15:42:00.000,17612,59
"577813",2011-11-22 09:06:00.000,14297,56
"543989",2011-02-15 09:52:00.000,12415,53
"565853",2011-09-07 13:19:00.000,13756,55
"537894",2010-12-09 10:16:00.000,12621,36
"578096",2011-11-22 17:26:00.000,12936,59
"576190",2011-11-14 11:46:00.000,15039,33
"557349",2011-06-20 10:34:00.000,16717,55
"553952",2011-05-20 10:50:00.000,13391,34
"538379",2010-12-12 11:26:00.000,17126,36
C578276,2011-11-23 13:48:00.000,17511,34
"550312",2011-04-17 11:18:00.000,13089,33
"545517",2011-03-03 12:20:00.000,12727,53
"556721",2011-06-14 11:23:00.000,15218,55
"544320",2011-02-17 15:40:00.000,17381,53
"580678",2011-12-05 14:49:00.000,18015,59
C572449,2011-10-24 12:34:00.000,14428,9
C580703,2011-12-05 16:26:00.000,16705,36
"563680",2011-08-18 12:06:00.000,18272,55
"555551",2011-06-05 13:32:00.000,14696,9
"553867",2011-05-19 14:19:00.000,17306,35
C579186,2011-11-28 15:30:00.000,13238,33
"558484",2011-06-30 10:09:00.000,14267,33
"577743",2011-11-21 13:44:00.000,17006,55
"574308",2011-11-03 16:45:00.000,16409,18
"574550",2011-11-04 15:18:00.000,12484,52
"580974",2011-12-06 15:17:00.000,14293,18
"558699",2011-07-01 12:17:00.000,12494,34
"574959",2011-11-08 10:09:00.000,17886,53
"572324",2011-10-24 09:52:00.000,14607,56
"549305",2011-04-08 08:40:00.000,15189,59
"580777",2011-12-06 11:06:00.000,14547,33
"537594",2010-12-07 12:28:00.000,12647,60
"580852",2011-12-06 11:53:00.000,16790,35
C567919,2011-09-22 17:20:00.000,17037,54
C543787,2011-02-11 17:05:00.000,15061,60
C569549,2011-10-04 17:32:00.000,15955,9
C550013,2011-04-14 10:49:00.000,12982,56
"549683",2011-04-11 13:24:00.000,14273,56
"541970",2011-01-24 13:48:00.000,15179,18
"570660",2011-10-11 14:18:00.000,14866,9
"559124",2011-07-06 12:31:00.000,14621,9
"572678",2011-10-25 13:46:00.000,13182,54
"565476",2011-09-05 10:48:00.000,14156,53
"577472",2011-11-20 11:28:00.000,14503,55
"537793",2010-12-08 12:57:00.000,15032,35
"541181",2011-01-14 11:50:00.000,12877,60
"570879",2011-10-13 08:42:00.000,12685,34
C570490,2011-10-10 17:16:00.000,14356,54
"541838",2011-01-23 10:43:00.000,12916,56
C552805,2011-05-11 12:34:00.000,14149,60
"541500",2011-01-18 15:25:00.000,18041,34
C567714,2011-09-22 10:11:00.000,16316,33
"581357",2011-12-08 12:29:00.000,13314,9
"548368",2011-03-30 15:52:00.000,17677,9
"552291",2011-05-08 14:00:00.000,15421,53
C556096,2011-06-08 15:29:00.000,13599,53
C567978,2011-09-23 10:40:00.000,14546,54
"551747",2011-05-04 11:00:00.000,14298,52
"548565",2011-04-01 10:23:00.000,16180,18
"574587",2011-11-06 10:29:00.000,14936,53
"547035",2011-03-20 10:33:00.000,13911,60
"554942",2011-05-27 14:01:00.000,17841,53
"551791",2011-05-04 11:26:00.000,13220,60
"556682",2011-06-14 09:42:00.000,15358,33
C542427,2011-01-28 09:34:00.000,14180,59
"554115",2011-05-22 15:03:00.000,15938,60
"554978",2011-05-29 11:05:00.000,16889,53
"574079",2011-11-02 16:19:00.000,17595,34
"547728",2011-03-25 10:51:00.000,16029,35
"576137",2011-11-14 10:45:00.000,15482,59
"561116",2011-07-25 12:22:00.000,13520,53
"576849",2011-11-16 15:39:00.000,13924,56
"560048",2011-07-14 15:02:00.000,13515,54
C577815,2011-11-22 09:16:00.000,17071,59
"547942",2011-03-28 14:57:00.000,14538,53
"568718",2011-09-28 16:17:00.000,18102,18
"548007",2011-03-29 10:51:00.000,13769,52
"561637",2011-07-28 14:45:00.000,17949,55
"550481",2011-04-18 14:08:00.000,17634,53
"567181",2011-09-18 15:15:00.000,17750,36
"564170",2011-08-23 13:59:00.000,17696,35
C558088,2011-06-26 12:08:00.000,14475,52
C550475,2011-04-18 13:59:00.000,13798,35
"554704",2011-05-26 10:09:00.000,15658,18
"563588",2011-08-17 19:15:00.000,17450,33
"572139",2011-10-21 10:19:00.000,18241,35
"579345",2011-11-29 11:46:00.000,12727,52
C574268,2011-11-03 14:22:00.000,14359,59
"547052",2011-03-20 12:07:00.000,18225,35
C559651,2011-07-11 12:43:00.000,13184,60
"576054",2011-11-13 14:55:00.000,15787,54
"578451",2011-11-24 12:27:00.000,17133,18
"560501",2011-07-19 11:08:00.000,16475,34
"537388",2010-12-06 13:35:00.000,17682,52
"581144",2011-12-07 13:46:00.000,14085,55
"538207",2010-12-10 11:33:00.000,12748,59
"540028",2011-01-04 13:38:00.000,14180,55
"559547",2011-07-10 15:12:00.000,17758,52
"579414",2011-11-29 12:52:00.000,14719,18
"566329",2011-09-12 12:20:00.000,14527,18
"541008",2011-01-13 10:48:00.000,17848,9
"567339",2011-09-19 15:01:00.000,14146,60
"536974",2010-12-03 13:59:00.000,12682,60
"558719",2011-07-01 13:48:00.000,13576,59
"572745",2011-10-25 16:20:00.000,14085,56
"536990",2010-12-03 15:14:00.000,12793,53
"555577",2011-06-05 15:53:00.000,15301,54
C554373,2011-05-24 11:23:00.000,16998,53
"568873",2011-09-29 12:15:00.000,14188,9
C580701,2011-12-05 16:25:00.000,14793,35
"569077",2011-09-30 11:18:00.000,13092,33
"543115",2011-02-03 13:27:00.000,14606,59
"581352",2011-12-08 12:26:00.000,14698,9
C564952,2011-08-31 13:36:00.000,14188,54
"578811",2011-11-25 13:28:00.000,12438,9
"567897",2011-09-22 16:07:00.000,12364,55
C551659,2011-05-03 12:14:00.000,13668,52
"577503",2011-11-20 12:34:00.000,18110,54
C557965,2011-06-24 09:32:00.000,13115,18
"548198",2011-03-29 16:05:00.000,16712,52
"575740",2011-11-11 09:25:00.000,18130,35
C578259,2011-11-23 13:02:00.000,16660,9
"562377",2011-08-04 15:04:00.000,14535,60
"581126",2011-12-07 12:43:00.000,18272,59
"566572",2011-09-13 12:52:00.000,13488,54
C580180,2011-12-02 12:00:00.000,14688,52
"566562",2011-09-13 12:18:00.000,17365,35
"542627",2011-01-31 09:51:00.000,14426,56
"573103",2011-10-27 14:56:00.000,16513,35
"558039",2011-06-24 12:44:00.000,18219,35
"572460",2011-10-24 12:54:00.000,17001,33
C572022,2011-10-20 10:58:00.000,16474,59
"562516",2011-08-05 12:25:00.000,15129,53
"579132",2011-11-28 12:35:00.000,15022,9
"540507",2011-01-09 11:20:00.000,12939,52
"553682",2011-05-18 13:20:00.000,14646,53
"558182",2011-06-27 12:11:00.000,17386,34
"555552",2011-06-05 13:44:00.000,13610,59
"542600",2011-01-30 11:11:00.000,16923,52
"541712",2011-01-21 11:19:00.000,17890,56
"565732",2011-09-06 12:10:00.000,17068,9
"561690",2011-07-29 09:11:00.000,13875,59
C554100,2011-05-22 13:27:00.000,15555,59
"580690",2011-12-05 15:44:00.000,16597,56
"554366",2011-05-24 10:24:00.000,17450,52
"574777",2011-11-07 10:23:00.000,17761,33
C564210,2011-08-24 09:10:00.000,14194,9
"563950",2011-08-22 10:39:00.000,12471,55
"575894",2011-11-11 14:25:00.000,12748,35
"548611",2011-04-01 11:31:00.000,18230,33
C560331,2011-07-18 11:20:00.000,17706,36
"547792",2011-03-25 12:07:00.000,17979,54
"562578",2011-08-07 13:17:00.000,14331,34
C542082,2011-01-25 12:25:00.000,15213,36
"564201",2011-08-24 08:09:00.000,12540,36
C579127,2011-11-28 12:22:00.000,12674,55
"578953",2011-11-27 14:50:00.000,13546,9
"540407",2011-01-07 09:55:00.000,16839,34
C580056,2011-12-01 13:12:00.000,14911,36
"556722",2011-06-14 11:23:00.000,17428,52
"542692",2011-01-31 12:35:00.000,14467,59
"553575",2011-05-18 10:08:00.000,18260,36
"543285",2011-02-07 09:48:00.000,14600,36
"543369",2011-02-07 14:49:00.000,16255,54
C581117,2011-12-07 12:24:00.000,16393,56
C547388,2011-03-22 16:07:00.000,12352,9
"556488",2011-06-12 13:52:00.000,16018,55
"575767",2011-11-11 11:11:00.000,17348,55
"543057",2011-02-03 10:50:00.000,16333,52
C540246,2011-01-05 15:43:00.000,13081,55
"578258",2011-11-23 13:01:00.000,13263,59
"556490",2011-06-12 14:08:00.000,13078,52
"552624",2011-05-10 12:53:00.000,14505,35
"565616",2011-09-05 15:26:00.000,15238,9
"545344",2011-03-02 09:24:00.000,16678,18
"557268",2011-06-19 11:26:00.000,13097,53
C551949,2011-05-05 11:22:00.000,14149,18
"578736",2011-11-25 11:33:00.000,12681,18
"561334",2011-07-26 14:27:00.000,15440,35
"580753",2011-12-06 10:00:00.000,12682,60
"539018",2010-12-15 14:00:00.000,16134,54
C550472,2011-04-18 13:52:00.000,18009,52
"560978",2011-07-22 12:20:00.000,15815,9
"547920",2011-03-28 12:52:00.000,14730,53
C542038,2011-01-25 11:47:00.000,14534,55
"538558",2010-12-13 10:58:00.000,13069,34
"577615",2011-11-21 10:22:00.000,12658,56
"578511",2011-11-24 13:27:00.000,17975,53
"579457",2011-11-29 14:20:00.000,14824,53
"573095",2011-10-27 14:40:00.000,14239,59
"573933",2011-11-02 10:33:00.000,17135,56
"544097",2011-02-16 09:56:00.000,12455,33
"576513",2011-11-15 12:10:00.000,14715,55
"543382",2011-02-07 16:21:00.000,14030,60
"576356",2011-11-14 16:30:00.000,15681,33
C543742,2011-02-11 13:38:00.000,14676,55
C548723,2011-04-04 09:02:00.000,15874,34
"562204",2011-08-03 12:54:00.000,16324,60
"554066",2011-05-22 10:40:00.000,12916,9
"576200",2011-11-14 12:14:00.000,15572,60
"540316",2011-01-06 13:00:00.000,16676,18
"551859",2011-05-04 15:37:00.000,14336,55
"557751",2011-06-22 12:56:00.000,14092,53
"538488",2010-12-12 12:41:00.000,13715,55
"570724",2011-10-12 11:22:00.000,12602,35
"578856",2011-11-27 11:18:00.000,17769,36
"575967",2011-11-13 12:40:00.000,16794,33
"579142",2011-11-28 13:06:00.000,16744,34
C542259,2011-01-26 17:09:00.000,16656,54
"571809",2011-10-19 11:44:00.000,15039,53
"536857",2010-12-03 10:33:00.000,16883,34
"537628",2010-12-07 15:02:00.000,16293,18
"580441",2011-12-04 12:18:00.000,13808,55
"579690",2011-11-30 14:03:00.000,15060,59
"562541",2011-08-05 15:39:00.000,18102,34
C575004,2011-11-08 11:17:00.000,13587,34
"554356",2011-05-24 09:25:00.000,12670,33
"544203",2011-02-17 10:30:00.000,12362,52
"576613",2011-11-15 16:34:00.000,13854,56
"577689",2011-11-21 11:29:00.000,17664,54
"580555",2011-12-05 10:18:00.000,14911,59
"537612",2010-12-07 13:28:00.000,13769,34
"576589",2011-11-15 14:29:00.000,17659,18
"557327",2011-06-20 09:50:00.000,14194,60
"543021",2011-02-02 14:36:00.000,15421,53
"542595",2011-01-30 10:19:00.000,14040,53
C565681,2011-09-06 10:42:00.000,15521,60
"558420",2011-06-29 11:46:00.000,14577,53
C573271,2011-10-28 13:00:00.000,14606,55
"577694",2011-11-21 11:50:00.000,14702,35
"541006",2011-01-13 10:43:00.000,13993,60
"551665",2011-05-03 12:35:00.000,17442,55
"564062",2011-08-22 14:41:00.000,17706,56
"545905",2011-03-08 08:53:00.000,15234,36
"580634",2011-12-05 12:29:00.000,14060,52
"578278",2011-11-23 13:51:00.000,12748,55
"560592",2011-07-19 16:36:00.000,13225,55
"570188",2011-10-07 15:13:00.000,13763,60
"565583",2011-09-05 12:41:00.000,12816,33
"565861",2011-09-07 14:47:00.000,17368,59
"570714",2011-10-12 10:20:00.000,13520,35
"578516",2011-11-24 13:53:00.000,14591,9
"579469",2011-11-29 15:00:00.000,13068,53
"558679",2011-07-01 10:58:00.000,17800,53
"542928",2011-02-02 10:22:00.000,17863,33
"581418",2011-12-08 15:02:00.000,17451,9
"564162",2011-08-23 13:27:00.000,13481,53
"575718",2011-11-10 18:04:00.000,16907,54
C552237,2011-05-06 16:44:00.000,14056,54
"536789",2010-12-02 15:25:00.000,17850,52
C564903,2011-08-31 12:05:00.000,16984,9
"543281",2011-02-06 15:34:00.000,14606,18
"538364",2010-12-10 17:26:00.000,14448,56
"545543",2011-03-03 14:43:00.000,13476,9
"540645",2011-01-10 14:20:00.000,14060,36
"575340",2011-11-09 14:31:00.000,15485,18
"575887",2011-11-11 14:03:00.000,17243,53
"568660",2011-09-28 12:33:00.000,15134,52
"562549",2011-08-05 16:10:00.000,17092,60
"564713",2011-08-28 10:43:00.000,16768,35
"565836",2011-09-07 11:41:00.000,17511,18
C560874,2011-07-21 14:53:00.000,17677,56
"551315",2011-04-27 15:08:00.000,17725,55
"562441",2011-08-04 18:18:00.000,14543,55
"545328",2011-03-01 15:47:00.000,16389,18
"561680",2011-07-28 19:13:00.000,18268,52
"543550",2011-02-10 09:43:00.000,12601,53
"561202",2011-07-25 15:14:00.000,17705,56
"561120",2011-07-25 12:50:00.000,15835,55
"561900",2011-07-31 15:31:00.000,16655,9
"556918",2011-06-15 13:37:00.000,12415,18
C536855,2010-12-03 10:11:00.000,18225,60
"539280",2010-12-16 15:40:00.000,14373,18
"539082",2010-12-16 09:22:00.000,13317,36
"577090",2011-11-17 16:02:00.000,13828,35
"553888",2011-05-19 16:09:00.000,15201,34
"568785",2011-09-29 09:16:00.000,16929,59
"548666",2011-04-01 14:58:00.000,13124,9
"579168",2011-11-28 14:12:00.000,17806,53
"569574",2011-10-05 10:30:00.000,15127,18
"564842",2011-08-30 13:47:00.000,16133,53
C548009,2011-03-29 10:55:00.000,14245,52
"581381",2011-12-08 12:54:00.000,16933,35
"562137",2011-08-03 10:04:00.000,12720,9
"563012",2011-08-11 12:00:00.000,17284,33
C563220,2011-08-14 14:22:00.000,16150,33
"579279",2011-11-29 10:23:00.000,15298,35
"572298",2011-10-23 14:33:00.000,14071,52
"576658",2011-11-16 11:05:00.000,14534,56
"558259",2011-06-28 08:19:00.000,15304,35
"559062",2011-07-06 10:09:00.000,13253,33
"547047",2011-03-20 11:46:00.000,14258,53
"558867",2011-07-04 12:41:00.000,17765,52
"547401",2011-03-22 17:00:00.000,17576,9
"575754",2011-11-11 10:43:00.000,17295,9
"564428",2011-08-25 11:27:00.000,17844,33
"550714",2011-04-20 11:12:00.000,15249,36
"554646",2011-05-25 12:39:00.000,17790,52
"539076",2010-12-16 08:03:00.000,16525,60
"557129",2011-06-16 19:59:00.000,17841,56
"565901",2011-09-07 15:34:00.000,13798,18
C558531,2011-06-30 11:31:00.000,15039,60
"580651",2011-12-05 13:32:00.000,16851,52
"576638",2011-11-16 09:35:00.000,13890,33
"546367",2011-03-11 11:38:00.000,15513,56
"541428",2011-01-18 08:53:00.000,14242,9
"550315",2011-04-17 11:44:00.000,17990,9
"581168",2011-12-07 14:52:00.000,16779,34
"544059",2011-02-15 13:00:00.000,14534,33
"562575",2011-08-07 12:54:00.000,15411,59
"554164",2011-05-23 11:58:00.000,14364,36
"546411",2011-03-11 16:43:00.000,12939,56
"556719",2011-06-14 11:21:00.000,17428,36
"548792",2011-04-04 12:42:00.000,14711,52
"553202",2011-05-15 16:02:00.000,15854,36
"550487",2011-04-18 14:21:00.000,18219,56
"573889",2011-11-01 13:44:00.000,13571,35
"536808",2010-12-02 16:46:00.000,17659,33
"561864",2011-07-31 10:43:00.000,13217,54
"570665",2011-10-11 14:22:00.000,16120,54
"546530",2011-03-14 13:25:00.000,17404,18
"568013",2011-09-23 11:39:00.000,17480,34
"565929",2011-09-08 10:11:00.000,15488,36
"547991",2011-03-29 09:54:00.000,15589,18
"536784",2010-12-02 15:20:00.000,15061,52
C556735,2011-06-14 12:01:00.000,14527,36
C579753,2011-11-30 14:48:00.000,15484,59
C546867,2011-03-17 15:48:00.000,18218,36
"569576",2011-10-05 10:38:00.000,17739,56
"563727",2011-08-18 17:04:00.000,15797,36
C538105,2010-12-09 15:18:00.000,16781,56
"551878",2011-05-05 08:32:00.000,15129,36
"570101",2011-10-07 12:14:00.000,14560,59
"537658",2010-12-07 16:43:00.000,18102,60
"562940",2011-08-11 08:38:00.000,15498,53
"561004",2011-07-22 14:47:00.000,15189,52
"539293",2010-12-16 16:42:00.000,18223,33
"547201",2011-03-21 13:35:00.000,13113,34
"558749",2011-07-03 10:28:00.000,16326,35
"556965",2011-06-16 09:49:00.000,15129,60
"579109",2011-11-28 11:45:00.000,16705,60
C570835,2011-10-12 13:46:00.000,12457,34
C558521,2011-06-30 10:31:00.000,13113,36
"575371",2011-11-09 15:11:00.000,14132,55
"549628",2011-04-11 11:43:00.000,13798,59
"569006",2011-09-29 18:30:00.000,16268,60
"575750",2011-11-11 10:29:00.000,12600,18
"543484",2011-02-09 10:11:00.000,12721,34
"581585",2011-12-09 12:31:00.000,15804,9
"572672",2011-10-25 13:15:00.000,13340,35
"576784",2011-11-16 13:40:00.000,16204,18
"566006",2011-09-08 12:01:00.000,13018,53
"580292",2011-12-02 13:37:00.000,15856,52
"580321",2011-12-02 15:41:00.000,15078,54
"540682",2011-01-10 16:29:00.000,16112,56
"578299",2011-11-23 14:53:00.000,16660,55
"573485",2011-10-31 11:37:00.000,15752,33
"556809",2011-06-14 16:48:00.000,17179,35
"556053",2011-06-08 13:15:00.000,15400,52
"577438",2011-11-20 11:09:00.000,18118,56
"571064",2011-10-13 14:48:00.000,17181,33
"566622",2011-09-14 09:27:00.000,13860,33
"577770",2011-11-21 15:33:00.000,13282,9
"563437",2011-08-16 12:52:00.000,14232,60
"537626",2010-12-07 14:57:00.000,12347,33
"562922",2011-08-10 14:26:00.000,12594,35
"573341",2011-10-30 11:55:00.000,16949,33
C562139,2011-08-03 10:10:00.000,12921,9
"575607",2011-11-10 12:37:00.000,14096,54
"570425",2011-10-10 13:54:00.000,15128,56
"537866",2010-12-08 16:45:00.000,17655,33
"550308",2011-04-17 10:57:00.000,17029,52
"567426",2011-09-20 11:33:00.000,13767,36
"556432",2011-06-10 13:59:00.000,16184,59
"538313",2010-12-10 13:50:00.000,15514,52
"566307",2011-09-12 09:37:00.000,14307,54
"543183",2011-02-04 11:13:00.000,14560,18
"536570",2010-12-01 15:35:00.000,14496,56
"551259",2011-04-27 12:04:00.000,17949,55
"546633",2011-03-15 12:06:00.000,16168,35
"580894",2011-12-06 12:41:00.000,13408,59
"580028",2011-12-01 12:11:00.000,13890,53
"575686",2011-11-10 15:59:00.000,17716,52
"563427",2011-08-16 11:40:00.000,16470,52
C557413,2011-06-20 11:39:00.000,14701,56
"540979",2011-01-12 15:06:00.000,15727,34
"541108",2011-01-13 15:01:00.000,13199,34
"540985",2011-01-12 15:48:00.000,17389,9
"579399",2011-11-29 12:09:00.000,13137,34
"576809",2011-11-16 14:20:00.000,14851,53
"577235",2011-11-18 12:09:00.000,14367,18
"547949",2011-03-28 15:10:00.000,14021,59
"555626",2011-06-06 11:55:00.000,16103,18
"569722",2011-10-06 09:31:00.000,12431,34
"569889",2011-10-06 15:32:00.000,17930,55
"572869",2011-10-26 13:21:00.000,12798,60
C580912,2011-12-06 13:37:00.000,12989,60
C569119,2011-09-30 12:57:00.000,14194,34
"544930",2011-02-24 18:26:00.000,17472,33
C579438,2011-11-29 13:26:00.000,14235,54
"564715",2011-08-28 11:01:00.000,14472,33
"577172",2011-11-18 10:56:00.000,17760,59
C572027,2011-10-20 11:44:00.000,15754,59
"547273",2011-03-22 11:05:00.000,14530,34
"571477",2011-10-17 14:54:00.000,12794,52
"575147",2011-11-08 15:45:00.000,17937,34
"578694",2011-11-25 09:40:00.000,13199,52
"541277",2011-01-17 11:46:00.000,12673,35
"570848",2011-10-12 14:42:00.000,15473,52
"570706",2011-10-12 10:04:00.000,14911,54
"577854",2011-11-22 11:14:00.000,16128,52
C557651,2011-06-21 17:20:00.000,17428,18
"562166",2011-08-03 12:10:00.000,13209,18
"545053",2011-02-27 12:41:00.000,17516,9
"581426",2011-12-08 15:31:00.000,17757,9
"572093",2011-10-20 14:51:00.000,15121,35
"547243",2011-03-21 16:59:00.000,17231,53
"543730",2011-02-11 11:57:00.000,16928,59
C546671,2011-03-15 15:42:00.000,15215,18
"580460",2011-12-04 12:29:00.000,12748,18
"578284",2011-11-23 13:56:00.000,14385,34
"570242",2011-10-09 15:40:00.000,16380,9
C560206,2011-07-15 13:56:00.000,17068,52
"557302",2011-06-19 14:15:00.000,13102,59
"545153",2011-02-28 12:57:00.000,16667,33
"565845",2011-09-07 12:21:00.000,14709,54
"572997",2011-10-27 11:24:00.000,17878,59
"581001",2011-12-07 08:07:00.000,12583,59
"578298",2011-11-23 14:52:00.000,12619,36
C542792,2011-02-01 10:49:00.000,14627,9
"580530",2011-12-04 15:38:00.000,14102,55
C569116,2011-09-30 12:52:00.000,13320,54
"559319",2011-07-07 14:11:00.000,18013,36
"557775",2011-06-22 15:06:00.000,16966,56
"575514",2011-11-10 10:40:00.000,12541,34
C562959,2011-08-11 10:21:00.000,17389,54
"565241",2011-09-02 10:06:00.000,17949,33
"547937",2011-03-28 14:27:00.000,15068,36
"570419",2011-10-10 13:33:00.000,15608,52
"568705",2011-09-28 15:31:00.000,14434,56
"545652",2011-03-04 13:27:00.000,16414,18
"570642",2011-10-11 12:41:00.000,15024,33
C569891,2011-10-06 15:46:00.000,13924,52
"538508",2010-12-12 13:32:00.000,15998,33
"571352",2011-10-17 11:49:00.000,18042,34
"581136",2011-12-07 13:16:00.000,18273,59
"542266",2011-01-26 17:37:00.000,16918,55
"569568",2011-10-05 09:57:00.000,12700,34
"568226",2011-09-26 10:39:00.000,16719,9
"563954",2011-08-22 10:59:00.000,16652,60
"538279",2010-12-10 12:48:00.000,14952,52
C555935,2011-06-08 09:14:00.000,12567,36
"581194",2011-12-07 17:17:00.000,15298,34
C542866,2011-02-01 12:14:00.000,15311,36
C576670,2011-11-16 11:55:00.000,16393,18
"563377",2011-08-16 10:44:00.000,15002,36
"574665",2011-11-06 12:09:00.000,16168,59
C577351,2011-11-18 15:37:00.000,17728,60
"554101",2011-05-22 13:29:00.000,13549,60
"548650",2011-04-01 13:22:00.000,14852,18
C562281,2011-08-04 10:36:00.000,12476,55
"554052",2011-05-20 14:58:00.000,18048,59
"569249",2011-10-03 10:15:00.000,14092,59
"547903",2011-03-28 11:59:00.000,15039,54
"546510",2011-03-14 12:17:00.000,16353,33
"581246",2011-12-08 10:59:00.000,15453,33
C548609,2011-04-01 11:22:00.000,15589,60
C563716,2011-08-18 16:14:00.000,15706,55
"545685",2011-03-06 11:55:00.000,14499,53
"546435",2011-03-14 09:37:00.000,15671,59
"549985",2011-04-13 15:58:00.000,15640,59
"558763",2011-07-03 13:08:00.000,12841,18
"563503",2011-08-17 09:05:00.000,16488,34
"559144",2011-07-06 14:17:00.000,12921,36
C546162,2011-03-10 09:53:00.000,17404,56
"571410",2011-10-17 12:32:00.000,17527,55
"578353",2011-11-24 10:07:00.000,14825,35
"577167",2011-11-18 10:41:00.000,16511,59
"565479",2011-09-05 11:19:00.000,13999,53
"569257",2011-10-03 11:24:00.000,18102,56
C565001,2011-08-31 16:23:00.000,17675,36
C563219,2011-08-14 14:17:00.000,17644,9
"559401",2011-07-08 10:49:00.000,15039,34
"553781",2011-05-19 10:54:00.000,16008,9
C540244,2011-01-05 15:40:00.000,17213,55
"545518",2011-03-03 12:24:00.000,18218,33
"554513",2011-05-24 15:56:00.000,14057,55
"569575",2011-10-05 10:37:00.000,16106,60
"561605",2011-07-28 12:09:00.000,13925,55
"564169",2011-08-23 13:55:00.000,14646,55
"563951",2011-08-22 10:42:00.000,16839,33
"573871",2011-11-01 12:34:00.000,14426,56
C547230,2011-03-21 16:06:00.000,18189,59
"541490",2011-01-18 13:40:00.000,13984,34
"556467",2011-06-12 11:17:00.000,13232,34
"563832",2011-08-19 12:33:00.000,16419,56
"569103",2011-09-30 12:30:00.000,16133,36
"556921",2011-06-15 13:50:00.000,16038,33
"580141",2011-12-02 09:22:00.000,14895,52
"537771",2010-12-08 12:29:00.000,15498,33
"552970",2011-05-12 13:41:00.000,17388,59
"541664",2011-01-20 12:23:00.000,17862,59
"556937",2011-06-15 16:05:00.000,17716,60
"569917",2011-10-06 17:02:00.000,17453,33
"562543",2011-08-05 15:45:00.000,13552,34
"557767",2011-06-22 14:24:00.000,13089,34
"563739",2011-08-18 20:05:00.000,17750,59
"578249",2011-11-23 12:42:00.000,16660,36
"578995",2011-11-27 15:59:00.000,15861,59
"566735",2011-09-14 14:19:00.000,15707,54
"547667",2011-03-24 13:25:00.000,16700,9
"538068",2010-12-09 14:05:00.000,17978,9
"571106",2011-10-13 16:14:00.000,14976,54
"559369",2011-07-08 10:00:00.000,14388,56
"561094",2011-07-25 10:04:00.000,12474,35
"538839",2010-12-14 13:10:00.000,14606,35
"558556",2011-06-30 13:14:00.000,17954,18
C551865,2011-05-04 16:23:00.000,17644,54
"550362",2011-04-18 11:13:00.000,13113,55
C555342,2011-06-02 11:42:00.000,17578,36
"557261",2011-06-19 10:53:00.000,13005,18
"580660",2011-12-05 13:49:00.000,16592,59
"576202",2011-11-14 12:22:00.000,13767,54
"571665",2011-10-18 12:59:00.000,12540,55
"554277",2011-05-23 13:20:00.000,12901,33
"567937",2011-09-22 18:10:00.000,14147,60
"537196",2010-12-05 13:55:00.000,15426,60
"574336",2011-11-04 09:52:00.000,12397,35
"579259",2011-11-29 08:40:00.000,12451,59
"569532",2011-10-04 15:19:00.000,13552,34
"572964",2011-10-27 10:41:00.000,12630,52
"544565",2011-02-21 12:53:00.000,18055,54
"565588",2011-09-05 13:50:00.000,16918,9
"575090",2011-11-08 14:04:00.000,17515,18
C564949,2011-08-31 13:31:00.000,17706,18
C537824,2010-12-08 14:27:00.000,12870,36
"537879",2010-12-09 08:34:00.000,14243,18
"566618",2011-09-14 09:13:00.000,17640,35
"579280",2011-11-29 10:33:00.000,13928,60
"572521",2011-10-24 15:19:00.000,15844,55
"564076",2011-08-22 15:27:00.000,14045,18
"557116",2011-06-16 16:57:00.000,15219,54
C579945,2011-12-01 10:41:00.000,15993,55
"575911",2011-11-11 16:13:00.000,17314,55
"550801",2011-04-20 15:04:00.000,17402,60
C537373,2010-12-06 12:55:00.000,14487,53
C550809,2011-04-20 15:58:00.000,14189,53
"555203",2011-06-01 12:13:00.000,17191,60
"555703",2011-06-06 15:06:00.000,15379,35
"549298",2011-04-08 08:20:00.000,13015,52
"557027",2011-06-16 13:24:00.000,12816,9
C554266,2011-05-23 12:48:00.000,12474,59
"567489",2011-09-20 14:08:00.000,18135,53
C550540,2011-04-19 11:31:00.000,14339,33
"556266",2011-06-09 19:26:00.000,13900,36
"566364",2011-09-12 12:32:00.000,15253,18
C564279,2011-08-24 10:54:00.000,17706,54
"579387",2011-11-29 12:06:00.000,14452,53
"567875",2011-09-22 14:29:00.000,16348,53
"566560",2011-09-13 12:09:00.000,17092,55
"541973",2011-01-24 14:01:00.000,16730,9
"562351",2011-08-04 13:10:00.000,16626,60
"545687",2011-03-06 12:20:00.000,17769,9
"550452",2011-04-18 12:56:00.000,14525,55
"569528",2011-10-04 14:53:00.000,16242,59
"539607",2010-12-20 14:10:00.000,12681,9
"562807",2011-08-09 14:57:00.000,16053,52
"579128",2011-11-28 12:30:00.000,14397,33
"566251",2011-09-11 12:13:00.000,12841,59
"559139",2011-07-06 13:41:00.000,15061,59
"549789",2011-04-12 12:00:00.000,17160,59
"543106",2011-02-03 12:12:00.000,15658,33
"571307",2011-10-17 10:10:00.000,14443,52
"556523",2011-06-13 11:24:00.000,16938,52
"551342",2011-04-28 08:34:00.000,16099,9
"552303",2011-05-08 15:15:00.000,14341,54
C539058,2010-12-15 16:42:00.000,17633,56
"541966",2011-01-24 13:35:00.000,13854,56
"541960",2011-01-24 12:44:00.000,16660,9
C577547,2011-11-20 14:48:00.000,17841,60
"572220",2011-10-21 13:24:00.000,17800,53
"554950",2011-05-27 14:48:00.000,14227,33
"548327",2011-03-30 13:05:00.000,16788,34
"577127",2011-11-17 19:27:00.000,16871,35
C572530,2011-10-24 15:55:00.000,15782,52
C564362,2011-08-24 16:20:00.000,13148,33
"568804",2011-09-29 10:52:00.000,17819,54
"557857",2011-06-23 11:50:00.000,17370,53
"577530",2011-11-20 13:48:00.000,14950,60
"540557",2011-01-10 09:58:00.000,12415,9
"574898",2011-11-07 15:07:00.000,16242,54
"542616",2011-01-30 15:40:00.000,16816,59
"574545",2011-11-04 14:54:00.000,17084,9
"547246",2011-03-22 08:54:00.000,16191,52
C565671,2011-09-06 09:30:00.000,14796,36
"546154",2011-03-10 07:43:00.000,13953,53
"565794",2011-09-07 09:45:00.000,16029,33
"542258",2011-01-26 17:08:00.000,17372,33
"556718",2011-06-14 11:02:00.000,16013,34
"563096",2011-08-12 09:10:00.000,15544,35
"561876",2011-07-31 12:08:00.000,14472,55
"552966",2011-05-12 13:10:00.000,16057,52
"567093",2011-09-16 12:50:00.000,17144,33
C567715,2011-09-22 10:12:00.000,16160,52
"565261",2011-09-02 10:53:00.000,12474,33
"544466",2011-02-20 15:43:00.000,14606,60
C558444,2011-06-29 13:29:00.000,15311,60
"555109",2011-05-31 14:19:00.000,16023,59
"577480",2011-11-20 11:37:00.000,14525,18
C560588,2011-07-19 15:49:00.000,13767,60
"574677",2011-11-06 12:32:00.000,16445,36
"570100",2011-10-07 12:12:00.000,13695,9
"538719",2010-12-14 11:10:00.000,15602,35
"564614",2011-08-26 11:35:00.000,13994,52
"576189",2011-11-14 11:33:00.000,14684,60
"554415",2011-05-24 12:10:00.000,18202,59
C550027,2011-04-14 11:26:00.000,14195,52
"549233",2011-04-07 11:06:00.000,14912,35
"561206",2011-07-25 16:18:00.000,13110,60
"551517",2011-05-01 11:14:00.000,16931,52
"561676",2011-07-28 17:53:00.000,13468,33
"572323",2011-10-24 09:46:00.000,14312,36
"545084",2011-02-28 10:55:00.000,12458,36
"538367",2010-12-12 10:48:00.000,14800,56
"555872",2011-06-07 15:04:00.000,13395,36
"537669",2010-12-08 08:58:00.000,16863,34
"545064",2011-02-27 14:29:00.000,13636,36
"543372",2011-02-07 15:01:00.000,16321,18
"568051",2011-09-23 12:40:00.000,18189,56
C573260,2011-10-28 12:27:00.000,15287,60
"577746",2011-11-21 14:17:00.000,15274,18
"540173",2011-01-05 12:32:00.000,15661,60
C580762,2011-12-06 10:32:00.000,14543,34
"556805",2011-06-14 15:15:00.000,15125,53
"559150",2011-07-06 14:59:00.000,14002,9
"548659",2011-04-01 14:19:00.000,13418,56
"554809",2011-05-26 13:13:00.000,16838,60
"563546",2011-08-17 12:24:00.000,16729,35
"555499",2011-06-03 15:31:00.000,15812,55
"580981",2011-12-06 16:02:00.000,16201,36
"555813",2011-06-07 11:40:00.000,13643,35
"576653",2011-11-16 10:45:00.000,14156,36
C539031,2010-12-15 14:25:00.000,12647,52
C581323,2011-12-08 11:53:00.000,14442,18
"554617",2011-05-25 11:21:00.000,14593,56
"566117",2011-09-09 10:54:00.000,17965,36
"552376",2011-05-09 12:30:00.000,16326,18
"549561",2011-04-10 13:36:00.000,13570,9
"542615",2011-01-30 15:22:00.000,13148,34
"562203",2011-08-03 12:50:00.000,16102,59
C555883,2011-06-07 15:42:00.000,13862,54
C562726,2011-08-09 09:05:00.000,16401,36
"554916",2011-05-27 12:26:00.000,17345,59
"567676",2011-09-21 15:54:00.000,15114,54
C565428,2011-09-04 12:53:00.000,12867,33
"572562",2011-10-25 09:07:00.000,13481,56
"543276",2011-02-06 13:57:00.000,16525,53
"580667",2011-12-05 14:19:00.000,15031,53
"559865",2011-07-13 10:39:00.000,14409,33
"562902",2011-08-10 12:41:00.000,13925,55
"555550",2011-06-05 13:29:00.000,15245,35
"552571",2011-05-10 12:08:00.000,14688,59
"568324",2011-09-26 13:48:00.000,16778,53
"560577",2011-07-19 15:07:00.000,18223,33
"577202",2011-11-18 11:47:00.000,12989,56
"570232",2011-10-09 13:58:00.000,14040,33
"556019",2011-06-08 12:02:00.000,18092,52
"539628",2010-12-20 14:49:00.000,18097,56
"566648",2011-09-14 11:25:00.000,14198,18
"545161",2011-02-28 13:34:00.000,16187,59
"547419",2011-03-23 10:27:00.000,15061,35
"559167",2011-07-06 16:54:00.000,17997,55
C538628,2010-12-13 13:09:00.000,17231,18
"569539",2011-10-04 15:58:00.000,18102,35
"573348",2011-10-30 12:27:00.000,14487,54
"555853",2011-06-07 13:44:00.000,14375,18
"568872",2011-09-29 12:12:00.000,12372,60
C575064,2011-11-08 12:39:00.000,12472,53
"572882",2011-10-26 13:36:00.000,18226,33
"537607",2010-12-07 13:18:00.000,15965,56
"547114",2011-03-21 11:49:00.000,14688,54
"568389",2011-09-27 10:06:00.000,12971,54
"570489",2011-10-10 17:13:00.000,14533,9
"541417",2011-01-17 16:23:00.000,16033,59
"549425",2011-04-08 11:54:00.000,14030,53
C567885,2011-09-22 15:17:00.000,12879,34
"546438",2011-03-14 09:59:00.000,15125,33
"578318",2011-11-23 16:48:00.000,17135,55
"538037",2010-12-09 13:05:00.000,17430,9
"563181",2011-08-12 14:32:00.000,16612,55
"576655",2011-11-16 10:55:00.000,15687,35
"550357",2011-04-18 10:35:00.000,16617,9
"542155",2011-01-26 10:51:00.000,15777,55
"574346",2011-11-04 10:23:00.000,17930,52
"536803",2010-12-02 16:33:00.000,14911,9
"579942",2011-12-01 10:33:00.000,16145,18
"546981",2011-03-18 12:21:00.000,14066,33
C577196,2011-11-18 11:45:00.000,16924,56
C566469,2011-09-12 18:15:00.000,13709,52
"544936",2011-02-25 09:37:00.000,15769,36
"579010",2011-11-28 09:31:00.000,13258,18
"566873",2011-09-15 13:31:00.000,12682,56
"569559",2011-10-05 09:31:00.000,12971,60
"569035",2011-09-30 10:44:00.000,15565,60
"564583",2011-08-26 11:24:00.000,17949,35
C560832,2011-07-21 12:07:00.000,13488,36
"544199",2011-02-17 10:04:00.000,13777,60
"572732",2011-10-25 15:21:00.000,18079,36
"569479",2011-10-04 12:41:00.000,13408,53
"567636",2011-09-21 13:48:00.000,16358,33
"569838",2011-10-06 13:20:00.000,13504,35
"544797",2011-02-23 13:43:00.000,13489,34
"558341",2011-06-28 14:20:00.000,14741,33
"563847",2011-08-19 14:49:00.000,16139,56
"553839",2011-05-19 12:13:00.000,12897,60
"539004",2010-12-15 12:43:00.000,13426,36
"574751",2011-11-07 09:13:00.000,17164,54
"554932",2011-05-27 13:24:00.000,12999,34
"561936",2011-08-01 12:57:00.000,14403,35
"557595",2011-06-21 11:19:00.000,15507,53
"580904",2011-12-06 12:59:00.000,15311,56
"559654",2011-07-11 12:54:00.000,13098,34
C538103,2010-12-09 15:13:00.000,17442,55
"567141",2011-09-16 14:53:00.000,17370,59
"540777",2011-01-11 11:15:00.000,13144,36
"566736",2011-09-14 14:19:00.000,12726,56
"572792",2011-10-26 10:51:00.000,15516,9
"577536",2011-11-20 14:14:00.000,15850,9
"576540",2011-11-15 12:48:00.000,18043,52
"580735",2011-12-06 08:52:00.000,17728,53
"555839",2011-06-07 12:39:00.000,13283,35
"551514",2011-04-28 19:53:00.000,17874,34
C540942,2011-01-12 12:30:00.000,13113,60
"574654",2011-11-06 11:32:00.000,15571,18
"569326",2011-10-03 12:47:00.000,14360,35
C537835,2010-12-08 14:57:00.000,14618,59
"560742",2011-07-20 15:44:00.000,14755,35
"553935",2011-05-20 10:32:00.000,15856,54
"568380",2011-09-27 09:18:00.000,18008,18
"549749",2011-04-12 10:45:00.000,12928,54
"557273",2011-06-19 11:44:00.000,16050,56
C549254,2011-04-07 12:21:00.000,13769,33
"580687",2011-12-05 15:38:00.000,16379,54
"566582",2011-09-13 13:49:00.000,13384,18
"576512",2011-11-15 12:09:00.000,15524,18
C550536,2011-04-19 11:20:00.000,16325,53
"563080",2011-08-11 16:32:00.000,15955,36
"561244",2011-07-26 11:24:00.000,13865,56
"561875",2011-07-31 12:05:00.000,14885,55
"556009",2011-06-08 11:37:00.000,18221,56
"581011",2011-12-07 09:22:00.000,14397,55
C569966,2011-10-06 18:51:00.000,13279,35
C562952,2011-08-11 10:10:00.000,12749,53
"536567",2010-12-01 15:27:00.000,16048,9
"543670",2011-02-11 11:23:00.000,16013,36
"570754",2011-10-12 11:40:00.000,12633,59
"570961",2011-10-13 11:37:00.000,13784,59
"559168",2011-07-06 17:05:00.000,13263,60
"556304",2011-06-10 10:29:00.000,12840,18
"551810",2011-05-04 11:32:00.000,15719,33
"558054",2011-06-24 14:36:00.000,12971,18
"563178",2011-08-12 14:12:00.000,16011,55
"547209",2011-03-21 14:44:00.000,13081,36
"545998",2011-03-08 14:35:00.000,13373,53
"541316",2011-01-17 14:27:00.000,13209,55
"570289",2011-10-10 11:50:00.000,17377,60
C569109,2011-09-30 12:44:00.000,16523,9
"541240",2011-01-16 11:07:00.000,16206,55
"575190",2011-11-09 09:21:00.000,15189,9
"574965",2011-11-08 10:44:00.000,17964,36
"554110",2011-05-22 14:35:00.000,13468,59
"538797",2010-12-14 11:44:00.000,17685,18
"545065",2011-02-27 14:43:00.000,12431,33
"562781",2011-08-09 13:10:00.000,14334,59
"560026",2011-07-14 13:11:00.000,16928,34
"578272",2011-11-23 13:40:00.000,17463,35
"563674",2011-08-18 11:59:00.000,14132,52
"545898",2011-03-07 17:23:00.000,15869,54
"573003",2011-10-27 12:11:00.000,14646,56
"569633",2011-10-05 12:02:00.000,16478,56
"537476",2010-12-07 11:26:00.000,15838,54
C579710,2011-11-30 14:16:00.000,15467,36
"536621",2010-12-02 10:35:00.000,13108,36
"557769",2011-06-22 14:38:00.000,16626,33
"571435",2011-10-17 13:23:00.000,14211,54
"577474",2011-11-20 11:30:00.000,12778,54
"562388",2011-08-04 15:52:00.000,18099,34
"551584",2011-05-03 11:22:00.000,15620,60
C569981,2011-10-06 19:36:00.000,12679,53
"580277",2011-12-02 13:02:00.000,16474,55
"580293",2011-12-02 13:38:00.000,16426,60
"563248",2011-08-15 11:30:00.000,14702,52
"569893",2011-10-06 15:51:00.000,12627,59
"566055",2011-09-08 15:05:00.000,15453,34
"566975",2011-09-16 09:24:00.000,13599,34
"571250",2011-10-14 16:49:00.000,17892,36
"562138",2011-08-03 10:04:00.000,14737,59
"551890",2011-05-05 09:44:00.000,14340,52
C550165,2011-04-14 16:34:00.000,15358,52
"548468",2011-03-31 12:28:00.000,14818,54
C542262,2011-01-26 17:15:00.000,17591,60
"541483",2011-01-18 12:40:00.000,15395,53
C559175,2011-07-07 10:17:00.000,12507,18
"561915",2011-08-01 11:23:00.000,14408,52
"540955",2011-01-12 13:27:00.000,14715,56
"572274",2011-10-21 16:48:00.000,14031,34
"559746",2011-07-12 11:16:00.000,16515,34
"580091",2011-12-01 14:37:00.000,17293,33
"556510",2011-06-13 10:36:00.000,14911,33
"561955",2011-08-01 13:03:00.000,12949,9
"551734",2011-05-04 10:15:00.000,18178,35
"555416",2011-06-03 10:15:00.000,14408,55
"553740",2011-05-19 09:31:00.000,16647,54
"578994",2011-11-27 15:44:00.000,14911,34
"545908",2011-03-08 09:26:00.000,14709,36
"558752",2011-07-03 11:40:00.000,16931,9
"575882",2011-11-11 13:40:00.000,16671,54
"540732",2011-01-11 10:19:00.000,16122,59
C547241,2011-03-21 16:34:00.000,16817,9
"565776",2011-09-06 14:38:00.000,15311,34
C579756,2011-11-30 14:54:00.000,14733,59
"547418",2011-03-23 10:25:00.000,13148,60
"566860",2011-09-15 12:40:00.000,17002,55
"564198",2011-08-23 17:18:00.000,14418,54
"563177",2011-08-12 14:03:00.000,17293,18
"566556",2011-09-13 11:47:00.000,16353,36
"566489",2011-09-13 10:17:00.000,16814,34
"547834",2011-03-27 10:16:00.000,17937,34
"581454",2011-12-08 18:22:00.000,15156,34
"567515",2011-09-20 15:29:00.000,16839,34
"570086",2011-10-07 11:22:00.000,17086,36
"580776",2011-12-06 11:05:00.000,14562,9
"576844",2011-11-16 15:33:00.000,16713,35
"560024",2011-07-14 13:00:00.000,15005,33
"542212",2011-01-26 12:12:00.000,15812,33
"547698",2011-03-24 16:30:00.000,15304,52
"578514",2011-11-24 13:40:00.000,14785,35
"550665",2011-04-20 09:31:00.000,12530,56
"540862",2011-01-12 11:18:00.000,15953,9
"543300",2011-02-07 11:42:00.000,13334,55
"555005",2011-05-31 09:38:00.000,16656,55
"576863",2011-11-16 16:06:00.000,12626,52
"572830",2011-10-26 11:36:00.000,16208,52
"569037",2011-09-30 10:45:00.000,13263,9
"542929",2011-02-02 10:34:00.000,17811,33
"564327",2011-08-24 13:33:00.000,16029,59
"556056",2011-06-08 13:35:00.000,17841,56
"569012",2011-09-30 08:18:00.000,15187,18
"551833",2011-05-04 13:12:00.000,16779,33
"570408",2011-10-10 12:59:00.000,13685,59
"574307",2011-11-03 16:40:00.000,15809,34
"573116",2011-10-27 15:49:00.000,14525,52
"546326",2011-03-11 10:15:00.000,13798,56
"581402",2011-12-08 13:45:00.000,14653,52
"562019",2011-08-01 14:57:00.000,14709,35
"571701",2011-10-18 15:05:00.000,14639,36
C561619,2011-07-28 13:31:00.000,13408,52
"556239",2011-06-09 15:48:00.000,15712,56
"552121",2011-05-06 11:40:00.000,15757,59
"550818",2011-04-20 17:10:00.000,15912,52
"549442",2011-04-08 12:56:00.000,16996,55
"543639",2011-02-10 16:52:00.000,16725,18
"562768",2011-08-09 10:49:00.000,14127,36
"559710",2011-07-12 10:25:00.000,12474,34
"551566",2011-05-03 11:11:00.000,13113,34
C580711,2011-12-05 16:36:00.000,16057,53
"560721",2011-07-20 13:32:00.000,17677,33
"559790",2011-07-12 12:19:00.000,14548,55
"564559",2011-08-26 09:37:00.000,15811,36
"551166",2011-04-26 16:01:00.000,17857,55
C561510,2011-07-27 14:51:00.000,14534,33
"540517",2011-01-09 12:02:00.000,17128,9
"561288",2011-07-26 12:26:00.000,13379,33
"541521",2011-01-19 09:45:00.000,15298,33
"568227",2011-09-26 10:57:00.000,17841,55
"553368",2011-05-16 14:24:00.000,18102,60
C576195,2011-11-14 12:03:00.000,14606,55
"579551",2011-11-30 10:49:00.000,15782,9
C543442,2011-02-08 11:40:00.000,14911,54
"569130",2011-09-30 13:46:00.000,14911,34
"561321",2011-07-26 12:59:00.000,13668,18
"555939",2011-06-08 09:58:00.000,17659,59
C559193,2011-07-07 10:26:00.000,12379,54
"547896",2011-03-28 11:34:00.000,17841,55
"574738",2011-11-06 16:01:00.000,12748,53
"557853",2011-06-23 11:01:00.000,16258,54
"563552",2011-08-17 13:06:00.000,17656,55
"560977",2011-07-22 12:09:00.000,16839,53
C560608,2011-07-20 10:35:00.000,16271,52
"573266",2011-10-28 12:40:00.000,15290,60
"553902",2011-05-19 18:02:00.000,15809,34
"564136",2011-08-23 11:16:00.000,14404,18
"538079",2010-12-09 14:27:00.000,17671,55
"550820",2011-04-21 08:43:00.000,13148,59
"539730",2010-12-21 14:54:00.000,13487,59
"565150",2011-09-01 14:26:00.000,14298,55
"549124",2011-04-06 14:03:00.000,16672,56
"539417",2010-12-17 13:57:00.000,17007,52
"576941",2011-11-17 11:34:00.000,12562,35
C550168,2011-04-14 16:41:00.000,14339,35
"563945",2011-08-22 10:09:00.000,17581,52
"549128",2011-04-06 14:25:00.000,16713,18
"564738",2011-08-28 14:16:00.000,16816,54
"553928",2011-05-20 10:02:00.000,12931,56
"551280",2011-04-27 13:31:00.000,16016,53
"559783",2011-07-12 12:02:00.000,13069,54
"576778",2011-11-16 13:24:00.000,16085,9
"540099",2011-01-04 16:41:00.000,15808,54
"545907",2011-03-08 09:24:00.000,15806,9
"566487",2011-09-13 10:03:00.000,16422,54
"538865",2010-12-14 14:37:00.000,13238,33
"569734",2011-10-06 10:31:00.000,14538,36
C542270,2011-01-27 09:35:00.000,13050,59
"562600",2011-08-08 10:01:00.000,12676,18
C555365,2011-06-02 14:24:00.000,15791,55
"574048",2011-11-02 13:37:00.000,13769,34
"552640",2011-05-10 13:19:00.000,17841,52
"564020",2011-08-22 11:57:00.000,13971,60
"542598",2011-01-30 10:43:00.000,14805,34
"572096",2011-10-20 15:20:00.000,16813,33
"575134",2011-11-08 14:49:00.000,14667,18
"577534",2011-11-20 14:05:00.000,18127,18
"578535",2011-11-24 14:52:00.000,13207,36
C571499,2011-10-17 15:07:00.000,12454,36
"570821",2011-10-12 12:51:00.000,17173,35
"564355",2011-08-24 15:12:00.000,13507,53
C567065,2011-09-16 11:51:00.000,16108,55
"573543",2011-10-31 13:05:00.000,17777,33
C579923,2011-12-01 09:06:00.000,17071,35
"574964",2011-11-08 10:29:00.000,13329,18
"575039",2011-11-08 11:53:00.000,15005,60
C550537,2011-04-19 11:25:00.000,15932,59
"557120",2011-06-16 17:12:00.000,15669,53
"549737",2011-04-12 09:03:00.000,13599,54
"557257",2011-06-19 10:34:00.000,14051,54
C563221,2011-08-14 14:23:00.000,17611,53
"577850",2011-11-22 11:04:00.000,14911,54
"543462",2011-02-08 13:39:00.000,17655,18
"541286",2011-01-17 13:08:00.000,13982,54
"578676",2011-11-24 19:07:00.000,16016,18
"566738",2011-09-14 14:28:00.000,14110,36
"565471",2011-09-05 10:12:00.000,13931,34
"564172",2011-08-23 14:19:00.000,16033,18
"565677",2011-09-06 10:04:00.000,15521,9
"580103",2011-12-01 15:12:00.000,16242,34
"577869",2011-11-22 11:34:00.000,13268,36
"568199",2011-09-25 14:53:00.000,17315,18
"559818",2011-07-12 16:37:00.000,13408,18
"548242",2011-03-30 10:34:00.000,16218,18
"561857",2011-07-29 16:24:00.000,13004,55
"578108",2011-11-23 09:20:00.000,14912,36
"549241",2011-04-07 11:40:00.000,15719,9
C571009,2011-10-13 12:12:00.000,12612,59
"563940",2011-08-22 09:30:00.000,17416,56
"556038",2011-06-08 12:38:00.000,13184,56
C581464,2011-12-08 18:57:00.000,15951,18
"569571",2011-10-05 10:09:00.000,16684,52
"540511",2011-01-09 11:34:00.000,14472,18
"545590",2011-03-04 10:24:00.000,15220,52
"562343",2011-08-04 12:13:00.000,17381,35
"567429",2011-09-20 11:39:00.000,17686,56
"579503",2011-11-29 16:23:00.000,17097,18
"558738",2011-07-01 15:35:00.000,12922,34
"542390",2011-01-27 14:48:00.000,16814,54
"541010",2011-01-13 11:05:00.000,14114,56
"573873",2011-11-01 12:39:00.000,17346,59
"559828",2011-07-13 09:44:00.000,16998,34
"540115",2011-01-05 09:51:00.000,15235,56
"580114",2011-12-01 16:05:00.000,14299,55
"577228",2011-11-18 12:07:00.000,12391,36
"558908",2011-07-05 09:06:00.000,13338,54
"567904",2011-09-22 16:34:00.000,12609,18
"552973",2011-05-12 13:53:00.000,16186,55
"548178",2011-03-29 14:35:00.000,14367,18
"564484",2011-08-25 13:46:00.000,13634,59
"579837",2011-11-30 16:18:00.000,12882,60
"571510",2011-10-17 15:37:00.000,18241,53
"571187",2011-10-14 11:39:00.000,12380,36
"554937",2011-05-27 13:32:00.000,15402,34
"573632",2011-10-31 15:36:00.000,15329,36
"557614",2011-06-21 13:22:00.000,16394,36
C566820,2011-09-15 11:30:00.000,17214,60
"570678",2011-10-11 15:12:00.000,15199,56
C565215,2011-09-01 17:22:00.000,16474,9
"552965",2011-05-12 13:10:00.000,13477,55
"559330",2011-07-07 15:44:00.000,17696,18
"580965",2011-12-06 14:52:00.000,12417,9
"567192",2011-09-19 09:20:00.000,17961,18
"563890",2011-08-19 16:34:00.000,15862,53
"565247",2011-09-02 10:31:00.000,15864,55
"556040",2011-06-08 12:42:00.000,14622,18
"560715",2011-07-20 13:21:00.000,13549,34
"560534",2011-07-19 12:10:00.000,14911,35
"540183",2011-01-05 13:37:00.000,15093,52
"559685",2011-07-11 15:22:00.000,12599,54
"558295",2011-06-28 10:38:00.000,14481,59
"572655",2011-10-25 12:20:00.000,16708,9
"564637",2011-08-26 12:49:00.000,16641,52
"552418",2011-05-09 12:42:00.000,13971,52
"569101",2011-09-30 12:24:00.000,14164,55
"546509",2011-03-14 12:15:00.000,14911,60
"564056",2011-08-22 14:13:00.000,14387,34
"575390",2011-11-09 15:31:00.000,12971,18
"578373",2011-11-24 11:19:00.000,17451,53
"558198",2011-06-27 12:49:00.000,14104,33
"545300",2011-03-01 12:24:00.000,15092,56
"578072",2011-11-22 16:02:00.000,17759,54
"559121",2011-07-06 12:18:00.000,13599,18
"551527",2011-05-01 12:41:00.000,14395,59
"538002",2010-12-09 11:48:00.000,14932,33
"579185",2011-11-28 15:28:00.000,13188,35
"568333",2011-09-26 14:48:00.000,15344,54
"556246",2011-06-09 16:16:00.000,16113,53
"553505",2011-05-17 13:27:00.000,12949,9
"552833",2011-05-11 14:14:00.000,18133,53
"551870",2011-05-04 16:51:00.000,17811,9
"539240",2010-12-16 13:15:00.000,15194,60
"566203",2011-09-09 14:47:00.000,16362,52
"536842",2010-12-02 18:45:00.000,17552,52
"570421",2011-10-10 13:34:00.000,13980,18
C539945,2010-12-23 11:40:00.000,17069,59
"577079",2011-11-17 15:22:00.000,14416,18
"541675",2011-01-20 13:49:00.000,12402,53
C543632,2011-02-10 16:22:00.000,14842,33
"543747",2011-02-11 13:53:00.000,13672,18
C572115,2011-10-20 19:16:00.000,16394,59
"572075",2011-10-20 13:55:00.000,16846,18
"572751",2011-10-25 17:21:00.000,17449,18
C541231,2011-01-14 16:55:00.000,13455,56
"568698",2011-09-28 14:57:00.000,14911,60
"572219",2011-10-21 13:17:00.000,17463,53
"556724",2011-06-14 11:26:00.000,16745,36
"561394",2011-07-27 10:10:00.000,17315,36
"574352",2011-11-04 10:38:00.000,18102,9
"562205",2011-08-03 12:55:00.000,18055,52
"543001",2011-02-02 12:26:00.000,14127,34
"551977",2011-05-05 13:34:00.000,15061,36
"558911",2011-07-05 09:23:00.000,14189,53
"544176",2011-02-16 14:18:00.000,18219,18
"549885",2011-04-12 15:32:00.000,17204,35
"557287",2011-06-19 12:47:00.000,18109,9
"563532",2011-08-17 11:04:00.000,17511,36
"556283",2011-06-10 08:50:00.000,15628,33
"553214",2011-05-16 09:49:00.000,13408,9
"548561",2011-04-01 10:11:00.000,16609,59
C556888,2011-06-15 12:37:00.000,15005,33
"564188",2011-08-23 15:33:00.000,13140,59
"556271",2011-06-09 19:40:00.000,17483,52
"552817",2011-05-11 12:47:00.000,13136,9
"538382",2010-12-12 11:37:00.000,17218,36
"545306",2011-03-01 13:04:00.000,17027,59
"538167",2010-12-09 18:58:00.000,14713,34
"538557",2010-12-13 10:52:00.000,17790,52
"564328",2011-08-24 13:42:00.000,12662,59
"560862",2011-07-21 13:48:00.000,14085,59
"562616",2011-08-08 12:28:00.000,14748,33
"543604",2011-02-10 13:54:00.000,16558,59
"561474",2011-07-27 13:18:00.000,14680,35
"580280",2011-12-02 13:15:00.000,16133,54
C567440,2011-09-20 11:58:00.000,17841,33
"566848",2011-09-15 12:02:00.000,18172,53
"560885",2011-07-21 16:20:00.000,16188,9
"580297",2011-12-02 13:52:00.000,15769,56
"572336",2011-10-24 10:29:00.000,13523,54
"550834",2011-04-21 10:51:00.000,14730,35
"569141",2011-09-30 15:02:00.000,13021,18
"578268",2011-11-23 13:39:00.000,12748,59
"556968",2011-06-16 10:09:00.000,12980,9
"573891",2011-11-01 13:56:00.000,12682,9
"557477",2011-06-20 13:44:00.000,18223,35
"557285",2011-06-19 12:31:00.000,15046,9
"566708",2011-09-14 11:55:00.000,13078,56
"558704",2011-07-01 12:50:00.000,17505,18
"540858",2011-01-12 10:49:00.000,16359,53
C571838,2011-10-19 12:12:00.000,17841,35
"566400",2011-09-12 13:16:00.000,17139,54
C537798,2010-12-08 13:07:00.000,16553,18
"556139",2011-06-09 11:05:00.000,14231,34
"573119",2011-10-27 16:21:00.000,15498,59
"567973",2011-09-23 10:17:00.000,13994,36
"555843",2011-06-07 13:00:00.000,12584,56
"556797",2011-06-14 14:49:00.000,17101,56
C580171,2011-12-02 11:42:00.000,17949,59
"571546",2011-10-17 17:24:00.000,17920,56
"551171",2011-04-26 16:45:00.000,13263,34
"545400",2011-03-02 12:03:00.000,17048,59
"577074",2011-11-17 15:04:00.000,15399,33
"566555",2011-09-13 11:41:00.000,15216,53
"572130",2011-10-21 09:50:00.000,13460,56
C555014,2011-05-31 10:45:00.000,13113,54
"547063",2011-03-20 13:33:00.000,14769,33
"551955",2011-05-05 12:22:00.000,13199,36
"562720",2011-08-08 16:18:00.000,15033,52
"572225",2011-10-21 13:50:00.000,13157,33
"565117",2011-09-01 11:33:00.000,13089,35
"562649",2011-08-08 13:11:00.000,14606,33
"559466",2011-07-08 13:31:00.000,15679,9
"567966",2011-09-23 09:26:00.000,16782,56
"540939",2011-01-12 12:10:00.000,15061,18
"554981",2011-05-29 12:06:00.000,17613,9
"567299",2011-09-19 12:29:00.000,13524,59
"574752",2011-11-07 09:14:00.000,17164,52
"575969",2011-11-13 12:47:00.000,13571,18
"574889",2011-11-07 14:22:00.000,16353,59
"550522",2011-04-19 10:04:00.000,12947,35
"543833",2011-02-14 10:24:00.000,12476,59
"561224",2011-07-26 09:55:00.000,13629,36
"562532",2011-08-05 14:31:00.000,14083,18
"564742",2011-08-28 15:01:00.000,17346,55
"537238",2010-12-06 10:03:00.000,16161,53
"564377",2011-08-25 10:26:00.000,15263,60
"555012",2011-05-31 10:43:00.000,16814,60
"577021",2011-11-17 12:39:00.000,12931,56
"569133",2011-09-30 14:06:00.000,15185,52
"565404",2011-09-04 10:35:00.000,13434,54
C545773,2011-03-07 12:06:00.000,17139,60
"562670",2011-08-08 13:42:00.000,14911,55
"579182",2011-11-28 15:15:00.000,15601,36
"561196",2011-07-25 14:35:00.000,14342,56
"575137",2011-11-08 15:13:00.000,13090,34
"565146",2011-09-01 13:51:00.000,12415,54
"538689",2010-12-14 09:52:00.000,13050,9
"574283",2011-11-03 14:53:00.000,14856,60
C550664,2011-04-20 09:31:00.000,16923,52
"537863",2010-12-08 16:29:00.000,14030,52
C579172,2011-11-28 14:31:00.000,17811,52
C543307,2011-02-07 11:58:00.000,18118,59
"580314",2011-12-02 15:11:00.000,13969,18
"543015",2011-02-02 13:46:00.000,14188,59
C553030,2011-05-12 19:42:00.000,18142,18
C573034,2011-10-27 13:41:00.000,14227,36
"561633",2011-07-28 14:33:00.000,17949,60
"569520",2011-10-04 14:32:00.000,17667,35
C568581,2011-09-28 09:59:00.000,15804,9
"551268",2011-04-27 12:08:00.000,16965,18
"542641",2011-01-31 11:25:00.000,17314,52
"564434",2011-08-25 11:59:00.000,14687,52
"543126",2011-02-03 14:41:00.000,13581,35
"537399",2010-12-06 14:31:00.000,13030,56
"580672",2011-12-05 14:29:00.000,17920,53
"544065",2011-02-15 13:52:00.000,14346,34
"561808",2011-07-29 15:11:00.000,13534,18
"539075",2010-12-15 17:28:00.000,17189,33
"556667",2011-06-13 16:25:00.000,15838,33
"571265",2011-10-16 11:31:00.000,16674,59
"566186",2011-09-09 13:02:00.000,16603,54
"539831",2010-12-22 13:17:00.000,14606,18
"561607",2011-07-28 12:15:00.000,17389,9
"580689",2011-12-05 15:43:00.000,12994,59
"579281",2011-11-29 10:36:00.000,12375,53
"550805",2011-04-20 15:38:00.000,13162,9
"550955",2011-04-21 16:26:00.000,14189,53
"543108",2011-02-03 12:37:00.000,14085,34
"548619",2011-04-01 11:51:00.000,16592,9
"551550",2011-05-03 09:47:00.000,17501,33
"574349",2011-11-04 10:29:00.000,13495,56
C565077,2011-08-31 17:31:00.000,17451,52
"558098",2011-06-26 13:31:00.000,18044,59
"557331",2011-06-20 10:21:00.000,14291,52
C547806,2011-03-25 13:37:00.000,12528,59
"550057",2011-04-14 12:01:00.000,14606,60
"574170",2011-11-03 11:43:00.000,16221,52
"547571",2011-03-24 09:52:00.000,16265,18
"574531",2011-11-04 14:11:00.000,12748,36
"564049",2011-08-22 13:30:00.000,17585,35
"538996",2010-12-15 12:06:00.000,15465,54
"561393",2011-07-27 10:10:00.000,18241,35
C566966,2011-09-15 18:02:00.000,16362,34
"578787",2011-11-25 12:10:00.000,13589,9
"553926",2011-05-20 09:47:00.000,12955,34
"553625",2011-05-18 10:50:00.000,16684,56
"541576",2011-01-19 13:32:00.000,17097,34
"549234",2011-04-07 11:12:00.000,16515,60
"572442",2011-10-24 12:09:00.000,12546,55
"561883",2011-07-31 12:52:00.000,13388,56
"574038",2011-11-02 12:56:00.000,18164,18
"570257",2011-10-10 09:56:00.000,13767,18
"570020",2011-10-07 10:18:00.000,12684,53
"560441",2011-07-18 16:57:00.000,14029,18
"570672",2011-10-11 14:52:00.000,12536,34
"572922",2011-10-26 17:00:00.000,17895,52
"553055",2011-05-13 10:35:00.000,16618,35
"560553",2011-07-19 12:58:00.000,13991,54
"556258",2011-06-09 17:48:00.000,12694,33
"550827",2011-04-21 10:16:00.000,12670,33
"555938",2011-06-08 09:58:00.000,14257,52
"550835",2011-04-21 10:52:00.000,15034,52
"542409",2011-01-27 16:30:00.000,15311,52
"559356",2011-07-07 18:29:00.000,15416,35
"562370",2011-08-04 14:20:00.000,12626,34
"557056",2011-06-16 14:46:00.000,12621,9
"575298",2011-11-09 12:29:00.000,17841,59
"542609",2011-01-30 14:03:00.000,13161,34
"574555",2011-11-04 15:29:00.000,16426,9
"575629",2011-11-10 13:34:00.000,12599,18
"536834",2010-12-02 17:51:00.000,14576,53
"546378",2011-03-11 12:17:00.000,14329,35
"556740",2011-06-14 12:06:00.000,17346,60
"547340",2011-03-22 11:53:00.000,14875,55
"572458",2011-10-24 12:51:00.000,15142,34
"569002",2011-09-29 17:53:00.000,17572,59
"551350",2011-04-28 10:15:00.000,16672,18
"548529",2011-03-31 16:56:00.000,18223,9
"568332",2011-09-26 14:30:00.000,13434,36
"577778",2011-11-21 16:10:00.000,16549,54
"556504",2011-06-13 08:47:00.000,13936,36
"539036",2010-12-15 14:35:00.000,14913,52
"536582",2010-12-01 16:21:00.000,12947,18
C540386,2011-01-06 17:57:00.000,12417,53
"559948",2011-07-14 10:41:00.000,12653,33
"574247",2011-11-03 12:56:00.000,13168,59
"541138",2011-01-14 10:42:00.000,12553,18
"556018",2011-06-08 11:57:00.000,15382,33
"562542",2011-08-05 15:40:00.000,17377,33
"556219",2011-06-09 14:19:00.000,17731,52
"568325",2011-09-26 13:57:00.000,14667,33
"578830",2011-11-25 14:58:00.000,15186,33
"557676",2011-06-22 10:28:00.000,15804,33
"576371",2011-11-15 08:07:00.000,14911,60
C550463,2011-04-18 13:28:00.000,13157,34
C544038,2011-02-15 11:32:00.000,14659,59
"544833",2011-02-24 10:10:00.000,15974,35
"559898",2011-07-13 12:18:00.000,16225,60
"578032",2011-11-22 13:41:00.000,16633,59
"554037",2011-05-20 14:13:00.000,12415,56
C550962,2011-04-21 16:42:00.000,14834,18
"538057",2010-12-09 13:38:00.000,13102,18
C572478,2011-10-24 13:39:00.000,13098,33
"579433",2011-11-29 13:15:00.000,17466,59
"550649",2011-04-19 16:37:00.000,13134,53
"562133",2011-08-03 09:47:00.000,16419,35
"577325",2011-11-18 14:07:00.000,13094,36
"546035",2011-03-09 09:50:00.000,12924,52
"578548",2011-11-24 15:02:00.000,17345,59
"548335",2011-03-30 13:57:00.000,14272,33
C552334,2011-05-09 11:24:00.000,12853,33
C570727,2011-10-12 11:32:00.000,12471,60
"555477",2011-06-03 12:26:00.000,12359,33
"577772",2011-11-21 15:53:00.000,18139,53
"561111",2011-07-25 11:49:00.000,16422,52
"560098",2011-07-14 17:44:00.000,16907,9
"563103",2011-08-12 10:08:00.000,13873,35
"539572",2010-12-20 12:14:00.000,14113,53
"575256",2011-11-09 11:58:00.000,13408,18
"569631",2011-10-05 11:53:00.000,13483,60
"563198",2011-08-14 10:38:00.000,15270,33
"574711",2011-11-06 14:20:00.000,14517,54
"565434",2011-09-04 13:35:00.000,12867,18
"580980",2011-12-06 15:43:00.000,17730,18
C547661,2011-03-24 13:09:00.000,13736,18
"557855",2011-06-23 11:46:00.000,16806,60
"549735",2011-04-12 08:42:00.000,13824,18
"576890",2011-11-16 17:25:00.000,12662,60
"569848",2011-10-06 13:48:00.000,16316,52
C545848,2011-03-07 13:41:00.000,17672,35
"573093",2011-10-27 14:38:00.000,18283,36
C574137,2011-11-03 11:21:00.000,14505,34
"565405",2011-09-04 10:51:00.000,14211,34
"568780",2011-09-29 08:27:00.000,18235,52
C560559,2011-07-19 13:24:00.000,16145,36
"577542",2011-11-20 14:33:00.000,13565,60
"566601",2011-09-13 15:57:00.000,16469,18
"567853",2011-09-22 13:31:00.000,15484,53
"544312",2011-02-17 14:26:00.000,17841,60
"551652",2011-05-03 12:03:00.000,12643,36
"540180",2011-01-05 13:05:00.000,15984,9
"579152",2011-11-28 13:26:00.000,12479,60
"558621",2011-06-30 16:43:00.000,13745,54
"560642",2011-07-20 11:07:00.000,17866,9
"552873",2011-05-12 09:11:00.000,16985,33
"557869",2011-06-23 12:21:00.000,17961,52
"551957",2011-05-05 12:24:00.000,16949,59
"538342",2010-12-10 14:04:00.000,15514,9
"577742",2011-11-21 13:41:00.000,13755,54
C556117,2011-06-09 09:44:00.000,12802,35
C546730,2011-03-16 11:39:00.000,18183,9
"578027",2011-11-22 13:29:00.000,15977,56
"573501",2011-10-31 12:02:00.000,18055,60
"580960",2011-12-06 14:35:00.000,16016,52
"559807",2011-07-12 14:48:00.000,17841,9
"541228",2011-01-14 16:29:00.000,15290,18
"543447",2011-02-08 12:01:00.000,16265,36
"573865",2011-11-01 12:00:00.000,15311,36
"543193",2011-02-04 12:18:00.000,13725,56
C544413,2011-02-18 14:36:00.000,14760,9
"557407",2011-06-20 11:33:00.000,14701,9
"573353",2011-10-30 12:39:00.000,16115,53
"577501",2011-11-20 12:32:00.000,14075,53
C576397,2011-11-15 10:48:00.000,13081,55
C543663,2011-02-11 10:50:00.000,18118,55
"577135",2011-11-18 08:56:00.000,12427,35
"538663",2010-12-13 15:45:00.000,15159,34
"545661",2011-03-04 14:41:00.000,15358,18
"561284",2011-07-26 12:24:00.000,16818,55
C574522,2011-11-04 13:51:00.000,14292,53
"556222",2011-06-09 14:23:00.000,17522,9
"568803",2011-09-29 10:50:00.000,15030,9
C554361,2011-05-24 10:15:00.000,17811,53
"574686",2011-11-06 13:00:00.000,17608,54
"577830",2011-11-22 10:12:00.000,15187,53
"541003",2011-01-13 10:35:00.000,15835,35
"568241",2011-09-26 12:10:00.000,15218,36
"546995",2011-03-18 13:25:00.000,14041,34
"574469",2011-11-04 11:55:00.000,12431,35
"566233",2011-09-11 11:04:00.000,12635,54
"557630",2011-06-21 14:53:00.000,13178,59
"540543",2011-01-09 15:23:00.000,14395,56
"563843",2011-08-19 14:02:00.000,17811,54
"557632",2011-06-21 15:07:00.000,17420,34
"557485",2011-06-20 14:38:00.000,15769,52
"554818",2011-05-26 14:09:00.000,13199,53
"548507",2011-03-31 14:47:00.000,13573,9
"554307",2011-05-23 14:59:00.000,12989,59
"578802",2011-11-25 12:52:00.000,17468,59
C538112,2010-12-09 15:28:00.000,14898,35
"552357",2011-05-09 12:16:00.000,18219,54
"573289",2011-10-28 14:44:00.000,12705,35
"538967",2010-12-15 11:32:00.000,13495,55
"547579",2011-03-24 10:40:00.000,13089,36
"578808",2011-11-25 13:23:00.000,16327,60
"571941",2011-10-20 10:04:00.000,14261,35
C576235,2011-11-14 13:28:00.000,17769,35
"572332",2011-10-24 10:20:00.000,17186,56
"557114",2011-06-16 16:43:00.000,13951,55
"549914",2011-04-13 09:32:00.000,14931,59
C578124,2011-11-23 10:30:00.000,14049,34
"572353",2011-10-24 11:40:00.000,15215,55
"568713",2011-09-28 16:04:00.000,13061,59
"579555",2011-11-30 11:08:00.000,16241,33
C568579,2011-09-28 09:45:00.000,14934,33
"536783",2010-12-02 15:19:00.000,15061,36
"547514",2011-03-23 14:00:00.000,17486,59
C573760,2011-11-01 09:52:00.000,16648,54
"574227",2011-11-03 12:18:00.000,16992,54
"539837",2010-12-22 13:48:00.000,14532,59
"547965",2011-03-28 15:47:00.000,15809,34
"539050",2010-12-15 16:21:00.000,12577,59
"538994",2010-12-15 12:05:00.000,17525,18
C553536,2011-05-17 15:24:00.000,14051,53
"580125",2011-12-01 17:16:00.000,13089,35
"578686",2011-11-25 09:18:00.000,13050,60
"538528",2010-12-13 09:57:00.000,15689,53
"563028",2011-08-11 14:16:00.000,17629,59
"552828",2011-05-11 13:23:00.000,13662,55
"538403",2010-12-12 11:46:00.000,17211,9
C574261,2011-11-03 14:00:00.000,12683,36
"547886",2011-03-28 09:21:00.000,13652,36
"576249",2011-11-14 13:47:00.000,17811,60
"555580",2011-06-05 16:05:00.000,13983,36
"564143",2011-08-23 11:51:00.000,16814,36
"537057",2010-12-05 11:49:00.000,15351,56
"572286",2011-10-23 12:18:00.000,16434,33
"579151",2011-11-28 13:25:00.000,13408,35
"574678",2011-11-06 12:36:00.000,13365,59
"539353",2010-12-17 11:30:00.000,12782,59
"541432",2011-01-18 10:15:00.000,12748,54
"562609",2011-08-08 11:55:00.000,17331,52
"573368",2011-10-30 13:18:00.000,14507,56
C545511,2011-03-03 11:57:00.000,18198,60
C542637,2011-01-31 10:44:00.000,14688,18
C574946,2011-11-08 08:55:00.000,12656,9
C576363,2011-11-14 17:23:00.000,14794,56
"546757",2011-03-16 13:44:00.000,15381,9
"548489",2011-03-31 13:10:00.000,12619,35
"558442",2011-06-29 13:10:00.000,15537,9
"563657",2011-08-18 10:49:00.000,15615,33
"561106",2011-07-25 11:37:00.000,14246,36
"575183",2011-11-09 08:36:00.000,13046,34
C558969,2011-07-05 11:01:00.000,16729,52
C580649,2011-12-05 13:20:00.000,14777,60
C544561,2011-02-21 12:44:00.000,15687,60
"538311",2010-12-10 13:48:00.000,12785,54
"576201",2011-11-14 12:18:00.000,14606,56
"581266",2011-12-08 11:25:00.000,12621,34
"539335",2010-12-17 10:32:00.000,15291,54
"562032",2011-08-02 08:48:00.000,12347,33
"543037",2011-02-02 16:01:00.000,12350,60
"576635",2011-11-16 09:32:00.000,15269,9
"558183",2011-06-27 12:13:00.000,15996,55
"563567",2011-08-17 14:44:00.000,13004,60
"547939",2011-03-28 14:42:00.000,15611,33
"559656",2011-07-11 12:57:00.000,13675,36
C557874,2011-06-23 13:05:00.000,14911,9
"580058",2011-12-01 13:19:00.000,14367,60
"576611",2011-11-15 16:29:00.000,17357,53
"546926",2011-03-18 10:11:00.000,17857,55
"561599",2011-07-28 11:29:00.000,12853,54
"566284",2011-09-11 14:49:00.000,14825,59
"572092",2011-10-20 14:41:00.000,17125,60
"546580",2011-03-15 11:09:00.000,14911,35
"570222",2011-10-09 12:59:00.000,13113,53
"556253",2011-06-09 16:55:00.000,17652,52
"539143",2010-12-16 11:35:00.000,14849,36
"549971",2011-04-13 14:25:00.000,13408,36
"539471",2010-12-19 14:16:00.000,17358,52
"567910",2011-09-22 16:58:00.000,12437,53
C540380,2011-01-06 17:36:00.000,16094,35
"560875",2011-07-21 15:12:00.000,13562,53
"565133",2011-09-01 12:46:00.000,13458,54
C552720,2011-05-11 09:49:00.000,18272,36
"540399",2011-01-07 09:23:00.000,14047,34
"565249",2011-09-02 10:38:00.000,18027,60
C547808,2011-03-25 13:42:00.000,13014,56
"581452",2011-12-08 18:03:00.000,17675,59
"575710",2011-11-10 17:29:00.000,17901,53
"539864",2010-12-23 09:55:00.000,15562,54
"573922",2011-11-02 09:22:00.000,14032,60
C566071,2011-09-08 17:56:00.000,17997,9
"552313",2011-05-08 16:03:00.000,13139,36
"552557",2011-05-10 11:31:00.000,16696,56
"562155",2011-08-03 11:24:00.000,17940,60
"570184",2011-10-07 14:46:00.000,14029,18
C568232,2011-09-26 11:27:00.000,14808,33
"537312",2010-12-06 11:42:00.000,14189,35
"540027",2011-01-04 13:30:00.000,14210,60
"571054",2011-10-13 13:58:00.000,14234,60
"557951",2011-06-23 17:53:00.000,14825,60
"579684",2011-11-30 13:45:00.000,14618,36
"548501",2011-03-31 13:50:00.000,15894,59
"549681",2011-04-11 13:19:00.000,13881,9
"567851",2011-09-22 13:20:00.000,15067,55
"545916",2011-03-08 11:46:00.000,12528,55
"552972",2011-05-12 13:43:00.000,16043,9
"578785",2011-11-25 12:01:00.000,13525,55
"545413",2011-03-02 12:24:00.000,15061,36
"549222",2011-04-07 10:43:00.000,12347,33
"556465",2011-06-12 11:04:00.000,14984,56
"553585",2011-05-18 10:41:00.000,15301,18
C564131,2011-08-23 10:55:00.000,14407,53
C564854,2011-08-31 08:56:00.000,17865,56
C561012,2011-07-22 16:11:00.000,13098,35
"545815",2011-03-07 12:26:00.000,14012,60
"537050",2010-12-05 11:10:00.000,14800,34
"540475",2011-01-07 14:43:00.000,15311,35
"540029",2011-01-04 13:47:00.000,16029,53
"542005",2011-01-25 11:18:00.000,14409,52
"538895",2010-12-15 09:07:00.000,14401,54
"538991",2010-12-15 11:53:00.000,17511,54
"574688",2011-11-06 13:06:00.000,17608,59
"571445",2011-10-17 13:44:00.000,12463,54
"544572",2011-02-21 13:21:00.000,14639,36
"549318",2011-04-08 10:01:00.000,13911,56
"554281",2011-05-23 13:41:00.000,18160,59
C571045,2011-10-13 13:32:00.000,15606,36
"539459",2010-12-17 17:33:00.000,12839,35
"538800",2010-12-14 11:51:00.000,16458,56
"563361",2011-08-15 15:17:00.000,15315,33
"544037",2011-02-15 11:31:00.000,14961,52
"571506",2011-10-17 15:22:00.000,15355,60
"568394",2011-09-27 10:20:00.000,13314,35
"536380",2010-12-01 09:41:00.000,17809,18
"580704",2011-12-05 16:26:00.000,17404,52
"577337",2011-11-18 14:51:00.000,15494,35
"572474",2011-10-24 13:36:00.000,17423,35
"539496",2010-12-20 10:38:00.000,13050,59
"580048",2011-12-01 12:53:00.000,12748,52
"561050",2011-07-24 13:06:00.000,16558,18
"576933",2011-11-17 11:29:00.000,15529,56
C570099,2011-10-07 12:11:00.000,13798,60
"570598",2011-10-11 11:55:00.000,14175,33
"546090",2011-03-09 11:48:00.000,16525,18
"540794",2011-01-11 11:54:00.000,16034,33
"571238",2011-10-14 14:44:00.000,14290,53
"557611",2011-06-21 12:35:00.000,17695,18
"542610",2011-01-30 14:05:00.000,13148,36
"543098",2011-02-03 11:49:00.000,13102,35
"571653",2011-10-18 12:17:00.000,14298,36
"560821",2011-07-21 11:17:00.000,17848,59
"561008",2011-07-22 15:43:00.000,18150,35
"555095",2011-05-31 13:32:00.000,12540,59
C556869,2011-06-15 11:46:00.000,13199,56
"555420",2011-06-03 10:29:00.000,13458,35
"548629",2011-04-01 12:21:00.000,16333,33
"571216",2011-10-14 13:06:00.000,16081,53
"567287",2011-09-19 11:49:00.000,18232,56
"559002",2011-07-05 12:18:00.000,12971,35
C542645,2011-01-31 11:37:00.000,14180,33
"579872",2011-11-30 16:54:00.000,14085,9
"571694",2011-10-18 14:44:00.000,13308,33
"561595",2011-07-28 11:22:00.000,12853,55
"536398",2010-12-01 10:52:00.000,13448,33
"562148",2011-08-03 10:49:00.000,13695,54
"554074",2011-05-22 11:28:00.000,13230,33
"548006",2011-03-29 10:50:00.000,18226,53
"540415",2011-01-07 10:47:00.000,16889,52
"568883",2011-09-29 12:43:00.000,18198,52
"577301",2011-11-18 12:53:00.000,12498,53
"577028",2011-11-17 12:59:00.000,17080,34
"557523",2011-06-21 08:27:00.000,12971,34
"562576",2011-08-07 13:08:00.000,15518,53
C562561,2011-08-05 17:13:00.000,16729,59
"538420",2010-12-12 12:03:00.000,12875,34
"572560",2011-10-25 08:45:00.000,12476,60
C549987,2011-04-13 16:06:00.000,14367,33
"555242",2011-06-01 13:40:00.000,16424,35
"579867",2011-11-30 16:41:00.000,16265,9
"537243",2010-12-06 10:19:00.000,16638,34
"536813",2010-12-02 16:59:00.000,15646,54
"565206",2011-09-01 16:46:00.000,12971,18
"560228",2011-07-15 17:29:00.000,17750,18
"559018",2011-07-05 13:07:00.000,18203,56
"568729",2011-09-28 16:45:00.000,16909,53
"557898",2011-06-23 14:35:00.000,17314,18
"557514",2011-06-20 16:58:00.000,14667,35
"538597",2010-12-13 12:26:00.000,15555,33
C575749,2011-11-11 10:24:00.000,12856,33
"541293",2011-01-17 13:39:00.000,15311,54
C551670,2011-05-03 12:38:00.000,15898,56
"578243",2011-11-23 12:33:00.000,13448,59
"573866",2011-11-01 12:06:00.000,17495,18
"573780",2011-11-01 11:12:00.000,17503,36
"557150",2011-06-17 11:02:00.000,15555,56
"544824",2011-02-24 09:32:00.000,17139,55
"538903",2010-12-15 10:17:00.000,13496,53
"564816",2011-08-30 12:00:00.000,14901,60
"536574",2010-12-01 15:46:00.000,17025,55
"580903",2011-12-06 12:56:00.000,14606,54
C569973,2011-10-06 19:23:00.000,12703,35
"575128",2011-11-08 14:27:00.000,16837,60
"578370",2011-11-24 11:11:00.000,17346,55
"558710",2011-07-01 13:04:00.000,15483,36
"576191",2011-11-14 11:54:00.000,17377,9
"570865",2011-10-12 15:42:00.000,16945,34
"547086",2011-03-20 15:46:00.000,12428,55
"542612",2011-01-30 14:19:00.000,17841,9
"563658",2011-08-18 10:57:00.000,15505,34
"579164",2011-11-28 14:00:00.000,15838,54
"567922",2011-09-22 17:24:00.000,13279,59
C550482,2011-04-18 14:12:00.000,17204,52
"568137",2011-09-25 10:34:00.000,12488,9
"563771",2011-08-19 11:17:00.000,17841,55
"555396",2011-06-02 17:23:00.000,16529,18
"546636",2011-03-15 12:19:00.000,14534,9
"577072",2011-11-17 15:02:00.000,15089,18
"575673",2011-11-10 15:04:00.000,14863,52
"554674",2011-05-25 16:01:00.000,14522,55
"544129",2011-02-16 11:54:00.000,13199,52
"542217",2011-01-26 12:35:00.000,14606,36
C557661,2011-06-21 17:44:00.000,13936,36
"540697",2011-01-11 09:20:00.000,16670,55
"537424",2010-12-06 15:35:00.000,15602,18
"543588",2011-02-10 11:40:00.000,17381,56
"570281",2011-10-10 11:14:00.000,17949,53
"549845",2011-04-12 14:22:00.000,16729,60
"559023",2011-07-05 13:19:00.000,18142,52
C547711,2011-03-24 19:31:00.000,13534,35
"572911",2011-10-26 16:03:00.000,16345,34
"540275",2011-01-06 12:11:00.000,13680,18
"566274",2011-09-11 13:58:00.000,13884,18
"574869",2011-11-07 12:44:00.000,12708,18
"553946",2011-05-20 10:48:00.000,15601,54
"544339",2011-02-18 09:04:00.000,15228,54
"575623",2011-11-10 13:14:00.000,14064,54
"549567",2011-04-10 15:07:00.000,13632,56
"543802",2011-02-13 12:03:00.000,13742,53
"556042",2011-06-08 12:44:00.000,14367,54
"577160",2011-11-18 10:05:00.000,16134,33
"540691",2011-01-11 08:50:00.000,17450,9
"560727",2011-07-20 14:33:00.000,13571,18
"549838",2011-04-12 13:39:00.000,16705,56
"562727",2011-08-09 09:26:00.000,15601,18
"555546",2011-06-05 13:09:00.000,17735,34
"559557",2011-07-11 10:33:00.000,17444,53
C556938,2011-06-15 16:15:00.000,15625,52
"561874",2011-07-31 12:02:00.000,16255,54
"569481",2011-10-04 12:43:00.000,15255,18
"556487",2011-06-12 13:51:00.000,17289,59
"544467",2011-02-20 15:51:00.000,14502,52
C557269,2011-06-19 11:27:00.000,13097,35
"566597",2011-09-13 15:23:00.000,14194,9
"570733",2011-10-12 11:33:00.000,17190,54
"536577",2010-12-01 16:13:00.000,13777,60
"559006",2011-07-05 12:41:00.000,14905,55
"539498",2010-12-20 10:48:00.000,15279,59
"571188",2011-10-14 11:42:00.000,12783,60
"547055",2011-03-20 12:14:00.000,16444,53
"553499",2011-05-17 12:57:00.000,17504,36
"573195",2011-10-28 11:40:00.000,12432,18
"579556",2011-11-30 11:17:00.000,17835,33
"554146",2011-05-23 10:45:00.000,13479,33
"544209",2011-02-17 10:51:00.000,16235,59
"578231",2011-11-23 12:05:00.000,14527,52
"539009",2010-12-15 13:24:00.000,13221,59
"580631",2011-12-05 12:13:00.000,16682,36
"542796",2011-02-01 11:07:00.000,17356,18
"579402",2011-11-29 12:14:00.000,17306,60
"578921",2011-11-27 11:57:00.000,13596,56
"572671",2011-10-25 13:14:00.000,13340,9
"561070",2011-07-24 15:23:00.000,16782,52
"544646",2011-02-22 12:06:00.000,17075,54
"543900",2011-02-14 12:11:00.000,12621,36
"567175",2011-09-18 13:38:00.000,13067,59
"576239",2011-11-14 13:33:00.000,15694,35
"543130",2011-02-03 15:17:00.000,16997,55
"570252",2011-10-10 09:14:00.000,14665,54
C538971,2010-12-15 11:39:00.000,12865,33
"557039",2011-06-16 13:57:00.000,16814,52
"575707",2011-11-10 17:16:00.000,12538,59
"547815",2011-03-25 14:19:00.000,13520,35
C538904,2010-12-15 10:29:00.000,18168,35
C538813,2010-12-14 12:27:00.000,14606,53
"543181",2011-02-04 10:39:00.000,12410,34
"556469",2011-06-12 11:37:00.000,12516,9
"572051",2011-10-20 12:24:00.000,14646,35
"549153",2011-04-06 15:47:00.000,13771,9
"569108",2011-09-30 12:40:00.000,16013,53
"536593",2010-12-01 17:15:00.000,16835,53
"568652",2011-09-28 12:15:00.000,15841,36
"548452",2011-03-31 11:37:00.000,13060,55
"575352",2011-11-09 14:56:00.000,12504,55
"579962",2011-12-01 11:12:00.000,14243,33
"539218",2010-12-16 12:48:00.000,15574,55
"578351",2011-11-24 09:59:00.000,14987,52
"551198",2011-04-27 11:26:00.000,13694,18
"552172",2011-05-06 13:03:00.000,16308,59
"557119",2011-06-16 17:08:00.000,17416,9
"552551",2011-05-10 10:45:00.000,15433,36
"580387",2011-12-04 10:29:00.000,18065,36
"543602",2011-02-10 13:34:00.000,15570,33
"559359",2011-07-07 19:18:00.000,14702,55
C557647,2011-06-21 17:13:00.000,17139,55
"571670",2011-10-18 13:12:00.000,12611,54
"555854",2011-06-07 13:47:00.000,12748,53
"571278",2011-10-16 12:46:00.000,14780,60
"551055",2011-04-26 11:51:00.000,15903,53
C562559,2011-08-05 17:08:00.000,16743,9
"561472",2011-07-27 13:15:00.000,14911,55
C540006,2011-01-04 10:48:00.000,14606,33
"538890",2010-12-14 16:39:00.000,12867,60
"568393",2011-09-27 10:12:00.000,15754,60
"573135",2011-10-27 17:00:00.000,12952,18
"542791",2011-02-01 10:47:00.000,15039,53
C569547,2011-10-04 17:22:00.000,14834,59
"554097",2011-05-22 13:01:00.000,12567,60
"544663",2011-02-22 14:43:00.000,18188,18
"570769",2011-10-12 11:43:00.000,12664,35
C576108,2011-11-14 10:32:00.000,15113,34
"565399",2011-09-02 16:53:00.000,12748,56
"546433",2011-03-14 08:37:00.000,12778,34
"573749",2011-11-01 09:26:00.000,17389,18
"540672",2011-01-10 15:51:00.000,15281,18
"581450",2011-12-08 17:54:00.000,16794,9
"550343",2011-04-17 15:56:00.000,12971,56
"536551",2010-12-01 14:34:00.000,17346,18
"580108",2011-12-01 15:42:00.000,14440,60
"541525",2011-01-19 10:51:00.000,14090,54
"579980",2011-12-01 11:16:00.000,13263,18
"572103",2011-10-20 15:57:00.000,17571,34
C562915,2011-08-10 13:35:00.000,13388,9
"542103",2011-01-25 13:26:00.000,13198,18
"578120",2011-11-23 10:21:00.000,14493,34
"580513",2011-12-04 13:59:00.000,14456,53
C574999,2011-11-08 11:06:00.000,17289,34
"565491",2011-09-05 11:41:00.000,13881,18
"576562",2011-11-15 13:24:00.000,14522,9
"562416",2011-08-04 16:31:00.000,13969,60
"556474",2011-06-12 12:01:00.000,16007,53
"564652",2011-08-26 14:20:00.000,14646,52
"554832",2011-05-26 15:30:00.000,16092,59
"565320",2011-09-02 13:10:00.000,16745,35
C539866,2010-12-23 10:20:00.000,12427,54
C547859,2011-03-27 12:16:00.000,13725,53
"545719",2011-03-07 10:28:00.000,13344,59
"544673",2011-02-22 15:46:00.000,13421,56
"576301",2011-11-14 14:40:00.000,14667,34
"536843",2010-12-02 18:46:00.000,17552,55
"549294",2011-04-07 19:27:00.000,13230,54
"571434",2011-10-17 13:22:00.000,13069,55
"542542",2011-01-28 14:37:00.000,12431,60
"581416",2011-12-08 14:58:00.000,14569,52
"555110",2011-05-31 14:34:00.000,17841,18
"545062",2011-02-27 14:07:00.000,12748,33
"580104",2011-12-01 15:13:00.000,15189,54
"537648",2010-12-07 15:48:00.000,12839,54
"543673",2011-02-11 11:28:00.000,16013,52
"575675",2011-11-10 15:07:00.000,18283,54
C550969,2011-04-21 17:00:00.000,14152,56
"550768",2011-04-20 12:44:00.000,15039,36
"539044",2010-12-15 15:47:00.000,15727,60
"562374",2011-08-04 14:40:00.000,14911,9
C538531,2010-12-13 10:31:00.000,13715,54
"539490",2010-12-20 10:00:00.000,17069,34
"550906",2011-04-21 12:34:00.000,14298,33
"562528",2011-08-05 13:52:00.000,12610,35
C543290,2011-02-07 10:44:00.000,16686,55
"537212",2010-12-05 15:21:00.000,12720,33
C545452,2011-03-02 16:56:00.000,16422,60
C566953,2011-09-15 16:37:00.000,15804,35
C579748,2011-11-30 14:41:00.000,14875,60
"549740",2011-04-12 09:49:00.000,15981,52
"566303",2011-09-12 08:24:00.000,12997,18
"555728",2011-06-06 16:41:00.000,17252,55
"560635",2011-07-20 10:51:00.000,12521,36
"565668",2011-09-06 09:15:00.000,15291,55
"565149",2011-09-01 14:13:00.000,14414,60
"574340",2011-11-04 10:08:00.000,17377,54
"560033",2011-07-14 13:28:00.000,12388,54
"558260",2011-06-28 08:38:00.000,16945,33
"569860",2011-10-06 14:37:00.000,13812,52
"559942",2011-07-14 10:21:00.000,17396,55
"561208",2011-07-25 16:39:00.000,15372,54
"537694",2010-12-08 10:46:00.000,14901,35
"539660",2010-12-21 09:48:00.000,15581,56
"561643",2011-07-28 15:04:00.000,15939,54
"578129",2011-11-23 10:39:00.000,13502,55
"572061",2011-10-20 12:53:00.000,12474,18
"569662",2011-10-05 13:19:00.000,15244,59
"569696",2011-10-05 15:36:00.000,16843,53
"554629",2011-05-25 11:34:00.000,15882,54
"555127",2011-05-31 15:30:00.000,15241,9
C579929,2011-12-01 09:34:00.000,17828,60
"558467",2011-06-29 15:22:00.000,17757,9
"571404",2011-10-17 12:04:00.000,17520,56
"563404",2011-08-16 11:04:00.000,16303,35
"563710",2011-08-18 15:28:00.000,17742,53
"551401",2011-04-28 13:23:00.000,17874,56
"569494",2011-10-04 13:42:00.000,15739,18
C577753,2011-11-21 14:40:00.000,13756,34
"557218",2011-06-17 12:31:00.000,17426,18
"549186",2011-04-07 09:39:00.000,15838,54
"564863",2011-08-31 10:30:00.000,15491,53
"581174",2011-12-07 15:08:00.000,13769,9
"563911",2011-08-21 12:39:00.000,16265,55
C547856,2011-03-27 12:14:00.000,16256,52
"541977",2011-01-24 14:44:00.000,15078,18
C551316,2011-04-27 15:12:00.000,15220,56
"556047",2011-06-08 12:57:00.000,12901,56
"567936",2011-09-22 18:10:00.000,15194,35
"536672",2010-12-02 12:10:00.000,14491,34
"551986",2011-05-05 14:41:00.000,13888,9
C544451,2011-02-20 12:31:00.000,13097,56
"553838",2011-05-19 12:10:00.000,12620,9
"555200",2011-06-01 12:05:00.000,17315,18
"539030",2010-12-15 14:25:00.000,13089,36
"561705",2011-07-29 11:23:00.000,14735,35
"564379",2011-08-25 10:32:00.000,16779,55
"560449",2011-07-19 09:31:00.000,14732,56
"580317",2011-12-02 15:29:00.000,13458,55
C551335,2011-04-27 16:44:00.000,14198,56
C566181,2011-09-09 12:53:00.000,14243,9
"580170",2011-12-02 11:39:00.000,17949,53
"544686",2011-02-22 17:20:00.000,12748,34
"536373",2010-12-01 09:02:00.000,17850,53
"537768",2010-12-08 12:11:00.000,15750,35
C564908,2011-08-31 12:26:00.000,17705,53
"551820",2011-05-04 12:11:00.000,12645,55
"578857",2011-11-27 11:18:00.000,14859,18
"577529",2011-11-20 13:47:00.000,17523,59
"556725",2011-06-14 11:28:00.000,18102,54
"567525",2011-09-21 08:56:00.000,18241,52
"546437",2011-03-14 09:46:00.000,16807,53
"544192",2011-02-16 16:58:00.000,13089,34
"562565",2011-08-07 10:45:00.000,16206,55
"580746",2011-12-06 09:35:00.000,12584,18
"572661",2011-10-25 12:38:00.000,17193,9
"561692",2011-07-29 09:48:00.000,14143,35
"548916",2011-04-05 10:07:00.000,14849,18
C567955,2011-09-23 08:52:00.000,17428,60
"563236",2011-08-15 09:45:00.000,17252,36
"573893",2011-11-01 13:57:00.000,18270,59
"539639",2010-12-20 15:26:00.000,14083,35
"556726",2011-06-14 11:31:00.000,18102,59
"547703",2011-03-24 17:10:00.000,12540,18
"577317",2011-11-18 13:33:00.000,16426,60
"539993",2011-01-04 10:00:00.000,13313,33
"571053",2011-10-13 13:53:00.000,12631,53
C557062,2011-06-16 14:56:00.000,13213,55
"573398",2011-10-30 15:28:00.000,17373,9
"563168",2011-08-12 12:41:00.000,16045,55
"545466",2011-03-03 09:26:00.000,18102,55
C544425,2011-02-18 15:40:00.000,13078,56
"536405",2010-12-01 11:32:00.000,14045,55
"576867",2011-11-16 16:18:00.000,13012,59
"574491",2011-11-04 13:05:00.000,16318,55
"575574",2011-11-10 11:37:00.000,14606,35
"573890",2011-11-01 13:49:00.000,12748,9
"551035",2011-04-26 11:34:00.000,15065,56
"581481",2011-12-09 09:07:00.000,17490,56
"566261",2011-09-11 12:46:00.000,13372,54
"560387",2011-07-18 13:00:00.000,14667,54
C541235,2011-01-14 17:13:00.000,16670,35
"574481",2011-11-04 12:45:00.000,18022,59
"567487",2011-09-20 13:53:00.000,17340,55
"578069",2011-11-22 15:49:00.000,14329,9
C551737,2011-05-04 10:52:00.000,14606,56
"572238",2011-10-21 14:50:00.000,15819,18
"544826",2011-02-24 09:36:00.000,14513,60
"562349",2011-08-04 13:03:00.000,16915,36
"566014",2011-09-08 12:16:00.000,14688,34
C558439,2011-06-29 12:53:00.000,12584,55
C538711,2010-12-14 10:50:00.000,15468,33
"577669",2011-11-21 10:48:00.000,15567,60
"559323",2011-07-07 14:55:00.000,12971,54
"575693",2011-11-10 16:36:00.000,16979,36
"555403",2011-06-02 18:06:00.000,12676,52
"539716",2010-12-21 12:57:00.000,17990,52
"571121",2011-10-14 09:21:00.000,18228,59
"554380",2011-05-24 11:45:00.000,16709,52
C554793,2011-05-26 12:41:00.000,12901,35
C538357,2010-12-10 16:01:00.000,13798,54
"551145",2011-04-26 13:37:00.000,16168,55
"564558",2011-08-26 08:59:00.000,12704,59
"554158",2011-05-23 11:44:00.000,15563,53
"554997",2011-05-29 15:35:00.000,16746,54
"563906",2011-08-21 11:50:00.000,14246,34
"555413",2011-06-03 09:50:00.000,17994,52
"557297",2011-06-19 13:54:00.000,12421,33
"547252",2011-03-22 10:13:00.000,13900,53
"541711",2011-01-21 11:18:00.000,14646,18
"554007",2011-05-20 12:26:00.000,17961,60
"573360",2011-10-30 12:51:00.000,15748,34
"550631",2011-04-19 14:51:00.000,15225,36
"545034",2011-02-25 16:42:00.000,13493,60
"577338",2011-11-18 14:52:00.000,17650,52
"556470",2011-06-12 11:41:00.000,15291,53
"552975",2011-05-12 13:58:00.000,17932,59
"552521",2011-05-09 16:35:00.000,16668,52
"546123",2011-03-09 14:49:00.000,16419,33
"574692",2011-11-06 13:28:00.000,16771,35
"573196",2011-10-28 11:41:00.000,15028,56
C544318,2011-02-17 15:02:00.000,12989,52
C545677,2011-03-06 10:48:00.000,14543,18
"574046",2011-11-02 13:19:00.000,15743,52
"571655",2011-10-18 12:18:00.000,14688,60
"567199",2011-09-19 10:13:00.000,17058,60
"560276",2011-07-17 15:11:00.000,14606,56
"554966",2011-05-27 16:17:00.000,16034,35
"578923",2011-11-27 12:01:00.000,14527,54
"550913",2011-04-21 13:22:00.000,17631,35
"574549",2011-11-04 15:14:00.000,17841,59
"548942",2011-04-05 10:40:00.000,15938,54
"548896",2011-04-04 16:21:00.000,13767,53
"553063",2011-05-13 11:38:00.000,13018,34
"566062",2011-09-08 15:39:00.000,14522,55
C540307,2011-01-06 12:58:00.000,15823,52
"570215",2011-10-09 11:53:00.000,16066,56
"546412",2011-03-11 16:50:00.000,12748,54
"557125",2011-06-16 18:40:00.000,17450,56
"554125",2011-05-23 08:52:00.000,13885,55
"551989",2011-05-05 15:12:00.000,14423,52
"550145",2011-04-14 14:15:00.000,12637,53
"555573",2011-06-05 15:46:00.000,15349,18
C570962,2011-10-13 11:46:00.000,17509,36
"565154",2011-09-01 14:57:00.000,13470,53
C573759,2011-11-01 09:51:00.000,17193,53
"551555",2011-05-03 10:25:00.000,17315,59
"576318",2011-11-14 14:57:00.000,15058,60
"561679",2011-07-28 18:56:00.000,15245,18
"546999",2011-03-18 13:47:00.000,17133,52
"554031",2011-05-20 13:58:00.000,16497,55
C554693,2011-05-25 16:59:00.000,14292,9
"554949",2011-05-27 14:44:00.000,14092,53
"554701",2011-05-26 09:33:00.000,12974,36
"571107",2011-10-13 16:17:00.000,13858,55
"542277",2011-01-27 10:30:00.000,14440,18
"543586",2011-02-10 11:16:00.000,15809,34
"561320",2011-07-26 12:57:00.000,16942,53
"544591",2011-02-21 15:20:00.000,13044,56
"541220",2011-01-14 14:11:00.000,14156,56
"554855",2011-05-27 09:48:00.000,15172,33
C576375,2011-11-15 08:52:00.000,16878,54
"542152",2011-01-26 10:33:00.000,13534,54
"546540",2011-03-14 15:05:00.000,15061,56
"540460",2011-01-07 12:44:00.000,15607,36
"579528",2011-11-30 08:44:00.000,12787,9
C554867,2011-05-27 10:48:00.000,13050,35
"579669",2011-11-30 12:36:00.000,14673,55
C555341,2011-06-02 11:42:00.000,13004,34
"575939",2011-11-13 11:37:00.000,13004,35
C567956,2011-09-23 08:54:00.000,12895,52
"569225",2011-10-02 14:25:00.000,16930,9
"580725",2011-12-05 17:13:00.000,15932,18
C556436,2011-06-10 14:28:00.000,16358,54
C555837,2011-06-07 12:37:00.000,16092,35
"564815",2011-08-30 12:00:00.000,12748,59
"577555",2011-11-20 15:35:00.000,13200,53
C572410,2011-10-24 11:58:00.000,16742,55
"569026",2011-09-30 10:18:00.000,16101,52
"557782",2011-06-22 15:41:00.000,14640,36
"561807",2011-07-29 15:02:00.000,17491,54
"549926",2011-04-13 10:14:00.000,16333,34
"537229",2010-12-06 08:44:00.000,17677,36
"537461",2010-12-07 10:06:00.000,15649,53
"565238",2011-09-02 09:48:00.000,16945,35
"563201",2011-08-14 10:52:00.000,13838,9
C571860,2011-10-19 13:42:00.000,14175,54
"546479",2011-03-14 11:38:00.000,12682,59
"556533",2011-06-13 12:05:00.000,15625,53
"538905",2010-12-15 10:31:00.000,13611,33
C541418,2011-01-17 16:45:00.000,13883,53
"566010",2011-09-08 12:05:00.000,13700,36
"573280",2011-10-28 13:42:00.000,14221,18
"567297",2011-09-19 12:27:00.000,15594,34
"579540",2011-11-30 10:11:00.000,13658,59
"542353",2011-01-27 12:19:00.000,16700,60
"561385",2011-07-27 09:13:00.000,15660,53
"558534",2011-06-30 11:54:00.000,13988,18
"542893",2011-02-01 13:36:00.000,18202,53
"564962",2011-08-31 14:35:00.000,17777,53
C544558,2011-02-21 12:33:00.000,16073,9
"545585",2011-03-04 09:32:00.000,12541,54
"573996",2011-11-02 11:37:00.000,16747,9
"569742",2011-10-06 10:53:00.000,16478,52
"565465",2011-09-05 09:46:00.000,15364,55
"581574",2011-12-09 12:09:00.000,12526,35
"542690",2011-01-31 12:33:00.000,14298,60
"537841",2010-12-08 15:10:00.000,13848,18
"566044",2011-09-08 13:55:00.000,13769,33
"549182",2011-04-07 09:12:00.000,15646,36
"536735",2010-12-02 12:58:00.000,17381,54
"546275",2011-03-10 15:06:00.000,13126,52
C540793,2011-01-11 11:53:00.000,14295,36
"554117",2011-05-22 15:12:00.000,13758,9
"545341",2011-03-02 09:03:00.000,17949,55
"555545",2011-06-05 13:08:00.000,17735,33
"568550",2011-09-27 14:58:00.000,14883,56
"551875",2011-05-05 08:16:00.000,17061,54
"549562",2011-04-10 13:48:00.000,13232,53
"538199",2010-12-10 11:02:00.000,14082,35
"558713",2011-07-01 13:07:00.000,15483,56
"564976",2011-08-31 15:49:00.000,17315,52
"536378",2010-12-01 09:37:00.000,14688,54
C565848,2011-09-07 12:48:00.000,14606,53
"545430",2011-03-02 14:50:00.000,15636,59
"551414",2011-04-28 13:35:00.000,15622,34
"574509",2011-11-04 13:25:00.000,16012,53
"555855",2011-06-07 13:56:00.000,15311,55
"547020",2011-03-18 15:42:00.000,17017,54
C556911,2011-06-15 13:25:00.000,17511,53
"538668",2010-12-13 16:17:00.000,13211,34
"573263",2011-10-28 12:34:00.000,13694,9
"568670",2011-09-28 13:07:00.000,14978,60
"559661",2011-07-11 13:22:00.000,18061,52
"573511",2011-10-31 12:25:00.000,12347,52
"555385",2011-06-02 15:22:00.000,15658,33
C566458,2011-09-12 17:11:00.000,16191,35
"576656",2011-11-16 10:57:00.000,15687,9
"571622",2011-10-18 10:58:00.000,14798,33
"542895",2011-02-01 13:47:00.000,14549,52
"564317",2011-08-24 13:12:00.000,13890,56
"545041",2011-02-27 10:30:00.000,14952,34
"544654",2011-02-22 12:56:00.000,16913,52
"559751",2011-07-12 11:28:00.000,14688,34
C575879,2011-11-11 13:30:00.000,13588,18
"562140",2011-08-03 10:11:00.000,18241,34
"546092",2011-03-09 11:54:00.000,17138,54
"572773",2011-10-26 10:30:00.000,17511,55
"572681",2011-10-25 13:51:00.000,13510,9
"563833",2011-08-19 12:49:00.000,14755,34
"559068",2011-07-06 10:41:00.000,17841,59
"575587",2011-11-10 12:01:00.000,17461,52
"569948",2011-10-06 18:23:00.000,14959,55
C544608,2011-02-22 10:00:00.000,15290,34
C576230,2011-11-14 13:15:00.000,17602,53
C543353,2011-02-07 13:41:00.000,16033,33
"560858",2011-07-21 13:25:00.000,14403,55
"554524",2011-05-24 17:18:00.000,14738,52
"548708",2011-04-03 12:41:00.000,13269,35
"547391",2011-03-22 16:32:00.000,14735,60
"564896",2011-08-31 11:06:00.000,13726,54
"548013",2011-03-29 11:25:00.000,17874,34
"539403",2010-12-17 12:21:00.000,12647,54
"551736",2011-05-04 10:47:00.000,17443,55
"576616",2011-11-15 16:56:00.000,14853,59
C555599,2011-06-06 10:59:00.000,17190,9
"550811",2011-04-20 16:04:00.000,16011,54
C537820,2010-12-08 14:10:00.000,16016,55
"551181",2011-04-27 08:17:00.000,13089,36
"544314",2011-02-17 14:42:00.000,13767,52
"579015",2011-11-28 09:54:00.000,12906,36
"568993",2011-09-29 16:51:00.000,15062,36
"571431",2011-10-17 12:52:00.000,13881,34
C554004,2011-05-20 12:21:00.000,15367,34
C567538,2011-09-21 09:54:00.000,14198,59
C571003,2011-10-13 12:04:00.000,15801,54
"566058",2011-09-08 15:16:00.000,16682,18
"577609",2011-11-21 09:51:00.000,12349,52
C567521,2011-09-20 16:33:00.000,12540,55
C563586,2011-08-17 17:19:00.000,12697,55
"544672",2011-02-22 15:45:00.000,14646,18
"577594",2011-11-20 16:07:00.000,13142,35
"564059",2011-08-22 14:35:00.000,15796,56
"554163",2011-05-23 11:52:00.000,14573,35
"560884",2011-07-21 16:12:00.000,13694,18
"562207",2011-08-03 12:56:00.000,12643,35
"551344",2011-04-28 09:02:00.000,16187,18
"579451",2011-11-29 13:59:00.000,13147,36
"567611",2011-09-21 11:40:00.000,16076,54
"556463",2011-06-12 10:47:00.000,12583,54
"545320",2011-03-01 14:47:00.000,14156,56
"573168",2011-10-28 09:39:00.000,13798,18
"568049",2011-09-23 12:38:00.000,17841,52
C550709,2011-04-20 10:53:00.000,12997,56
"561005",2011-07-22 14:53:00.000,17961,18
"566035",2011-09-08 13:17:00.000,12839,18
"549105",2011-04-06 12:05:00.000,17440,52
"558563",2011-06-30 13:43:00.000,14561,55
"556728",2011-06-14 11:36:00.000,15719,33
"580765",2011-12-06 10:41:00.000,14562,33
"545231",2011-03-01 10:08:00.000,15194,35
"573901",2011-11-01 14:49:00.000,14191,60
"565466",2011-09-05 09:48:00.000,12422,60
"575221",2011-11-09 11:25:00.000,12949,54
"567327",2011-09-19 14:43:00.000,13102,60
"576396",2011-11-15 10:41:00.000,16164,33
"570446",2011-10-10 14:49:00.000,12431,9
"569652",2011-10-05 12:51:00.000,15628,55
"555234",2011-06-01 12:54:00.000,14515,60
"552840",2011-05-11 14:25:00.000,12901,9
"538013",2010-12-09 12:37:00.000,17062,55
"580640",2011-12-05 12:51:00.000,16910,18
"569936",2011-10-06 17:52:00.000,17490,36
"548212",2011-03-30 09:12:00.000,12456,60
"568075",2011-09-23 14:21:00.000,14652,33
"573995",2011-11-02 11:24:00.000,16308,33
"580140",2011-12-02 09:19:00.000,14895,18
"573912",2011-11-01 15:48:00.000,17888,59
"577110",2011-11-17 17:53:00.000,14234,52
"566260",2011-09-11 12:45:00.000,14212,35
"538168",2010-12-09 19:23:00.000,14702,34
"568153",2011-09-25 12:02:00.000,17716,18
"544440",2011-02-20 10:28:00.000,15465,9
"578791",2011-11-25 12:20:00.000,12841,9
C541257,2011-01-16 14:48:00.000,18069,35
"571895",2011-10-19 14:14:00.000,17824,34
C536820,2010-12-02 17:14:00.000,18168,33
"572465",2011-10-24 13:26:00.000,14474,36
"548494",2011-03-31 13:33:00.000,16698,18
"542729",2011-01-31 15:17:00.000,15194,34
"559372",2011-07-08 10:23:00.000,12461,60
"552233",2011-05-06 15:54:00.000,17068,52
"572216",2011-10-21 12:56:00.000,16015,9
C557666,2011-06-21 18:03:00.000,12947,34
"578028",2011-11-22 13:30:00.000,17371,18
"570411",2011-10-10 13:11:00.000,16954,55
"561654",2011-07-28 15:58:00.000,14973,53
"537335",2010-12-06 12:15:00.000,15048,35
"543309",2011-02-07 12:05:00.000,18118,9
"541856",2011-01-23 15:16:00.000,17673,56
"579364",2011-11-29 11:52:00.000,14173,9
"567849",2011-09-22 13:15:00.000,15571,18
"555705",2011-06-06 15:24:00.000,14713,33
"565331",2011-09-02 13:59:00.000,16674,36
"563931",2011-08-21 15:49:00.000,14895,9
"556413",2011-06-10 12:01:00.000,16005,53
"580322",2011-12-02 15:48:00.000,17567,56
"581175",2011-12-07 15:16:00.000,14646,56
"553750",2011-05-19 10:16:00.000,15660,36
"580318",2011-12-02 15:39:00.000,17686,56
"551698",2011-05-03 13:52:00.000,13694,52
C580707,2011-12-05 16:32:00.000,12957,34
"569901",2011-10-06 16:20:00.000,12923,33
C549438,2011-04-08 12:39:00.000,12471,9
"568234",2011-09-26 11:38:00.000,17705,54
"551397",2011-04-28 12:55:00.000,15952,55
"549129",2011-04-06 14:53:00.000,17042,59
"570458",2011-10-10 15:39:00.000,14535,33
"574683",2011-11-06 12:50:00.000,16372,59
"554106",2011-05-22 14:05:00.000,12710,9
"566931",2011-09-15 15:27:00.000,18102,35
"558630",2011-06-30 18:07:00.000,15615,9
C537413,2010-12-06 15:07:00.000,14409,9
"572912",2011-10-26 16:07:00.000,16915,60
"555486",2011-06-03 13:05:00.000,13248,9
"575301",2011-11-09 12:32:00.000,13804,60
"577540",2011-11-20 14:28:00.000,14984,56
"545460",2011-03-02 17:32:00.000,13230,18
"550272",2011-04-15 12:14:00.000,18079,34
"536586",2010-12-01 16:25:00.000,18229,9
C539574,2010-12-20 12:23:00.000,16713,9
"580095",2011-12-01 14:54:00.000,14135,59
"545636",2011-03-04 12:15:00.000,16449,54
C539857,2010-12-22 15:13:00.000,15358,33
"567687",2011-09-21 16:43:00.000,17888,55
C556677,2011-06-13 17:19:00.000,15643,34
"560038",2011-07-14 14:08:00.000,12709,56
"544178",2011-02-16 14:40:00.000,14543,59
"540043",2011-01-04 14:21:00.000,15164,9
"551445",2011-04-28 15:58:00.000,17991,36
C540403,2011-01-07 09:32:00.000,17230,34
"537690",2010-12-08 10:38:00.000,13983,36
C568884,2011-09-29 12:49:00.000,14680,36
"557135",2011-06-17 09:12:00.000,17306,33
"539469",2010-12-19 13:59:00.000,17841,33
"571496",2011-10-17 15:02:00.000,13265,9
C547988,2011-03-29 09:19:00.000,13477,18
"549018",2011-04-05 15:21:00.000,17492,55
C558434,2011-06-29 12:36:00.000,15304,56
"571831",2011-10-19 12:01:00.000,16979,34
"564541",2011-08-25 15:35:00.000,16309,34
"553155",2011-05-13 14:57:00.000,13089,52
"540972",2011-01-12 14:13:00.000,12437,36
C574748,2011-11-07 08:41:00.000,17107,36
"555539",2011-06-05 12:44:00.000,14472,54
"553017",2011-05-12 19:01:00.000,12757,33
"551172",2011-04-26 16:53:00.000,17854,18
"537616",2010-12-07 13:30:00.000,16904,53
"554684",2011-05-25 16:28:00.000,16448,18
"568790",2011-09-29 09:44:00.000,14062,54
"554034",2011-05-20 14:06:00.000,13324,36
C570476,2011-10-10 16:54:00.000,17509,53
"566616",2011-09-14 08:35:00.000,12895,52
"567095",2011-09-16 13:03:00.000,17049,52
"559152",2011-07-06 15:02:00.000,14214,56
"544074",2011-02-15 14:49:00.000,14156,18
"566049",2011-09-08 14:28:00.000,15730,18
"574085",2011-11-02 17:30:00.000,17432,53
"542630",2011-01-31 10:08:00.000,13784,33
"564819",2011-08-30 12:11:00.000,12814,60
"537065",2010-12-05 11:57:00.000,12567,54
C570450,2011-10-10 15:00:00.000,13224,54
"579846",2011-11-30 16:22:00.000,12921,56
"570442",2011-10-10 14:37:00.000,16549,34
"536508",2010-12-01 12:38:00.000,17181,54
"550007",2011-04-14 10:13:00.000,15125,18
"557109",2011-06-16 16:06:00.000,15694,55
"561701",2011-07-29 10:41:00.000,13102,34
"578127",2011-11-23 10:36:00.000,13408,33
"545601",2011-03-04 11:49:00.000,15827,60
"574271",2011-11-03 14:32:00.000,14607,53
"544460",2011-02-20 14:01:00.000,16931,60
"544039",2011-02-15 11:33:00.000,14744,59
"564535",2011-08-25 15:10:00.000,18075,34
"543397",2011-02-08 10:32:00.000,17859,55
"559951",2011-07-14 10:52:00.000,14847,18
"550766",2011-04-20 12:30:00.000,17463,60
"574963",2011-11-08 10:27:00.000,12919,53
C574504,2011-11-04 13:20:00.000,17434,36
C566165,2011-09-09 11:57:00.000,14911,59
"544067",2011-02-15 14:02:00.000,16431,33
"551520",2011-05-01 11:55:00.000,13301,60
"562162",2011-08-03 12:03:00.000,12841,36
"578092",2011-11-22 17:19:00.000,16811,34
"556228",2011-06-09 14:26:00.000,13538,56
"566486",2011-09-13 09:59:00.000,16098,35
"556020",2011-06-08 12:03:00.000,13571,55
"538534",2010-12-13 10:36:00.000,15881,56
"559170",2011-07-06 17:31:00.000,16942,35
"546423",2011-03-13 12:39:00.000,14502,35
"561708",2011-07-29 11:28:00.000,13575,35
"550438",2011-04-18 12:16:00.000,15265,59
"571564",2011-10-18 10:16:00.000,16019,52
"546009",2011-03-08 15:45:00.000,16426,53
"550307",2011-04-17 10:56:00.000,13854,33
"565644",2011-09-05 15:56:00.000,15491,55
"561463",2011-07-27 12:38:00.000,14527,35
"556468",2011-06-12 11:26:00.000,14878,33
"557220",2011-06-17 12:40:00.000,14776,55
"553680",2011-05-18 13:11:00.000,13258,54
"538120",2010-12-09 15:35:00.000,17017,54
C566474,2011-09-12 18:26:00.000,15136,34
"543770",2011-02-11 15:39:00.000,13875,35
"573500",2011-10-31 12:01:00.000,16931,33
"549729",2011-04-11 16:17:00.000,13634,60
"561882",2011-07-31 12:52:00.000,13388,59
"546160",2011-03-10 09:49:00.000,15838,60
"544908",2011-02-24 14:27:00.000,18056,59
"579144",2011-11-28 13:11:00.000,13269,33
"537394",2010-12-06 14:00:00.000,13089,60
C566457,2011-09-12 17:02:00.000,17696,36
"565915",2011-09-07 15:52:00.000,15752,53
"549015",2011-04-05 15:12:00.000,15244,56
"546330",2011-03-11 10:30:00.000,16817,34
"580719",2011-12-05 16:54:00.000,14739,53
"551623",2011-05-03 11:44:00.000,12843,59
C568580,2011-09-28 09:57:00.000,12566,52
"557476",2011-06-20 13:41:00.000,18223,52
"548987",2011-04-05 12:50:00.000,14535,33
"560901",2011-07-21 17:39:00.000,12476,59
"559187",2011-07-07 10:20:00.000,12507,53
"569004",2011-09-29 18:18:00.000,14409,53
C554331,2011-05-23 17:13:00.000,16523,55
C548729,2011-04-04 09:57:00.000,12434,52
"577098",2011-11-17 16:43:00.000,16839,54
"549225",2011-04-07 10:54:00.000,13777,9
"581064",2011-12-07 11:16:00.000,13882,35
"561806",2011-07-29 14:55:00.000,12839,59
"580043",2011-12-01 12:25:00.000,14527,59
"556285",2011-06-10 09:10:00.000,13686,60
C545510,2011-03-03 11:56:00.000,15281,35
"551200",2011-04-27 11:32:00.000,17069,55
"576958",2011-11-17 11:48:00.000,14515,33
"574691",2011-11-06 13:17:00.000,14174,55
"548316",2011-03-30 12:35:00.000,17929,18
"544060",2011-02-15 13:08:00.000,13623,34
C570553,2011-10-11 11:01:00.000,14800,34
"541236",2011-01-14 17:16:00.000,17961,56
"538163",2010-12-09 17:27:00.000,17841,33
"561054",2011-07-24 13:13:00.000,18229,55
C558901,2011-07-04 16:07:00.000,18171,34
"570249",2011-10-10 08:58:00.000,17509,56
"537791",2010-12-08 12:51:00.000,16233,54
"570427",2011-10-10 13:56:00.000,17462,18
"552342",2011-05-09 12:07:00.000,17949,59
"538808",2010-12-14 12:11:00.000,14057,9
"547727",2011-03-25 10:50:00.000,16029,18
"576069",2011-11-13 15:57:00.000,13603,54
"576395",2011-11-15 10:38:00.000,16168,56
"576063",2011-11-13 15:37:00.000,15502,34
"568143",2011-09-25 11:28:00.000,13266,56
"536520",2010-12-01 12:43:00.000,14729,53
"566822",2011-09-15 11:33:00.000,17677,54
"568069",2011-09-23 14:05:00.000,13336,60
"560263",2011-07-17 13:41:00.000,16342,34
"568669",2011-09-28 13:04:00.000,13488,59
"566595",2011-09-13 15:03:00.000,18251,33
"578141",2011-11-23 11:04:00.000,14646,34
"540168",2011-01-05 12:15:00.000,13715,33
"581191",2011-12-07 16:56:00.000,17449,34
"579154",2011-11-28 13:27:00.000,17218,18
"555000",2011-05-31 08:03:00.000,18232,33
"569483",2011-10-04 12:45:00.000,14057,56
"553388",2011-05-16 16:36:00.000,15910,33
"574059",2011-11-02 14:13:00.000,14646,56
"569523",2011-10-04 14:41:00.000,16033,35
"546263",2011-03-10 15:01:00.000,14156,59
"576848",2011-11-16 15:38:00.000,15051,53
C552889,2011-05-12 10:29:00.000,14606,34
"547663",2011-03-24 13:16:00.000,16022,33
C566958,2011-09-15 16:57:00.000,14420,36
"541203",2011-01-14 12:21:00.000,13090,56
"581016",2011-12-07 09:53:00.000,14141,35
"570833",2011-10-12 13:30:00.000,14834,59
"565759",2011-09-06 13:46:00.000,12720,36
"559326",2011-07-07 15:16:00.000,13835,52
"549583",2011-04-11 09:46:00.000,15214,55
"550326",2011-04-17 13:05:00.000,14532,33
"574842",2011-11-07 11:55:00.000,13890,55
"548732",2011-04-04 10:16:00.000,16142,52
"576539",2011-11-15 12:43:00.000,13058,55
C555100,2011-05-31 13:45:00.000,12493,18
"573350",2011-10-30 12:32:00.000,17725,56
"566980",2011-09-16 09:56:00.000,15498,59
"563708",2011-08-18 15:09:00.000,17001,34
"579520",2011-11-29 18:14:00.000,12748,18
"546729",2011-03-16 11:36:00.000,18231,53
"542614",2011-01-30 14:37:00.000,15708,55
"563845",2011-08-19 14:39:00.000,12991,56
"536739",2010-12-02 13:08:00.000,14180,53
"578311",2011-11-23 16:22:00.000,15253,9
"563358",2011-08-15 14:51:00.000,17858,54
"575612",2011-11-10 12:47:00.000,17416,52
"577067",2011-11-17 14:49:00.000,12704,56
"573078",2011-10-27 14:13:00.000,12839,54
C547852,2011-03-27 12:11:00.000,15065,34
"562210",2011-08-03 13:10:00.000,13486,36
C543004,2011-02-02 12:40:00.000,13939,35
"539587",2010-12-20 13:10:00.000,14298,18
"575988",2011-11-13 14:18:00.000,13018,36
"572760",2011-10-26 08:30:00.000,16225,18
"538537",2010-12-13 10:41:00.000,12747,53
"569533",2011-10-04 15:21:00.000,16374,36
"554835",2011-05-26 16:11:00.000,15241,35
"539395",2010-12-17 11:52:00.000,12471,56
"577494",2011-11-20 12:17:00.000,16506,18
"580432",2011-12-04 12:14:00.000,13153,56
"576269",2011-11-14 14:23:00.000,12762,18
C567717,2011-09-22 10:20:00.000,15601,33
"561866",2011-07-31 10:48:00.000,14341,18
"568099",2011-09-23 15:18:00.000,15916,52
C571014,2011-10-13 12:16:00.000,17509,60
"574383",2011-11-04 11:03:00.000,18102,56
"556786",2011-06-14 13:18:00.000,13408,35
C545997,2011-03-08 14:35:00.000,12679,18
"558262",2011-06-28 08:45:00.000,14646,35
"538662",2010-12-13 15:44:00.000,15159,54
"543255",2011-02-04 15:43:00.000,13050,33
"550994",2011-04-21 19:55:00.000,14562,34
"559142",2011-07-06 14:01:00.000,17719,33
"546831",2011-03-17 12:15:00.000,13199,52
"571677",2011-10-18 13:32:00.000,13637,34
"561220",2011-07-26 09:20:00.000,17734,52
"537967",2010-12-09 11:31:00.000,12494,59
"566287",2011-09-11 15:11:00.000,17218,18
"540992",2011-01-12 16:57:00.000,17364,59
"570021",2011-10-07 10:20:00.000,17841,59
"545694",2011-03-06 14:10:00.000,16422,55
C563918,2011-08-21 13:47:00.000,14572,54
C539605,2010-12-20 14:07:00.000,13050,18
C570655,2011-10-11 14:03:00.000,15208,33
C570683,2011-10-11 16:09:00.000,16161,9
"543184",2011-02-04 11:14:00.000,16525,56
"562271",2011-08-03 17:05:00.000,16098,59
"552959",2011-05-12 12:53:00.000,12748,59
C538794,2010-12-14 11:41:00.000,14907,60
"566485",2011-09-13 09:49:00.000,13880,59
"554134",2011-05-23 09:48:00.000,12583,36
"576833",2011-11-16 15:08:00.000,17434,36
"573019",2011-10-27 12:33:00.000,15145,34
"555561",2011-06-05 14:38:00.000,16654,55
"551548",2011-05-03 09:44:00.000,14149,33
"566647",2011-09-14 11:21:00.000,18001,60
"552255",2011-05-08 10:33:00.000,14005,34
C538713,2010-12-14 10:53:00.000,16570,53
C564368,2011-08-25 09:29:00.000,16493,54
"547811",2011-03-25 14:01:00.000,17368,55
"537861",2010-12-08 16:18:00.000,16596,56
"569371",2011-10-03 15:52:00.000,14651,9
"567372",2011-09-20 09:24:00.000,14191,52
"547079",2011-03-20 15:02:00.000,15408,35
"557033",2011-06-16 13:48:00.000,13826,53
"541784",2011-01-21 12:37:00.000,17277,54
"539920",2010-12-23 11:06:00.000,14085,56
"548716",2011-04-03 15:50:00.000,14023,56
"544915",2011-02-24 15:41:00.000,13777,55
C569663,2011-10-05 13:29:00.000,17841,36
"545162",2011-02-28 13:35:00.000,16187,60
"573763",2011-11-01 09:56:00.000,17139,54
"540453",2011-01-07 11:54:00.000,13426,53
C570460,2011-10-10 15:42:00.000,17527,60
"542920",2011-02-02 07:51:00.000,13629,60
"579674",2011-11-30 13:05:00.000,13012,33
"546383",2011-03-11 12:54:00.000,13654,53
"563234",2011-08-15 08:26:00.000,13621,36
"541631",2011-01-20 10:47:00.000,12637,56
"578115",2011-11-23 09:44:00.000,16600,54
"566228",2011-09-11 10:52:00.000,13408,35
"561884",2011-07-31 13:07:00.000,15453,54
"563477",2011-08-16 15:39:00.000,17097,56
"564724",2011-08-28 12:16:00.000,15555,60
"573322",2011-10-30 10:44:00.000,15769,55
"537840",2010-12-08 15:03:00.000,13531,18
"577089",2011-11-17 15:59:00.000,12841,54
"563372",2011-08-16 09:50:00.000,15653,9
"559824",2011-07-12 17:23:00.000,17576,36
"551647",2011-05-03 11:59:00.000,13089,18
"570088",2011-10-07 11:32:00.000,16764,33
"551713",2011-05-03 15:12:00.000,16230,55
"536539",2010-12-01 14:03:00.000,15165,33
"580303",2011-12-02 14:18:00.000,16626,18
"566617",2011-09-14 09:11:00.000,18092,36
"544495",2011-02-21 11:42:00.000,12766,53
"549053",2011-04-06 10:20:00.000,13863,56
"565423",2011-09-04 12:23:00.000,12569,53
"580142",2011-12-02 09:23:00.000,14895,36
"572098",2011-10-20 15:38:00.000,15117,9
C571233,2011-10-14 14:22:00.000,15856,35
"577008",2011-11-17 12:02:00.000,16869,34
"573846",2011-11-01 11:39:00.000,14866,55
"563348",2011-08-15 13:48:00.000,13078,54
"568208",2011-09-25 15:35:00.000,12783,33
"548192",2011-03-29 15:22:00.000,17364,54
"551345",2011-04-28 09:03:00.000,14646,36
"540856",2011-01-12 10:16:00.000,16655,33
"565758",2011-09-06 13:29:00.000,16928,36
"547005",2011-03-18 14:20:00.000,12474,36
"550154",2011-04-14 14:45:00.000,13069,9
C556645,2011-06-13 16:08:00.000,13771,55
"569862",2011-10-06 14:43:00.000,14518,36
"553886",2011-05-19 15:53:00.000,15648,59
"579339",2011-11-29 11:45:00.000,14866,52
"564095",2011-08-23 10:31:00.000,14930,60
"571259",2011-10-16 10:19:00.000,12901,54
"554114",2011-05-22 15:00:00.000,15292,59
"538829",2010-12-14 13:00:00.000,16191,52
"536556",2010-12-01 14:38:00.000,17643,59
"558879",2011-07-04 14:07:00.000,12921,34
"565858",2011-09-07 14:30:00.000,17949,52
"578038",2011-11-22 14:10:00.000,14251,35
"565145",2011-09-01 13:50:00.000,12415,34
"536581",2010-12-01 16:19:00.000,13777,35
"575745",2011-11-11 10:14:00.000,16458,34
"550201",2011-04-15 10:25:00.000,12769,56
C557521,2011-06-20 17:20:00.000,13694,9
"543198",2011-02-04 12:37:00.000,16109,53
C580708,2011-12-05 16:33:00.000,14546,35
"558069",2011-06-24 15:51:00.000,14156,59
"562524",2011-08-05 13:28:00.000,15201,55
"560432",2011-07-18 15:39:00.000,13327,18
"551559",2011-05-03 10:42:00.000,16133,52
"557040",2011-06-16 14:22:00.000,14243,55
"549842",2011-04-12 13:55:00.000,14738,35
"556197",2011-06-09 12:27:00.000,18065,33
"575737",2011-11-11 08:59:00.000,14789,18
"552956",2011-05-12 12:34:00.000,12431,53
"541405",2011-01-17 15:17:00.000,12683,34
"555009",2011-05-31 10:32:00.000,17340,60
"563903",2011-08-21 11:15:00.000,17068,53
"543923",2011-02-14 14:14:00.000,14644,34
C574894,2011-11-07 14:43:00.000,12597,36
"557615",2011-06-21 13:24:00.000,15498,34
"541843",2011-01-23 12:08:00.000,13659,18
"557488",2011-06-20 14:48:00.000,15581,34
"547050",2011-03-20 12:02:00.000,17795,33
"540642",2011-01-10 13:22:00.000,12681,9
"570423",2011-10-10 13:38:00.000,14451,59
C542726,2011-01-31 15:08:00.000,16191,56
"550673",2011-04-20 10:28:00.000,12971,52
"549932",2011-04-13 10:40:00.000,13534,60
"564750",2011-08-30 09:36:00.000,17690,52
"546787",2011-03-17 10:01:00.000,14035,54
"558770",2011-07-03 15:19:00.000,12748,54
"567062",2011-09-16 11:48:00.000,16108,36
"574846",2011-11-07 11:59:00.000,14702,33
C544669,2011-02-22 15:22:00.000,18055,59
"539588",2010-12-20 13:11:00.000,14527,59
"537844",2010-12-08 15:17:00.000,17999,35
"559823",2011-07-12 17:21:00.000,12919,18
"537627",2010-12-07 14:58:00.000,14739,60
C579878,2011-11-30 17:12:00.000,17340,34
"575199",2011-11-09 09:48:00.000,12921,33
"565751",2011-09-06 12:56:00.000,16393,52
"580436",2011-12-04 12:17:00.000,13318,55
"562258",2011-08-03 15:28:00.000,16348,34
"568494",2011-09-27 12:08:00.000,16266,59
"547541",2011-03-23 15:22:00.000,14607,18
"546921",2011-03-18 09:57:00.000,12471,9
"551136",2011-04-26 13:05:00.000,15301,56
"577033",2011-11-17 13:16:00.000,17797,36
"552295",2011-05-08 14:08:00.000,14224,60
"557963",2011-06-24 09:24:00.000,13709,33
"550914",2011-04-21 13:29:00.000,17061,56
"577321",2011-11-18 13:44:00.000,15311,53
"549272",2011-04-07 12:59:00.000,17133,34
"544102",2011-02-16 10:32:00.000,14665,52
"544634",2011-02-22 11:02:00.000,17994,55
"549828",2011-04-12 12:56:00.000,15044,36
"562926",2011-08-10 14:55:00.000,17512,36
C559334,2011-07-07 15:50:00.000,16581,52
"576834",2011-11-16 15:10:00.000,13458,60
C548015,2011-03-29 11:30:00.000,13802,18
"579101",2011-11-28 11:27:00.000,16364,60
"538197",2010-12-10 10:56:00.000,14419,9
"547573",2011-03-24 10:04:00.000,12948,60
C581228,2011-12-08 10:06:00.000,16019,35
"549834",2011-04-12 13:20:00.000,16672,59
"572835",2011-10-26 11:49:00.000,17428,9
"550946",2011-04-21 15:52:00.000,12708,53
"572720",2011-10-25 15:04:00.000,13978,9
"561750",2011-07-29 12:18:00.000,16945,9
"576559",2011-11-15 13:19:00.000,14711,55
"537194",2010-12-05 13:53:00.000,17402,9
"544898",2011-02-24 12:27:00.000,14880,54
"575725",2011-11-10 18:46:00.000,13098,52
"549563",2011-04-10 14:02:00.000,14030,36
"544803",2011-02-23 14:29:00.000,14606,33
"556815",2011-06-15 08:36:00.000,14852,33
"562458",2011-08-05 11:16:00.000,16029,18
"545870",2011-03-07 14:45:00.000,17162,9
C538362,2010-12-10 17:05:00.000,15179,54
C551195,2011-04-27 11:25:00.000,13113,34
C556532,2011-06-13 11:53:00.000,13856,59
"543553",2011-02-10 10:08:00.000,16359,54
"580755",2011-12-06 10:16:00.000,14737,53
"579515",2011-11-29 17:23:00.000,14191,36
C576870,2011-11-16 16:21:00.000,14907,18
"564561",2011-08-26 09:55:00.000,13340,60
C551861,2011-05-04 15:44:00.000,12840,34
"575581",2011-11-10 11:53:00.000,12659,55
"564531",2011-08-25 15:04:00.000,12624,33
"559877",2011-07-13 11:17:00.000,15561,56
"549412",2011-04-08 11:43:00.000,14258,52
"553352",2011-05-16 13:41:00.000,13089,34
"548186",2011-03-29 15:02:00.000,13777,34
"540817",2011-01-11 12:56:00.000,14209,9
C542150,2011-01-26 10:30:00.000,14049,18
C549230,2011-04-07 10:59:00.000,12949,18
"562960",2011-08-11 10:22:00.000,14911,56
"567380",2011-09-20 10:06:00.000,12620,33
"576693",2011-11-16 12:22:00.000,13199,60
"562680",2011-08-08 13:46:00.000,17954,36
"559047",2011-07-05 15:44:00.000,13082,53
"559815",2011-07-12 15:56:00.000,15251,18
C564206,2011-08-24 09:04:00.000,14301,9
"557427",2011-06-20 12:14:00.000,12429,36
"559035",2011-07-05 15:12:00.000,13695,56
"569562",2011-10-05 09:43:00.000,12720,60
"579156",2011-11-28 13:47:00.000,17419,60
"576147",2011-11-14 10:49:00.000,16303,60
"564666",2011-08-26 14:51:00.000,12492,18
C561018,2011-07-22 16:50:00.000,14916,34
"557322",2011-06-20 09:04:00.000,17444,55
C577513,2011-11-20 12:59:00.000,18110,55
"572650",2011-10-25 12:00:00.000,15506,55
"566444",2011-09-12 15:32:00.000,14020,55
"580356",2011-12-02 16:06:00.000,18109,34
"541963",2011-01-24 13:06:00.000,17799,59
C565050,2011-08-31 17:10:00.000,12381,18
"574304",2011-11-03 16:30:00.000,14428,33
"574294",2011-11-03 15:47:00.000,16333,36
"539328",2010-12-17 09:37:00.000,13854,52
"566234",2011-09-11 11:08:00.000,15035,53
"572024",2011-10-20 11:17:00.000,14631,60
C543638,2011-02-10 16:40:00.000,16403,54
"536371",2010-12-01 09:00:00.000,13748,54
"550148",2011-04-14 14:36:00.000,16882,56
C561210,2011-07-25 16:58:00.000,17841,18
C540366,2011-01-06 16:14:00.000,15061,34
"553038",2011-05-13 08:11:00.000,12471,9
C572111,2011-10-20 19:13:00.000,13136,54
"567134",2011-09-16 14:20:00.000,12600,35
"578294",2011-11-23 14:37:00.000,16790,52
C545307,2011-03-01 13:05:00.000,17027,55
"578445",2011-11-24 12:25:00.000,15005,33
"548739",2011-04-04 11:28:00.000,15493,9
"562999",2011-08-11 11:51:00.000,15117,56
"543293",2011-02-07 11:20:00.000,17613,36
"575328",2011-11-09 13:48:00.000,17857,36
C538898,2010-12-15 09:20:00.000,15078,54
"544573",2011-02-21 13:40:00.000,12621,55
"541608",2011-01-20 09:54:00.000,14646,18
"538076",2010-12-09 14:15:00.000,15311,53
"571843",2011-10-19 12:28:00.000,16684,55
"540500",2011-01-09 10:26:00.000,15465,35
C560990,2011-07-22 13:24:00.000,14056,52
C551684,2011-05-03 12:49:00.000,12947,52
"560207",2011-07-15 13:57:00.000,15301,33
"553472",2011-05-17 11:28:00.000,15093,56
"566296",2011-09-11 15:47:00.000,17841,55
"566081",2011-09-09 10:09:00.000,16293,9
"543788",2011-02-11 17:06:00.000,15061,60
"553186",2011-05-15 12:46:00.000,13183,18
"577311",2011-11-18 13:16:00.000,18225,53
"564481",2011-08-25 13:33:00.000,12464,33
"552149",2011-05-06 12:00:00.000,13365,35
"541427",2011-01-18 08:46:00.000,17018,53
"578933",2011-11-27 12:47:00.000,16923,54
"553893",2011-05-19 17:13:00.000,17560,56
"540279",2011-01-06 12:32:00.000,13368,35
"554982",2011-05-29 12:16:00.000,17152,55
"546171",2011-03-10 10:31:00.000,16359,33
"551347",2011-04-28 09:20:00.000,15768,59
"554279",2011-05-23 13:28:00.000,17723,33
"558196",2011-06-27 12:38:00.000,16033,56
"543292",2011-02-07 11:15:00.000,14534,35
"571412",2011-10-17 12:33:00.000,17734,54
"568060",2011-09-23 13:11:00.000,14546,59
"565192",2011-09-01 15:59:00.000,17220,55
C547235,2011-03-21 16:25:00.000,15291,55
"581415",2011-12-08 14:53:00.000,13269,53
"542399",2011-01-27 15:38:00.000,15549,53
C566745,2011-09-14 15:15:00.000,16150,52
"567626",2011-09-21 12:56:00.000,15311,60
"553057",2011-05-13 10:41:00.000,16161,9
"576184",2011-11-14 11:24:00.000,14735,18
"540414",2011-01-07 10:32:00.000,12481,52
"575986",2011-11-13 14:11:00.000,13018,55
"554262",2011-05-23 12:32:00.000,17715,36
"553405",2011-05-17 08:37:00.000,14952,35
"538070",2010-12-09 14:08:00.000,16519,35
"559469",2011-07-08 13:37:00.000,15182,34
"546419",2011-03-13 11:06:00.000,16693,36
"580602",2011-12-05 11:29:00.000,16149,55
"574506",2011-11-04 13:24:00.000,12577,60
"567377",2011-09-20 09:55:00.000,17450,35
"541682",2011-01-20 15:00:00.000,14770,54
"552025",2011-05-05 18:04:00.000,13969,36
C553558,2011-05-17 17:11:00.000,14112,53
C557519,2011-06-20 17:15:00.000,16739,55
"571192",2011-10-14 11:55:00.000,13050,35
C561059,2011-07-24 13:26:00.000,13802,34
"552526",2011-05-09 16:42:00.000,17576,56
"563764",2011-08-19 11:15:00.000,14606,54
"569836",2011-10-06 13:06:00.000,12910,59
"563748",2011-08-19 10:06:00.000,16170,34
C577731,2011-11-21 13:06:00.000,17811,36
C564813,2011-08-30 11:46:00.000,17173,54
"537368",2010-12-06 12:40:00.000,14911,60
"574169",2011-11-03 11:40:00.000,17491,60
"565442",2011-09-04 14:09:00.000,12627,59
"555508",2011-06-03 16:45:00.000,16880,35
"546032",2011-03-09 09:11:00.000,13267,52
"543118",2011-02-03 13:31:00.000,13842,34
"553034",2011-05-12 20:03:00.000,17970,53
"550328",2011-04-17 13:18:00.000,17582,33
"578675",2011-11-24 18:13:00.000,14756,9
"569697",2011-10-05 15:38:00.000,17647,59
"572863",2011-10-26 12:53:00.000,17841,60
C543817,2011-02-13 15:28:00.000,17841,33
"538707",2010-12-14 10:38:00.000,17894,18
"559464",2011-07-08 13:26:00.000,15157,55
"580998",2011-12-06 17:26:00.000,16987,54
C546893,2011-03-17 18:20:00.000,14156,35
C542693,2011-01-31 12:36:00.000,12908,56
"574834",2011-11-07 11:30:00.000,13139,33
"543107",2011-02-03 12:27:00.000,13800,60
"550156",2011-04-14 15:02:00.000,17381,33
"547817",2011-03-25 14:34:00.000,17946,33
"572877",2011-10-26 13:31:00.000,17706,52
"572923",2011-10-27 08:35:00.000,15948,18
C541089,2011-01-13 12:41:00.000,14229,34
"556259",2011-06-09 17:53:00.000,12721,35
"575517",2011-11-10 10:49:00.000,14562,54
"564061",2011-08-22 14:38:00.000,14505,53
"560145",2011-07-15 11:04:00.000,13381,53
"581131",2011-12-07 12:51:00.000,16393,55
"564354",2011-08-24 15:09:00.000,15764,60
"559696",2011-07-11 16:59:00.000,15577,53
"549306",2011-04-08 08:48:00.000,16837,36
"553679",2011-05-18 13:09:00.000,14565,59
"567386",2011-09-20 10:38:00.000,17863,59
"578998",2011-11-27 16:05:00.000,15436,35
"575163",2011-11-08 16:28:00.000,17961,18
"544189",2011-02-16 16:40:00.000,15867,35
C553029,2011-05-12 19:41:00.000,14201,56
"563230",2011-08-14 15:39:00.000,15376,9
"577329",2011-11-18 14:15:00.000,17779,55
"561629",2011-07-28 14:13:00.000,12748,52
"547705",2011-03-24 18:20:00.000,14056,33
"548900",2011-04-04 16:36:00.000,17848,60
C572114,2011-10-20 19:15:00.000,17169,9
"573464",2011-10-31 10:56:00.000,15667,60
"567179",2011-09-18 14:27:00.000,15547,59
"566270",2011-09-11 13:40:00.000,16523,52
"561352",2011-07-26 14:41:00.000,18094,52
"559097",2011-07-06 10:59:00.000,17562,54
"543123",2011-02-03 14:08:00.000,18178,52
"568222",2011-09-26 10:06:00.000,16603,53
"551868",2011-05-04 16:29:00.000,12540,52
"570285",2011-10-10 11:32:00.000,16637,55
"558482",2011-06-30 09:56:00.000,16570,54
"579501",2011-11-29 16:16:00.000,14088,18
C579931,2011-12-01 09:39:00.000,13115,34
"570494",2011-10-11 08:30:00.000,14051,56
"568875",2011-09-29 12:23:00.000,14527,36
C575174,2011-11-08 17:56:00.000,14156,59
"569823",2011-10-06 12:15:00.000,16895,56
"546873",2011-03-17 16:23:00.000,17591,9
C556448,2011-06-10 15:39:00.000,15098,36
C560390,2011-07-18 13:20:00.000,12930,59
"566115",2011-09-09 10:51:00.000,12674,56
"560566",2011-07-19 13:45:00.000,12662,36
"563210",2011-08-14 12:27:00.000,16466,60
"577851",2011-11-22 11:04:00.000,13267,56
"547073",2011-03-20 14:23:00.000,17211,35
"568526",2011-09-27 13:04:00.000,17656,36
"578286",2011-11-23 13:57:00.000,18084,52
"576097",2011-11-14 09:21:00.000,14494,56
"541947",2011-01-24 11:56:00.000,18161,60
"536529",2010-12-01 13:20:00.000,14237,18
"537420",2010-12-06 15:18:00.000,17519,18
"561917",2011-08-01 11:57:00.000,16904,35
"571669",2011-10-18 13:11:00.000,17758,53
"579885",2011-11-30 17:37:00.000,15444,52
"564718",2011-08-28 11:25:00.000,13301,9
"568485",2011-09-27 11:53:00.000,17511,60
"555535",2011-06-05 12:16:00.000,16458,55
C544422,2011-02-18 15:22:00.000,12553,59
C554715,2011-05-26 11:02:00.000,13658,60
"545709",2011-03-07 09:49:00.000,12708,56
"536522",2010-12-01 12:49:00.000,15012,53
"575619",2011-11-10 12:59:00.000,14712,56
"568343",2011-09-26 15:13:00.000,16839,56
"545663",2011-03-04 14:52:00.000,13491,9
"579411",2011-11-29 12:46:00.000,16794,34
"557970",2011-06-24 10:11:00.000,16915,34
"537256",2010-12-06 11:06:00.000,16210,54
"572292",2011-10-23 12:56:00.000,16017,52
"580188",2011-12-02 12:02:00.000,16440,33
C555880,2011-06-07 15:32:00.000,15643,34
"576595",2011-11-15 14:56:00.000,14911,36
"547072",2011-03-20 14:01:00.000,13592,60
"562652",2011-08-08 13:34:00.000,14844,52
"576895",2011-11-17 08:40:00.000,12356,36
"571197",2011-10-14 12:08:00.000,16413,56
"578041",2011-11-22 14:23:00.000,17338,60
"536635",2010-12-02 11:22:00.000,15955,55
"540975",2011-01-12 14:57:00.000,14040,59
C574886,2011-11-07 14:07:00.000,14606,33
"560184",2011-07-15 11:49:00.000,12971,35
"580023",2011-12-01 11:45:00.000,17937,59
"566250",2011-09-11 12:10:00.000,15587,33
"578992",2011-11-27 15:38:00.000,13610,36
"568912",2011-09-29 13:45:00.000,17528,18
"552108",2011-05-06 11:36:00.000,17841,59
"577744",2011-11-21 13:58:00.000,18229,36
"552046",2011-05-06 09:44:00.000,15235,34
"552189",2011-05-06 14:04:00.000,12748,33
"560807",2011-07-21 10:44:00.000,18143,54
"547062",2011-03-20 13:28:00.000,16728,54
"571217",2011-10-14 13:24:00.000,17451,35
"563432",2011-08-16 12:12:00.000,16713,55
"563022",2011-08-11 13:34:00.000,17248,52
"577602",2011-11-21 08:37:00.000,16139,59
"572318",2011-10-23 16:19:00.000,15436,52
"546871",2011-03-17 16:10:00.000,16746,36
C550349,2011-04-18 09:39:00.000,15973,36
"561869",2011-07-31 11:38:00.000,16764,36
"546927",2011-03-18 10:15:00.000,16672,60
C545508,2011-03-03 11:53:00.000,17017,53
"537448",2010-12-07 09:23:00.000,17450,55
"570661",2011-10-11 14:19:00.000,17554,60
"563175",2011-08-12 14:02:00.000,14855,34
C581409,2011-12-08 14:08:00.000,12476,35
"539724",2010-12-21 13:53:00.000,13029,52
"576353",2011-11-14 16:17:00.000,15050,35
"560087",2011-07-14 16:39:00.000,18172,60
"568330",2011-09-26 14:13:00.000,16468,9
"574240",2011-11-03 12:45:00.000,15998,53
"553185",2011-05-15 12:35:00.000,17504,53
"539411",2010-12-17 13:29:00.000,14243,35
"540472",2011-01-07 14:22:00.000,18179,56
"545037",2011-02-27 10:02:00.000,14532,9
C577399,2011-11-18 17:15:00.000,13895,54
"580642",2011-12-05 12:55:00.000,13311,33
"549951",2011-04-13 12:57:00.000,13134,52
"574624",2011-11-06 11:20:00.000,17769,60
"580996",2011-12-06 17:18:00.000,14578,60
"560426",2011-07-18 15:15:00.000,14038,60
"557299",2011-06-19 13:56:00.000,13047,33
"545294",2011-03-01 12:07:00.000,17965,60
"572244",2011-10-21 15:54:00.000,14233,54
"550164",2011-04-14 16:31:00.000,13590,33
"555861",2011-06-07 14:27:00.000,12990,54
"577010",2011-11-17 12:11:00.000,15506,18
C566167,2011-09-09 12:00:00.000,17865,56
"549906",2011-04-12 16:28:00.000,14998,53
"567472",2011-09-20 12:47:00.000,15039,55
"537418",2010-12-06 15:13:00.000,17884,35
"547669",2011-03-24 13:37:00.000,12748,55
"549303",2011-04-08 08:27:00.000,18040,55
"547539",2011-03-23 15:19:00.000,16943,34
"544077",2011-02-15 15:04:00.000,14825,34
"550282",2011-04-15 13:56:00.000,16686,35
"578939",2011-11-27 13:14:00.000,17068,56
"576181",2011-11-14 11:19:00.000,15572,54
"541014",2011-01-13 11:54:00.000,14085,54
C571287,2011-10-16 15:03:00.000,13610,60
"572330",2011-10-24 10:17:00.000,16426,9
"543342",2011-02-07 12:27:00.000,17162,54
"557761",2011-06-22 13:59:00.000,14214,35
"537403",2010-12-06 14:43:00.000,17191,54
C561622,2011-07-28 13:42:00.000,16572,33
"578521",2011-11-24 14:06:00.000,17812,55
"544585",2011-02-21 14:58:00.000,12523,18
"550449",2011-04-18 12:45:00.000,15199,18
"574311",2011-11-03 16:56:00.000,15640,18
"580694",2011-12-05 16:00:00.000,16600,52
"569781",2011-10-06 11:38:00.000,13199,53
"566740",2011-09-14 14:34:00.000,17033,33
"568989",2011-09-29 16:41:00.000,14709,36
"547885",2011-03-28 09:16:00.000,17314,33
"574478",2011-11-04 12:27:00.000,17203,53
"565673",2011-09-06 09:45:00.000,14441,35
C536391,2010-12-01 10:24:00.000,17548,60
C560912,2011-07-21 18:05:00.000,14400,18
"545530",2011-03-03 13:45:00.000,17416,59
"566200",2011-09-09 14:14:00.000,16910,34
"547826",2011-03-25 15:08:00.000,18078,60
"573329",2011-10-30 11:19:00.000,14810,9
"572081",2011-10-20 14:13:00.000,16592,56
"541400",2011-01-17 15:11:00.000,13929,55
"562435",2011-08-04 17:51:00.000,12693,59
C537998,2010-12-09 11:42:00.000,17411,60
"556491",2011-06-12 14:15:00.000,16794,9
"558123",2011-06-27 10:16:00.000,15834,18
"546034",2011-03-09 09:44:00.000,14032,9
"549920",2011-04-13 09:52:00.000,18236,59
"539439",2010-12-17 15:14:00.000,13869,52
"581167",2011-12-07 14:52:00.000,13534,53
"547037",2011-03-20 10:37:00.000,14101,52
"542221",2011-01-26 12:40:00.000,14978,52
C566758,2011-09-14 16:05:00.000,14292,60
C558716,2011-07-01 13:22:00.000,17888,34
C551841,2011-05-04 13:40:00.000,15311,33
"549833",2011-04-12 13:19:00.000,13458,18
"566192",2011-09-09 13:34:00.000,14915,60
"562442",2011-08-04 18:31:00.000,14397,56
"566301",2011-09-11 16:06:00.000,16474,54
"559120",2011-07-06 12:18:00.000,16393,59
"565481",2011-09-05 11:31:00.000,16891,60
C564711,2011-08-28 10:31:00.000,16768,56
"562517",2011-08-05 12:27:00.000,15719,52
"545790",2011-03-07 12:12:00.000,16316,34
"562966",2011-08-11 10:53:00.000,16133,35
"548447",2011-03-31 10:53:00.000,17315,55
"560032",2011-07-14 13:20:00.000,18283,53
C577154,2011-11-18 09:55:00.000,15502,60
C539602,2010-12-20 14:02:00.000,13369,36
"559138",2011-07-06 13:35:00.000,16919,9
"545656",2011-03-04 13:58:00.000,14057,54
"559165",2011-07-06 16:40:00.000,12977,54
"575195",2011-11-09 09:40:00.000,16767,18
C554006,2011-05-20 12:25:00.000,13418,54
"565139",2011-09-01 12:50:00.000,16422,56
C546868,2011-03-17 15:49:00.000,15671,60
"574672",2011-11-06 12:25:00.000,13532,55
"544452",2011-02-20 12:32:00.000,14162,34
"559237",2011-07-07 11:36:00.000,15267,35
"561455",2011-07-27 11:58:00.000,15095,55
"578296",2011-11-23 14:51:00.000,16653,55
"569222",2011-10-02 13:46:00.000,15906,60
"575017",2011-11-08 11:25:00.000,17219,55
"580068",2011-12-01 13:41:00.000,17321,60
"566045",2011-09-08 13:57:00.000,15400,18
"565877",2011-09-07 15:13:00.000,15189,52
C558735,2011-07-01 15:09:00.000,16700,52
"570212",2011-10-09 11:29:00.000,17811,35
"572025",2011-10-20 11:30:00.000,17651,56
"554837",2011-05-26 16:30:00.000,14584,33
"550352",2011-04-18 10:21:00.000,16719,60
"558232",2011-06-27 14:30:00.000,17841,59
C552019,2011-05-05 17:46:00.000,14227,34
"570504",2011-10-11 09:29:00.000,18241,36
"539085",2010-12-16 09:35:00.000,12748,34
"568413",2011-09-27 11:01:00.000,14818,54
"568086",2011-09-23 14:39:00.000,14944,59
"537689",2010-12-08 10:36:00.000,15750,53
"575711",2011-11-10 17:45:00.000,14560,52
"549689",2011-04-11 13:40:00.000,15971,55
"546561",2011-03-15 10:34:00.000,18260,56
"581567",2011-12-09 11:56:00.000,16626,9
"576779",2011-11-16 13:25:00.000,14554,53
"563618",2011-08-18 09:48:00.000,15400,9
"573383",2011-10-30 14:18:00.000,17447,9
"579250",2011-11-28 16:35:00.000,14480,35
"563626",2011-08-18 10:31:00.000,16187,35
"546769",2011-03-16 14:57:00.000,17504,34
"550901",2011-04-21 12:12:00.000,13389,35
C579944,2011-12-01 10:38:00.000,15021,18
"538886",2010-12-14 16:07:00.000,13846,9
"576176",2011-11-14 11:04:00.000,16936,52
C540787,2011-01-11 11:45:00.000,13408,9
C570283,2011-10-10 11:20:00.000,12708,36
"558574",2011-06-30 14:48:00.000,17017,54
"544792",2011-02-23 12:37:00.000,18172,18
"574947",2011-11-08 09:03:00.000,16422,55
"571917",2011-10-19 15:46:00.000,13078,35
C568573,2011-09-28 09:09:00.000,13115,54
"573111",2011-10-27 15:25:00.000,17677,34
"546212",2011-03-10 11:33:00.000,14156,54
"543934",2011-02-14 14:29:00.000,12993,9
"553843",2011-05-19 12:29:00.000,12553,52
"557790",2011-06-22 16:33:00.000,14099,36
"547233",2011-03-21 16:20:00.000,17152,53
"540565",2011-01-10 10:44:00.000,16422,18
"578993",2011-11-27 15:38:00.000,15987,55
"550121",2011-04-14 12:38:00.000,15271,56
"566737",2011-09-14 14:26:00.000,13430,59
"560088",2011-07-14 16:42:00.000,15114,33
"563689",2011-08-18 12:43:00.000,15743,54
C546680,2011-03-15 16:51:00.000,13121,9
"537214",2010-12-05 15:35:00.000,16422,9
"572290",2011-10-23 12:46:00.000,14800,54
C554153,2011-05-23 11:21:00.000,16033,60
"556574",2011-06-13 13:41:00.000,16209,56
"541785",2011-01-21 12:40:00.000,14779,36
"578057",2011-11-22 15:05:00.000,12920,52
"543053",2011-02-03 10:26:00.000,17362,35
"568218",2011-09-26 09:52:00.000,13389,36
"557760",2011-06-22 13:57:00.000,12901,54
"547549",2011-03-23 15:40:00.000,14794,56
"560828",2011-07-21 11:55:00.000,14298,36
"562132",2011-08-03 09:40:00.000,13384,56
"572277",2011-10-23 10:38:00.000,16768,52
C545439,2011-03-02 15:58:00.000,14243,18
"578107",2011-11-23 09:09:00.000,15949,54
"572211",2011-10-21 12:25:00.000,13429,52
"551733",2011-05-04 10:15:00.000,13012,60
"558619",2011-06-30 16:28:00.000,14401,9
"574092",2011-11-03 09:28:00.000,16684,36
"564316",2011-08-24 13:11:00.000,13985,9
C577688,2011-11-21 11:29:00.000,13890,9
"560394",2011-07-18 13:35:00.000,14390,9
C551348,2011-04-28 09:49:00.000,12415,56
C546234,2011-03-10 12:31:00.000,13599,54
"548649",2011-04-01 13:21:00.000,18179,18
"542347",2011-01-27 12:06:00.000,12826,55
"553012",2011-05-12 18:13:00.000,17671,52
"555523",2011-06-05 11:36:00.000,12468,36
"574477",2011-11-04 12:21:00.000,15453,52
"545180",2011-02-28 14:42:00.000,12728,9
"575856",2011-11-11 12:28:00.000,16386,34
"556109",2011-06-09 07:53:00.000,13741,53
"545655",2011-03-04 13:58:00.000,14670,59
C546416,2011-03-13 10:48:00.000,14800,54
"570225",2011-10-09 13:15:00.000,16595,18
"546031",2011-03-09 09:11:00.000,13267,33
"553158",2011-05-13 15:24:00.000,14194,55
"566199",2011-09-09 14:12:00.000,14824,33
"566566",2011-09-13 12:32:00.000,14096,33
"555368",2011-06-02 14:30:00.000,13437,54
"542405",2011-01-27 16:11:00.000,13534,60
C554717,2011-05-26 11:04:00.000,13089,33
"570098",2011-10-07 12:11:00.000,13169,9
"544143",2011-02-16 11:58:00.000,15759,34
"571987",2011-10-20 10:47:00.000,17007,35
"555593",2011-06-06 10:06:00.000,16298,34
"553464",2011-05-17 11:07:00.000,16218,55
"551440",2011-04-28 15:29:00.000,15311,33
"559733",2011-07-12 10:54:00.000,16145,59
"552080",2011-05-06 11:27:00.000,16319,52
"563501",2011-08-16 17:27:00.000,15856,33
"573744",2011-11-01 08:16:00.000,17733,56
"572069",2011-10-20 13:24:00.000,14911,36
"556244",2011-06-09 16:08:00.000,15867,33
C540152,2011-01-05 11:21:00.000,12395,33
"556922",2011-06-15 13:56:00.000,12748,18
C555254,2011-06-01 15:17:00.000,14740,35
"573366",2011-10-30 13:17:00.000,16361,60
"568519",2011-09-27 12:57:00.000,16607,35
C542095,2011-01-25 12:49:00.000,17730,54
"580969",2011-12-06 14:59:00.000,16076,33
"551060",2011-04-26 12:12:00.000,16356,36
"543174",2011-02-04 09:34:00.000,16938,59
"569519",2011-10-04 14:31:00.000,13792,18
"563926",2011-08-21 14:42:00.000,12553,18
"544064",2011-02-15 13:50:00.000,17114,34
"570268",2011-10-10 10:16:00.000,13098,59
"554202",2011-05-23 12:14:00.000,13546,18
"563228",2011-08-14 15:34:00.000,17988,34
"562713",2011-08-08 15:17:00.000,15189,35
"553339",2011-05-16 12:19:00.000,15125,34
"550408",2011-04-18 11:59:00.000,16746,59
"545592",2011-03-04 10:30:00.000,17581,54
"565208",2011-09-01 16:50:00.000,18172,33
"552715",2011-05-11 09:35:00.000,12921,56
"548521",2011-03-31 16:41:00.000,17735,55
"537207",2010-12-05 15:06:00.000,17402,52
"569692",2011-10-05 15:17:00.000,14389,52
C555652,2011-06-06 14:11:00.000,13094,55
"565459",2011-09-05 09:20:00.000,16656,52
"573867",2011-11-01 12:12:00.000,12674,34
"565611",2011-09-05 14:57:00.000,14849,59
"552315",2011-05-08 16:10:00.000,12700,56
"544645",2011-02-22 11:58:00.000,16843,36
"543168",2011-02-04 08:58:00.000,13694,59
C579178,2011-11-28 14:55:00.000,12362,9
"571255",2011-10-14 17:13:00.000,12454,18
"560412",2011-07-18 14:32:00.000,12748,52
"548520",2011-03-31 16:40:00.000,13126,33
"580503",2011-12-04 13:20:00.000,13956,34
"537195",2010-12-05 13:55:00.000,15311,54
"537224",2010-12-05 16:24:00.000,13174,52
"579522",2011-11-30 08:04:00.000,14432,35
"568510",2011-09-27 12:26:00.000,13555,18
C580968,2011-12-06 14:57:00.000,15622,56
"558964",2011-07-05 10:58:00.000,14235,59
"537409",2010-12-06 15:00:00.000,15194,33
"559519",2011-07-08 16:17:00.000,17353,59
"553509",2011-05-17 13:44:00.000,17220,59
"543282",2011-02-06 16:08:00.000,12956,36
"563029",2011-08-11 14:34:00.000,18093,35
"557012",2011-06-16 11:51:00.000,18241,54
"581129",2011-12-07 12:48:00.000,15498,55
"560980",2011-07-22 12:41:00.000,16107,9
"549832",2011-04-12 13:10:00.000,17278,33
"562454",2011-08-05 10:31:00.000,15128,56
"574040",2011-11-02 13:01:00.000,14974,36
"546980",2011-03-18 12:18:00.000,13591,35
"553467",2011-05-17 11:11:00.000,17857,9
"574275",2011-11-03 14:37:00.000,12352,54
"569020",2011-09-30 09:39:00.000,15321,33
"549996",2011-04-14 08:45:00.000,15189,54
"572499",2011-10-24 14:10:00.000,15786,9
"570862",2011-10-12 15:35:00.000,17528,56
"569768",2011-10-06 11:27:00.000,13078,35
"547098",2011-03-21 10:13:00.000,16384,34
"551271",2011-04-27 12:39:00.000,17187,56
"576361",2011-11-14 17:10:00.000,14910,35
"578234",2011-11-23 12:22:00.000,13650,60
C559031,2011-07-05 14:53:00.000,15985,18
"558860",2011-07-04 12:18:00.000,17975,59
"544774",2011-02-23 11:32:00.000,17711,35
"567879",2011-09-22 14:53:00.000,16161,36
"555829",2011-06-07 12:18:00.000,13330,9
"550016",2011-04-14 10:54:00.000,15416,56
"549756",2011-04-12 11:36:00.000,14111,35
"572569",2011-10-25 10:32:00.000,17870,52
"555114",2011-05-31 14:55:00.000,13571,60
"573906",2011-11-01 15:12:00.000,16458,34
"574088",2011-11-03 08:56:00.000,18044,36
"537058",2010-12-05 11:51:00.000,13269,59
"547938",2011-03-28 14:33:00.000,13901,54
"579027",2011-11-28 10:20:00.000,14102,9
"578949",2011-11-27 14:30:00.000,14954,56
"555001",2011-05-31 08:32:00.000,16566,60
"576880",2011-11-16 17:03:00.000,14911,55
"552444",2011-05-09 13:10:00.000,17634,36
C549786,2011-04-12 11:58:00.000,14071,33
"564382",2011-08-25 10:45:00.000,15129,35
"544459",2011-02-20 13:52:00.000,17838,52
"560644",2011-07-20 11:22:00.000,16271,59
"560108",2011-07-15 08:59:00.000,16979,52
"572772",2011-10-26 10:29:00.000,17511,59
"571282",2011-10-16 13:24:00.000,15545,52
"556079",2011-06-08 15:18:00.000,18229,34
C554692,2011-05-25 16:57:00.000,12935,18
"576789",2011-11-16 13:56:00.000,12569,60
"566771",2011-09-15 09:34:00.000,15322,56
"572218",2011-10-21 13:13:00.000,16311,59
"573000",2011-10-27 11:55:00.000,14752,59
"553062",2011-05-13 11:25:00.000,13629,9
"578479",2011-11-24 12:48:00.000,15858,52
C547854,2011-03-27 12:12:00.000,14586,56
"549320",2011-04-08 10:14:00.000,16010,34
"560259",2011-07-17 13:29:00.000,13654,34
"568065",2011-09-23 13:44:00.000,16240,59
"560881",2011-07-21 15:45:00.000,17965,59
C551333,2011-04-27 16:28:00.000,12681,36
"576213",2011-11-14 12:47:00.000,18117,60
"568383",2011-09-27 09:39:00.000,13514,56
"536631",2010-12-02 10:58:00.000,17850,36
"571120",2011-10-14 09:06:00.000,16950,34
"550468",2011-04-18 13:43:00.000,16700,9
"556479",2011-06-12 12:50:00.000,16983,36
C558258,2011-06-27 17:28:00.000,13014,9
C552462,2011-05-09 14:47:00.000,16242,54
"557892",2011-06-23 14:11:00.000,14534,34
C546214,2011-03-10 11:45:00.000,15724,56
"572284",2011-10-23 12:08:00.000,16744,34
"566477",2011-09-13 09:03:00.000,14359,54
"546690",2011-03-16 10:25:00.000,16985,55
C564214,2011-08-24 09:20:00.000,16996,54
C564913,2011-08-31 12:39:00.000,12560,60
C546931,2011-03-18 10:40:00.000,12989,9
"566231",2011-09-11 10:58:00.000,14837,36
"553152",2011-05-13 14:55:00.000,13089,53
"580514",2011-12-04 14:01:00.000,16905,34
C575385,2011-11-09 15:19:00.000,15916,55
C555046,2011-05-31 11:29:00.000,12431,54
C561594,2011-07-28 11:22:00.000,17671,53
"577816",2011-11-22 09:17:00.000,18139,18
C579764,2011-11-30 15:07:00.000,14936,59
"558635",2011-06-30 19:52:00.000,16498,36
"539468",2010-12-19 13:31:00.000,15044,53
"550900",2011-04-21 12:11:00.000,16553,55
"561616",2011-07-28 13:02:00.000,15023,33
"551534",2011-05-01 14:59:00.000,14655,53
"545463",2011-03-03 08:36:00.000,13784,54
"544350",2011-02-18 10:07:00.000,17389,54
"547501",2011-03-23 12:41:00.000,13408,55
C570902,2011-10-13 10:53:00.000,17724,9
"570498",2011-10-11 09:10:00.000,16136,34
"575200",2011-11-09 09:50:00.000,12921,33
"565366",2011-09-02 14:56:00.000,17091,34
C573766,2011-11-01 09:58:00.000,14189,36
"543913",2011-02-14 13:11:00.000,17591,55
C566252,2011-09-11 12:14:00.000,13527,53
"540455",2011-01-07 12:07:00.000,12583,59
"547722",2011-03-25 10:19:00.000,12553,35
"574502",2011-11-04 13:16:00.000,17274,9
"558265",2011-06-28 10:06:00.000,12747,18
"540179",2011-01-05 12:54:00.000,16033,54
"559343",2011-07-07 17:01:00.000,17961,35
"551954",2011-05-05 12:13:00.000,14515,54
"559125",2011-07-06 12:32:00.000,13985,35
"543029",2011-02-02 15:13:00.000,13576,33
"565201",2011-09-01 16:41:00.000,14907,18
C569387,2011-10-03 16:49:00.000,14031,34
"555111",2011-05-31 14:37:00.000,16434,55
C542395,2011-01-27 15:12:00.000,17389,18
"554306",2011-05-23 14:59:00.000,15734,56
"551946",2011-05-05 11:18:00.000,18229,56
"580993",2011-12-06 17:12:00.000,13323,59
"548737",2011-04-04 11:18:00.000,12682,18
"545697",2011-03-06 14:38:00.000,14504,60
"554157",2011-05-23 11:33:00.000,18283,34
"536527",2010-12-01 13:04:00.000,12662,33
"576377",2011-11-15 09:12:00.000,16341,36
"575959",2011-11-13 12:27:00.000,14547,54
"574535",2011-11-04 14:31:00.000,16555,34
"579148",2011-11-28 13:20:00.000,17523,52
"564728",2011-08-28 12:43:00.000,13199,18
"557089",2011-06-16 15:36:00.000,13576,52
"539088",2010-12-16 09:45:00.000,13093,53
"559794",2011-07-12 13:16:00.000,16700,56
C549580,2011-04-11 09:35:00.000,13501,56
"576665",2011-11-16 11:46:00.000,17841,59
C571321,2011-10-17 11:04:00.000,17096,59
"550291",2011-04-15 15:17:00.000,13720,55
"546631",2011-03-15 12:03:00.000,15181,59
"549940",2011-04-13 11:48:00.000,13694,56
"574075",2011-11-02 15:33:00.000,16365,60
"575133",2011-11-08 14:48:00.000,14667,54
"544078",2011-02-15 15:41:00.000,16073,33
"544302",2011-02-17 13:16:00.000,12654,55
"558271",2011-06-28 10:17:00.000,13895,9
"564855",2011-08-31 09:10:00.000,16746,54
"564555",2011-08-25 19:45:00.000,12748,36
"560125",2011-07-15 10:44:00.000,18118,36
"550335",2011-04-17 14:36:00.000,15535,36
"580399",2011-12-04 11:45:00.000,13471,56
C573427,2011-10-31 10:18:00.000,14560,34
"559822",2011-07-12 17:15:00.000,16365,56
"571258",2011-10-14 17:23:00.000,17837,59
"573483",2011-10-31 11:32:00.000,15793,34
C562149,2011-08-03 10:49:00.000,13534,36
"542267",2011-01-26 17:43:00.000,16882,9
"550623",2011-04-19 13:56:00.000,13719,54
"563227",2011-08-14 15:33:00.000,14301,59
"569343",2011-10-03 14:34:00.000,18102,9
"544271",2011-02-17 11:46:00.000,17083,54
C560907,2011-07-21 17:55:00.000,16875,52
C543706,2011-02-11 11:44:00.000,15044,36
"558721",2011-07-01 14:08:00.000,14338,18
"546642",2011-03-15 13:13:00.000,12779,9
"539629",2010-12-20 14:51:00.000,14062,59
"559911",2011-07-13 14:39:00.000,13777,18
"566623",2011-09-14 09:31:00.000,12756,60
C545456,2011-03-02 17:15:00.000,17865,52
"574919",2011-11-07 16:33:00.000,16241,60
"552648",2011-05-10 13:40:00.000,17581,34
"546115",2011-03-09 13:50:00.000,15379,36
"563848",2011-08-19 14:57:00.000,14911,33
"580153",2011-12-02 10:23:00.000,12762,18
"542707",2011-01-31 12:50:00.000,18095,33
"554058",2011-05-20 16:04:00.000,17757,59
"547415",2011-03-23 10:08:00.000,17102,9
"576909",2011-11-17 09:49:00.000,12471,55
"562433",2011-08-04 17:40:00.000,17677,34
C543780,2011-02-11 16:34:00.000,17334,53
C559908,2011-07-13 13:56:00.000,14088,56
"570404",2011-10-10 12:50:00.000,16395,18
"575916",2011-11-11 16:49:00.000,12691,34
"552990",2011-05-12 15:17:00.000,17667,35
"581430",2011-12-08 15:44:00.000,13471,36
"542533",2011-01-28 13:18:00.000,16019,60
"539465",2010-12-19 11:38:00.000,16684,33
"563938",2011-08-22 09:21:00.000,18144,52
"567939",2011-09-22 18:15:00.000,16715,34
"557490",2011-06-20 15:06:00.000,13199,56
"544101",2011-02-16 10:32:00.000,16378,56
"543482",2011-02-08 17:16:00.000,17881,59
"565563",2011-09-05 12:18:00.000,14177,60
"545918",2011-03-08 11:55:00.000,16917,35
"540395",2011-01-06 18:24:00.000,14702,18
"546762",2011-03-16 14:12:00.000,17961,52
"537135",2010-12-05 12:35:00.000,17059,52
"553239",2011-05-16 11:31:00.000,16226,18
"550255",2011-04-15 11:47:00.000,13468,54
"536372",2010-12-01 09:01:00.000,17850,55
"581115",2011-12-07 12:20:00.000,15195,59
"555725",2011-06-06 16:23:00.000,15737,18
"550182",2011-04-14 17:44:00.000,18198,56
C549191,2011-04-07 10:15:00.000,16422,33
C545867,2011-03-07 14:29:00.000,17841,34
C539599,2010-12-20 13:55:00.000,17951,52
"573354",2011-10-30 12:42:00.000,14040,59
"543908",2011-02-14 12:28:00.000,16422,18
"552048",2011-05-06 10:00:00.000,17809,53
"578954",2011-11-27 15:02:00.000,15054,36
"560790",2011-07-21 10:29:00.000,14051,18
"566238",2011-09-11 11:24:00.000,17377,59
"557123",2011-06-16 17:56:00.000,15555,53
"581410",2011-12-08 14:14:00.000,13098,35
C548465,2011-03-31 12:17:00.000,17526,34
"552037",2011-05-05 19:48:00.000,13450,56
"574660",2011-11-06 11:55:00.000,15407,35
"545533",2011-03-03 14:04:00.000,12524,60
"556528",2011-06-13 11:36:00.000,13269,18
"539311",2010-12-16 17:53:00.000,14643,34
"550782",2011-04-20 13:55:00.000,18246,54
"555213",2011-06-01 12:22:00.000,13094,36
"548358",2011-03-30 15:29:00.000,15832,60
"567579",2011-09-21 10:48:00.000,18228,52
"554421",2011-05-24 12:12:00.000,18202,59
"575387",2011-11-09 15:23:00.000,13992,36
C555362,2011-06-02 14:15:00.000,15785,56
"574053",2011-11-02 14:04:00.000,16379,54
"554040",2011-05-20 14:35:00.000,15290,56
"581099",2011-12-07 11:43:00.000,18219,9
C554848,2011-05-26 19:56:00.000,13659,52
"555028",2011-05-31 11:22:00.000,17648,60
"545475",2011-03-03 10:59:00.000,12415,54
"562602",2011-08-08 10:11:00.000,12865,36
"540014",2011-01-04 11:34:00.000,14606,60
C550171,2011-04-14 16:53:00.000,12585,54
"568828",2011-09-29 11:31:00.000,15175,56
"545067",2011-02-27 14:49:00.000,17894,56
"549258",2011-04-07 12:30:00.000,13102,34
"540526",2011-01-09 13:41:00.000,14606,9
"570227",2011-10-09 13:21:00.000,13260,60
C558029,2011-06-24 11:47:00.000,12826,35
"563092",2011-08-11 17:14:00.000,13307,55
"564433",2011-08-25 11:46:00.000,16503,36
"572453",2011-10-24 12:37:00.000,12921,53
"559937",2011-07-14 10:11:00.000,13577,33
"548323",2011-03-30 13:00:00.000,15424,36
"543658",2011-02-11 10:38:00.000,13819,53
"545289",2011-03-01 11:55:00.000,14732,36
"552870",2011-05-12 08:42:00.000,15513,52
"542621",2011-01-31 09:05:00.000,12528,54
"581017",2011-12-07 10:06:00.000,14910,54
"552254",2011-05-08 10:21:00.000,16168,35
C575648,2011-11-10 14:22:00.000,16523,36
"561099",2011-07-25 11:01:00.000,14100,52
"540373",2011-01-06 17:10:00.000,13280,9
"580909",2011-12-06 13:27:00.000,18225,59
"574643",2011-11-06 11:25:00.000,17387,60
"548969",2011-04-05 11:01:00.000,14646,35
C552029,2011-05-05 18:11:00.000,15622,59
"557734",2011-06-22 11:20:00.000,12684,18
"559141",2011-07-06 13:56:00.000,15311,34
"558233",2011-06-27 14:36:00.000,18073,34
"578519",2011-11-24 13:56:00.000,14591,59
"539444",2010-12-17 15:52:00.000,14146,55
"575071",2011-11-08 13:01:00.000,12990,56
C566784,2011-09-15 10:27:00.000,14915,34
"558773",2011-07-03 16:00:00.000,17781,59
"538050",2010-12-09 13:22:00.000,12748,33
"572675",2011-10-25 13:20:00.000,17917,18
"573396",2011-10-30 15:13:00.000,14723,36
C557148,2011-06-17 10:52:00.000,13735,36
"541013",2011-01-13 11:54:00.000,15694,18
"566422",2011-09-12 13:56:00.000,13064,60
"581224",2011-12-08 09:47:00.000,17631,54
"543446",2011-02-08 12:01:00.000,15827,53
"575830",2011-11-11 11:34:00.000,14226,59
"539281",2010-12-16 15:45:00.000,18176,36
C540847,2011-01-11 17:35:00.000,13458,18
"558771",2011-07-03 15:53:00.000,17105,56
"553183",2011-05-15 12:31:00.000,16076,35
"569419",2011-10-04 10:31:00.000,15864,18
"562050",2011-08-02 11:34:00.000,14133,59
"554061",2011-05-20 16:56:00.000,18008,54
"566866",2011-09-15 12:55:00.000,13694,54
"548234",2011-03-30 10:32:00.000,17594,9
"574921",2011-11-07 16:36:00.000,16070,33
"545721",2011-03-07 10:52:00.000,15039,52
"542626",2011-01-31 09:51:00.000,12720,54
"544823",2011-02-24 09:28:00.000,14004,18
"541840",2011-01-23 11:48:00.000,15059,33
"563071",2011-08-11 15:43:00.000,17633,52
"569968",2011-10-06 18:56:00.000,17921,34
"558127",2011-06-27 10:42:00.000,13777,52
"568190",2011-09-25 14:36:00.000,16342,9
"568151",2011-09-25 11:39:00.000,17506,60
"541575",2011-01-19 13:21:00.000,15311,18
"579155",2011-11-28 13:37:00.000,18101,18
"566774",2011-09-15 09:44:00.000,12921,53
"559931",2011-07-14 09:23:00.000,17738,36
"554350",2011-05-24 08:51:00.000,13523,9
"577521",2011-11-20 13:23:00.000,16411,59
"536401",2010-12-01 11:21:00.000,15862,53
"566438",2011-09-12 15:14:00.000,15996,55
"545337",2011-03-01 17:28:00.000,15984,35
"539201",2010-12-16 12:11:00.000,14878,33
"557891",2011-06-23 14:05:00.000,17652,56
"580556",2011-12-05 10:18:00.000,16513,33
"553527",2011-05-17 14:57:00.000,15123,54
"571275",2011-10-16 12:28:00.000,15994,54
"548697",2011-04-03 10:49:00.000,15482,56
"539418",2010-12-17 13:58:00.000,17007,9
"559928",2011-07-14 08:52:00.000,12405,60
"574138",2011-11-03 11:26:00.000,12415,34
"552574",2011-05-10 12:20:00.000,15311,35
"538514",2010-12-12 14:27:00.000,15044,33
"548768",2011-04-04 12:34:00.000,17886,59
"557968",2011-06-24 09:43:00.000,17061,53
"538526",2010-12-13 09:49:00.000,13225,33
"576667",2011-11-16 11:48:00.000,12963,35
C575746,2011-11-11 10:19:00.000,13588,53
"546119",2011-03-09 14:22:00.000,16945,52
"547416",2011-03-23 10:15:00.000,15410,55
"558562",2011-06-30 13:28:00.000,16401,59
"580636",2011-12-05 12:33:00.000,16746,54
"555537",2011-06-05 12:37:00.000,15453,56
"550361",2011-04-18 11:10:00.000,13082,53
"539033",2010-12-15 14:26:00.000,16365,55
"561585",2011-07-28 10:46:00.000,13728,34
"579539",2011-11-30 10:06:00.000,14911,34
"549589",2011-04-11 10:04:00.000,16552,9
"558572",2011-06-30 14:47:00.000,14282,59
"581380",2011-12-08 12:52:00.000,13102,18
"572287",2011-10-23 12:26:00.000,15584,36
"572183",2011-10-21 10:50:00.000,16153,53
"580031",2011-12-01 12:16:00.000,13199,53
"545712",2011-03-07 09:52:00.000,18280,59
"552974",2011-05-12 13:54:00.000,16186,54
"537142",2010-12-05 12:57:00.000,12748,33
"536969",2010-12-03 13:10:00.000,16013,52
"544925",2011-02-24 17:28:00.000,16997,56
"553751",2011-05-19 10:16:00.000,15630,52
"569021",2011-09-30 09:40:00.000,15321,18
"575182",2011-11-09 08:24:00.000,14709,34
"554098",2011-05-22 13:01:00.000,14769,34
"552253",2011-05-08 10:20:00.000,14201,18
"552806",2011-05-11 12:36:00.000,15729,33
"570836",2011-10-12 13:55:00.000,17410,55
"573999",2011-11-02 11:43:00.000,12779,35
"568310",2011-09-26 12:48:00.000,14911,59
"573139",2011-10-27 17:29:00.000,14716,60
"567797",2011-09-22 11:49:00.000,16735,35
"565922",2011-09-08 09:51:00.000,14116,59
"559034",2011-07-05 14:56:00.000,13109,53
C578077,2011-11-22 16:18:00.000,12936,59
"576692",2011-11-16 12:21:00.000,17412,52
"570513",2011-10-11 10:33:00.000,14952,35
"575695",2011-11-10 16:39:00.000,17502,54
"566285",2011-09-11 14:51:00.000,13611,33
"545318",2011-03-01 14:26:00.000,14676,33
C571902,2011-10-19 14:39:00.000,14488,53
C554029,2011-05-20 13:54:00.000,12681,54
"538255",2010-12-10 12:33:00.000,14911,52
"580700",2011-12-05 16:23:00.000,14219,36
"580633",2011-12-05 12:28:00.000,17579,54
"578266",2011-11-23 13:34:00.000,12748,36
"559993",2011-07-14 12:42:00.000,14716,59
"565397",2011-09-02 16:43:00.000,14171,9
C562267,2011-08-03 16:33:00.000,14056,56
"559698",2011-07-11 17:07:00.000,17589,52
"542406",2011-01-27 16:13:00.000,17757,33
"580526",2011-12-04 15:18:00.000,16535,60
"548312",2011-03-30 12:12:00.000,16059,53
C567540,2011-09-21 10:00:00.000,12384,59
"577740",2011-11-21 13:36:00.000,17625,52
C564212,2011-08-24 09:13:00.000,13209,36
"575660",2011-11-10 14:38:00.000,15297,55
"551813",2011-05-04 11:43:00.000,18065,59
"541110",2011-01-13 15:11:00.000,15916,53
"554934",2011-05-27 13:29:00.000,12971,56
"539461",2010-12-19 10:21:00.000,17243,35
C555636,2011-06-06 12:33:00.000,15073,53
C567965,2011-09-23 09:23:00.000,14911,9
"568542",2011-09-27 14:31:00.000,16750,34
"553369",2011-05-16 14:30:00.000,15044,33
"547821",2011-03-25 14:50:00.000,12621,34
"566744",2011-09-14 15:11:00.000,14177,54
"577050",2011-11-17 13:59:00.000,14191,59
"567428",2011-09-20 11:35:00.000,14911,59
"553711",2011-05-18 15:39:00.000,13552,18
C558360,2011-06-28 15:10:00.000,16701,60
"543095",2011-02-03 11:30:00.000,16814,60
"569409",2011-10-04 09:38:00.000,14110,54
"548497",2011-03-31 13:43:00.000,13089,35
"555076",2011-05-31 12:11:00.000,13900,36
"548208",2011-03-29 17:12:00.000,14189,34
"571675",2011-10-18 13:26:00.000,13700,60
"576074",2011-11-13 16:14:00.000,13178,52
"569238",2011-10-02 15:52:00.000,17954,55
"578289",2011-11-23 14:07:00.000,17841,18
"576704",2011-11-16 12:29:00.000,14527,55
"547925",2011-03-28 13:57:00.000,12481,52
"571544",2011-10-17 16:53:00.000,17757,18
"565235",2011-09-02 09:43:00.000,13418,35
"570017",2011-10-07 10:09:00.000,15706,59
C579948,2011-12-01 10:56:00.000,16376,35
"556021",2011-06-08 12:03:00.000,12921,60
"568047",2011-09-23 12:27:00.000,15075,18
"545233",2011-03-01 10:25:00.000,18044,34
"543033",2011-02-02 15:48:00.000,17841,18
C553557,2011-05-17 17:03:00.000,13266,34
"548553",2011-04-01 09:19:00.000,12523,18
"571296",2011-10-16 16:13:00.000,13760,55
"561610",2011-07-28 12:28:00.000,16076,18
"581232",2011-12-08 10:26:00.000,12358,35
"550447",2011-04-18 12:36:00.000,16033,34
"578293",2011-11-23 14:36:00.000,15640,35
"555540",2011-06-05 12:48:00.000,13668,9
"557789",2011-06-22 16:32:00.000,12379,34
"539564",2010-12-20 11:45:00.000,18092,56
"573358",2011-10-30 12:46:00.000,17213,53
"567892",2011-09-22 15:51:00.000,15394,60
"567644",2011-09-21 14:17:00.000,16989,33
"568666",2011-09-28 12:54:00.000,14609,52
"548870",2011-04-04 14:41:00.000,14606,33
"568880",2011-09-29 12:39:00.000,14524,18
"540542",2011-01-09 15:18:00.000,15107,52
"536798",2010-12-02 15:55:00.000,17838,55
"561092",2011-07-25 09:58:00.000,17054,55
"571268",2011-10-16 12:06:00.000,15351,59
"576872",2011-11-16 16:26:00.000,13238,53
C547581,2011-03-24 10:58:00.000,12474,9
"577077",2011-11-17 15:16:00.000,17799,54
"577049",2011-11-17 13:58:00.000,17397,56
"546317",2011-03-11 09:07:00.000,14913,36
"551944",2011-05-05 11:08:00.000,14553,55
C573753,2011-11-01 09:37:00.000,14329,53
"566013",2011-09-08 12:16:00.000,17004,34
"536368",2010-12-01 08:34:00.000,13047,36
C576324,2011-11-14 15:10:00.000,16161,54
"566190",2011-09-09 13:20:00.000,12748,59
"571303",2011-10-17 09:36:00.000,13875,52
"557897",2011-06-23 14:25:00.000,13881,54
"541615",2011-01-20 10:43:00.000,16395,18
"540991",2011-01-12 16:52:00.000,16525,36
C562594,2011-08-07 15:44:00.000,12748,34
"556683",2011-06-14 09:43:00.000,15358,56
"576636",2011-11-16 09:34:00.000,12912,33
"579251",2011-11-28 16:39:00.000,17450,56
"543988",2011-02-15 09:50:00.000,14849,60
"546659",2011-03-15 14:25:00.000,16996,36
"552336",2011-05-09 11:26:00.000,15159,60
"561896",2011-07-31 15:22:00.000,15819,33
"558927",2011-07-05 10:23:00.000,18177,56
"550989",2011-04-21 18:22:00.000,13969,9
"562526",2011-08-05 13:46:00.000,16880,60
"571299",2011-10-17 08:30:00.000,13798,53
"581105",2011-12-07 12:14:00.000,16000,36
"559204",2011-07-07 11:02:00.000,13798,54
"553655",2011-05-18 11:14:00.000,16775,18
"550360",2011-04-18 10:55:00.000,14978,60
"563465",2011-08-16 14:55:00.000,16168,9
"567898",2011-09-22 16:20:00.000,13394,55
"562274",2011-08-04 10:00:00.000,12704,59
"566918",2011-09-15 14:50:00.000,12722,53
"546322",2011-03-11 09:42:00.000,14114,36
"572192",2011-10-21 11:30:00.000,18118,52
"540005",2011-01-04 10:38:00.000,17315,55
"540529",2011-01-09 13:50:00.000,16748,59
"569230",2011-10-02 15:07:00.000,16533,55
"565756",2011-09-06 13:20:00.000,18230,55
"551844",2011-05-04 14:03:00.000,14173,52
"576398",2011-11-15 10:48:00.000,15758,53
C538768,2010-12-14 11:34:00.000,14829,59
"578366",2011-11-24 10:53:00.000,16173,35
"575914",2011-11-11 16:31:00.000,17071,53
"569531",2011-10-04 15:02:00.000,12695,33
"545698",2011-03-06 14:44:00.000,15572,18
"573900",2011-11-01 14:45:00.000,17668,33
"553908",2011-05-19 18:28:00.000,18177,55
"557572",2011-06-21 10:55:00.000,15061,52
"538116",2010-12-09 15:32:00.000,13327,34
"539118",2010-12-16 11:27:00.000,15563,54
"541874",2011-01-24 10:01:00.000,15497,60
"540782",2011-01-11 11:32:00.000,15370,35
"567376",2011-09-20 09:54:00.000,13767,18
"563638",2011-08-18 10:36:00.000,15311,60
"546544",2011-03-14 15:41:00.000,16570,52
"551385",2011-04-28 11:38:00.000,16814,53
"574840",2011-11-07 11:41:00.000,12748,35
"577739",2011-11-21 13:36:00.000,14551,55
C539438,2010-12-17 15:11:00.000,16607,18
"572454",2011-10-24 12:38:00.000,13808,34
C570480,2011-10-10 17:00:00.000,17552,53
"554059",2011-05-20 16:25:00.000,14388,56
C549783,2011-04-12 11:50:00.000,16558,18
C579935,2011-12-01 09:46:00.000,14188,52
"566891",2011-09-15 13:51:00.000,14894,56
"578225",2011-11-23 11:51:00.000,17700,59
"575787",2011-11-11 11:18:00.000,12518,54
"559916",2011-07-13 15:18:00.000,14201,36
"548557",2011-04-01 09:56:00.000,15018,59
"570676",2011-10-11 15:10:00.000,14640,56
"554084",2011-05-22 11:52:00.000,12909,52
"540641",2011-01-10 13:20:00.000,16497,54
C537402,2010-12-06 14:43:00.000,15502,9
"556230",2011-06-09 14:45:00.000,17402,53
"581455",2011-12-08 18:25:00.000,18102,18
"559986",2011-07-14 11:47:00.000,15256,54
"563206",2011-08-14 12:08:00.000,17613,52
"566633",2011-09-14 10:40:00.000,17193,59
"554515",2011-05-24 16:25:00.000,15042,36
C579532,2011-11-30 09:21:00.000,12494,60
C549288,2011-04-07 18:06:00.000,14527,36
"571105",2011-10-13 16:01:00.000,17614,34
C541825,2011-01-21 17:01:00.000,12652,33
"580395",2011-12-04 10:56:00.000,17629,60
"544159",2011-02-16 12:48:00.000,14944,18
"563617",2011-08-18 09:45:00.000,15301,36
"581140",2011-12-07 13:23:00.000,13870,55
"579283",2011-11-29 10:45:00.000,13883,34
"558501",2011-06-30 10:19:00.000,13871,18
C580686,2011-12-05 15:28:00.000,15984,33
C546238,2011-03-10 12:58:00.000,13767,60
C564108,2011-08-23 10:42:00.000,12428,9
"536375",2010-12-01 09:32:00.000,17850,18
"547417",2011-03-23 10:25:00.000,13239,18
C577692,2011-11-21 11:47:00.000,14426,56
C553568,2011-05-18 09:20:00.000,13650,36
"560930",2011-07-22 10:23:00.000,15829,33
"571852",2011-10-19 13:20:00.000,14273,54
"567182",2011-09-18 15:21:00.000,13334,34
"560896",2011-07-21 17:26:00.000,15623,55
C539830,2010-12-22 13:13:00.000,14944,54
"574290",2011-11-03 15:18:00.000,17403,18
C546217,2011-03-10 12:04:00.000,14057,36
"548406",2011-03-31 09:57:00.000,15061,54
"581184",2011-12-07 16:24:00.000,12569,54
"544969",2011-02-25 11:32:00.000,15712,9
"552169",2011-05-06 12:44:00.000,17800,54
"560444",2011-07-18 17:15:00.000,13764,9
"554379",2011-05-24 11:35:00.000,14047,35
"552247",2011-05-06 19:48:00.000,12748,60
"543619",2011-02-10 14:51:00.000,16842,60
"541595",2011-01-19 16:08:00.000,14606,52
C554872,2011-05-27 10:59:00.000,16341,54
"544166",2011-02-16 13:14:00.000,14051,34
C536757,2010-12-02 14:23:00.000,15838,59
"553933",2011-05-20 10:30:00.000,15078,18
C548731,2011-04-04 10:12:00.000,12755,53
"578518",2011-11-24 13:54:00.000,14606,55
"550526",2011-04-19 10:40:00.000,14309,33
C541852,2011-01-23 14:21:00.000,17841,34
"543020",2011-02-02 14:29:00.000,15005,53
"561714",2011-07-29 11:56:00.000,18081,18
"578262",2011-11-23 13:27:00.000,18283,33
"580506",2011-12-04 13:34:00.000,13319,53
C548453,2011-03-31 11:37:00.000,17428,56
"580384",2011-12-04 10:10:00.000,17243,59
"542720",2011-01-31 14:35:00.000,12778,54
"565680",2011-09-06 10:27:00.000,14560,35
"557311",2011-06-19 15:36:00.000,15700,56
"554658",2011-05-25 14:18:00.000,12839,9
"558193",2011-06-27 12:25:00.000,16029,60
"578951",2011-11-27 14:40:00.000,15514,59
"538180",2010-12-10 09:53:00.000,13418,59
"567882",2011-09-22 15:03:00.000,12906,52
"555937",2011-06-08 09:39:00.000,12683,34
"551655",2011-05-03 12:07:00.000,17757,56
"541699",2011-01-21 09:03:00.000,17744,54
C562151,2011-08-03 10:55:00.000,17053,52
"546742",2011-03-16 12:26:00.000,12849,59
C552241,2011-05-06 17:38:00.000,14676,54
"563033",2011-08-11 14:48:00.000,16928,60
C575327,2011-11-09 13:47:00.000,14911,36
"569358",2011-10-03 14:53:00.000,18257,54
"540269",2011-01-06 11:39:00.000,14135,54
"542145",2011-01-26 09:26:00.000,13089,56
"545683",2011-03-06 11:50:00.000,14903,60
"558970",2011-07-05 11:10:00.000,18232,34
C557037,2011-06-16 13:56:00.000,16814,52
"572867",2011-10-26 13:19:00.000,14598,36
"539721",2010-12-21 13:34:00.000,17306,59
C545421,2011-03-02 14:28:00.000,13166,18
"561881",2011-07-31 12:47:00.000,16477,34
"575929",2011-11-11 17:23:00.000,13310,9
"575034",2011-11-08 11:38:00.000,15573,54
"557397",2011-06-20 11:23:00.000,17897,54
"554349",2011-05-24 08:49:00.000,14191,56
"566585",2011-09-13 14:06:00.000,16409,54
"548171",2011-03-29 13:58:00.000,16422,9
"549927",2011-04-13 10:19:00.000,16684,36
"576381",2011-11-15 09:26:00.000,12839,53
"572871",2011-10-26 13:24:00.000,13408,35
"572272",2011-10-21 16:18:00.000,13171,53
"577130",2011-11-17 19:58:00.000,15861,53
"557141",2011-06-17 09:54:00.000,16779,18
"544690",2011-02-23 08:48:00.000,14156,36
"547645",2011-03-24 11:40:00.000,12676,54
"543825",2011-02-14 09:33:00.000,16098,54
"564091",2011-08-23 09:57:00.000,15804,34
"561659",2011-07-28 16:11:00.000,17450,54
"561861",2011-07-31 10:28:00.000,16839,33
"568326",2011-09-26 14:00:00.000,13200,56
"575850",2011-11-11 12:11:00.000,17512,52
"564737",2011-08-28 14:00:00.000,15312,54
"568423",2011-09-27 11:24:00.000,17061,56
"557064",2011-06-16 15:07:00.000,13263,56
"577035",2011-11-17 13:21:00.000,15187,18
"566587",2011-09-13 14:30:00.000,14132,54
"557298",2011-06-19 13:55:00.000,17519,34
"565093",2011-09-01 10:38:00.000,13408,59
C574527,2011-11-04 13:58:00.000,14156,35
"550052",2011-04-14 12:00:00.000,17068,53
"547036",2011-03-20 10:35:00.000,17017,34
"575890",2011-11-11 14:09:00.000,15602,59
"551544",2011-05-03 09:33:00.000,12683,35
"568539",2011-09-27 14:07:00.000,13016,36
"555533",2011-06-05 12:12:00.000,15722,55
"557294",2011-06-19 13:28:00.000,13629,53
"557800",2011-06-23 09:56:00.000,12748,52
C553562,2011-05-17 17:26:00.000,13534,9
"560648",2011-07-20 11:33:00.000,18102,18
"556341",2011-06-10 11:36:00.000,16614,54
C555338,2011-06-02 11:22:00.000,14323,56
"566904",2011-09-15 13:57:00.000,15660,60
"541855",2011-01-23 14:59:00.000,13742,33
"567213",2011-09-19 11:04:00.000,14684,59
"579358",2011-11-29 11:50:00.000,16992,60
"570496",2011-10-11 09:05:00.000,16422,36
"562011",2011-08-01 13:54:00.000,16745,9
"561535",2011-07-28 09:48:00.000,15116,33
"540946",2011-01-12 12:43:00.000,12359,54
"572737",2011-10-25 15:39:00.000,13384,54
"579534",2011-11-30 09:33:00.000,13784,35
"561203",2011-07-25 15:17:00.000,14232,33
C565044,2011-08-31 17:02:00.000,12931,33
"552299",2011-05-08 14:44:00.000,15827,33
"567793",2011-09-22 11:40:00.000,12657,33
"549107",2011-04-06 12:08:00.000,17440,56
"536437",2010-12-01 12:12:00.000,13694,59
"551507",2011-04-28 18:11:00.000,18272,55
"573931",2011-11-02 10:16:00.000,16884,59
"572129",2011-10-21 09:25:00.000,17528,33
"557765",2011-06-22 14:23:00.000,16247,9
"545854",2011-03-07 13:51:00.000,14817,34
"579671",2011-11-30 12:38:00.000,12966,53
"537614",2010-12-07 13:29:00.000,16904,56
C575839,2011-11-11 11:40:00.000,12517,34
"567074",2011-09-16 12:22:00.000,17068,33
"560118",2011-07-15 10:21:00.000,16818,18
"568155",2011-09-25 12:15:00.000,17006,54
"550524",2011-04-19 10:08:00.000,16422,60
"543630",2011-02-10 16:01:00.000,15046,60
"537851",2010-12-08 15:39:00.000,13758,33
C554523,2011-05-24 17:17:00.000,12863,56
"553009",2011-05-12 16:52:00.000,13601,36
C568649,2011-09-28 11:51:00.000,16626,59
"573542",2011-10-31 13:03:00.000,14702,54
"567124",2011-09-16 13:45:00.000,15240,54
"576920",2011-11-17 10:49:00.000,13871,33
"540540",2011-01-09 15:10:00.000,17218,56
"537670",2010-12-08 09:07:00.000,13078,52
"570237",2011-10-09 14:48:00.000,13212,33
C536822,2010-12-02 17:19:00.000,14625,55
"564959",2011-08-31 14:22:00.000,17299,35
"580358",2011-12-02 16:07:00.000,17238,60
"560527",2011-07-19 11:57:00.000,15727,55
C550024,2011-04-14 11:19:00.000,13089,36
"575982",2011-11-13 13:42:00.000,13798,60
"573138",2011-10-27 17:22:00.000,15023,33
"551436",2011-04-28 15:13:00.000,16904,54
"573452",2011-10-31 10:45:00.000,17450,9
"540462",2011-01-07 12:45:00.000,16779,53
"560382",2011-07-18 12:49:00.000,17389,35
"553927",2011-05-20 09:56:00.000,17381,18
"567354",2011-09-19 16:15:00.000,18017,34
"548568",2011-04-01 10:43:00.000,14543,52
"559169",2011-07-06 17:25:00.000,16722,59
C544429,2011-02-18 15:45:00.000,16306,59
"560204",2011-07-15 13:17:00.000,12971,60
"572559",2011-10-25 08:44:00.000,12476,33
"550658",2011-04-20 09:01:00.000,13576,60
"546019",2011-03-08 17:25:00.000,14507,56
"571684",2011-10-18 14:11:00.000,16730,34
"563188",2011-08-12 15:00:00.000,15606,33
"553218",2011-05-16 09:54:00.000,13408,60
"541658",2011-01-20 12:16:00.000,15529,35
C573092,2011-10-27 14:38:00.000,13791,59
"560253",2011-07-17 12:52:00.000,13993,53
"552270",2011-05-08 11:56:00.000,16928,18
"569493",2011-10-04 13:35:00.000,13317,55
C556787,2011-06-14 13:26:00.000,16745,33
"559864",2011-07-13 10:38:00.000,14916,52
"543978",2011-02-14 15:37:00.000,12867,60
"574054",2011-11-02 14:07:00.000,18104,54
C569991,2011-10-06 20:15:00.000,14501,9
"577443",2011-11-20 11:16:00.000,12971,34
"571236",2011-10-14 14:38:00.000,15078,55
"539246",2010-12-16 13:33:00.000,14606,59
"571169",2011-10-14 10:28:00.000,16168,56
"558073",2011-06-24 16:21:00.000,13004,56
C548721,2011-04-04 08:59:00.000,12957,60
"574657",2011-11-06 11:43:00.000,13772,54
"555530",2011-06-05 11:46:00.000,16923,35
"566393",2011-09-12 12:45:00.000,13269,18
"537346",2010-12-06 12:21:00.000,15301,60
"577157",2011-11-18 09:58:00.000,12451,60
"543991",2011-02-15 10:17:00.000,13848,34
"578622",2011-11-24 15:28:00.000,18184,9
"554795",2011-05-26 12:46:00.000,14210,56
"545151",2011-02-28 12:46:00.000,16668,60
"556527",2011-06-13 11:33:00.000,16205,35
"565291",2011-09-02 11:53:00.000,18102,56
C550353,2011-04-18 10:29:00.000,17841,56
"577599",2011-11-21 08:26:00.000,15738,36
C557654,2011-06-21 17:34:00.000,14243,52
"537760",2010-12-08 11:42:00.000,15973,34
"541597",2011-01-19 16:19:00.000,14031,55
"576370",2011-11-15 08:00:00.000,15981,56
"559297",2011-07-07 12:36:00.000,16743,34
"541218",2011-01-14 14:02:00.000,16638,60
"573157",2011-10-28 08:53:00.000,17669,34
"569404",2011-10-04 09:03:00.000,13319,34
"576376",2011-11-15 09:11:00.000,16341,60
"573288",2011-10-28 14:42:00.000,14194,55
"560257",2011-07-17 13:25:00.000,13340,53
"556052",2011-06-08 13:14:00.000,13742,53
"550304",2011-04-17 10:27:00.000,14092,18
"567309",2011-09-19 13:39:00.000,12901,53
"561647",2011-07-28 15:20:00.000,13340,54
"553219",2011-05-16 09:57:00.000,13769,18
"537440",2010-12-06 17:16:00.000,17869,52
"560827",2011-07-21 11:42:00.000,14517,35
"552191",2011-05-06 14:12:00.000,16832,52
"553885",2011-05-19 15:41:00.000,12601,55
"573200",2011-10-28 11:43:00.000,12432,18
C568582,2011-09-28 10:02:00.000,13014,56
C547376,2011-03-22 14:40:00.000,14227,55
"548255",2011-03-30 10:46:00.000,13078,60
"554268",2011-05-23 12:59:00.000,15311,55
"562780",2011-08-09 13:03:00.000,14901,9
"571642",2011-10-18 12:07:00.000,17203,55
"559032",2011-07-05 14:53:00.000,17511,9
"577256",2011-11-18 12:25:00.000,15530,18
"568400",2011-09-27 10:27:00.000,13644,53
C542798,2011-02-01 11:09:00.000,12477,54
"540547",2011-01-09 16:07:00.000,14911,35
"546038",2011-03-09 10:19:00.000,15071,9
"577107",2011-11-17 17:30:00.000,16558,60
"556022",2011-06-08 12:04:00.000,12921,54
"571461",2011-10-17 14:12:00.000,16932,34
"562109",2011-08-02 15:42:00.000,13798,35
"539019",2010-12-15 14:12:00.000,17551,52
"548334",2011-03-30 13:56:00.000,18108,33
C548625,2011-04-01 12:14:00.000,13078,18
C552213,2011-05-06 15:10:00.000,13499,35
"577814",2011-11-22 09:16:00.000,15106,60
C554335,2011-05-23 17:18:00.000,15201,55
"563382",2011-08-16 10:50:00.000,18221,52
"580881",2011-12-06 12:19:00.000,16620,60
"561715",2011-07-29 12:03:00.000,13102,18
"540515",2011-01-09 11:54:00.000,15059,56
"558063",2011-06-24 15:28:00.000,16395,35
"541262",2011-01-16 15:50:00.000,18069,52
"551021",2011-04-26 11:25:00.000,13798,52
C575531,2011-11-10 11:12:00.000,12544,18
"581007",2011-12-07 08:55:00.000,12912,59
"581132",2011-12-07 12:55:00.000,17590,33
C567688,2011-09-21 16:48:00.000,13282,60
"553379",2011-05-16 15:28:00.000,14676,55
"546305",2011-03-10 16:16:00.000,14056,56
"572049",2011-10-20 12:21:00.000,17243,35
"571692",2011-10-18 14:34:00.000,13860,55
"563189",2011-08-12 15:22:00.000,12682,59
"552894",2011-05-12 10:53:00.000,14606,35
"539338",2010-12-17 10:54:00.000,17404,36
"564868",2011-08-31 10:42:00.000,16842,56
"545319",2011-03-01 14:42:00.000,16839,35
"555381",2011-06-02 14:38:00.000,17900,55
"561809",2011-07-29 15:12:00.000,16684,35
"543836",2011-02-14 10:52:00.000,15236,53
"542102",2011-01-25 13:26:00.000,12744,9
"546414",2011-03-13 10:25:00.000,16768,36
"561332",2011-07-26 14:25:00.000,13492,56
"551976",2011-05-05 13:29:00.000,15061,59
"538288",2010-12-10 12:58:00.000,12748,60
"575211",2011-11-09 10:39:00.000,17377,53
"546386",2011-03-11 13:31:00.000,14312,9
"537128",2010-12-05 12:15:00.000,12841,56
"559524",2011-07-10 10:14:00.000,16866,53
"546866",2011-03-17 15:47:00.000,14462,33
"561028",2011-07-24 11:06:00.000,17769,54
"558573",2011-06-30 14:47:00.000,17017,33
"564369",2011-08-25 09:39:00.000,15189,54
"563425",2011-08-16 11:37:00.000,15140,59
C538889,2010-12-14 16:24:00.000,12797,56
C546904,2011-03-17 18:33:00.000,16150,52
"552454",2011-05-09 14:22:00.000,18172,53
"558328",2011-06-28 12:09:00.000,15146,56
"574544",2011-11-04 14:49:00.000,17084,59
C575537,2011-11-10 11:14:00.000,14606,53
"560188",2011-07-15 12:10:00.000,18229,34
"574313",2011-11-03 17:45:00.000,13267,34
"552538",2011-05-10 10:11:00.000,13692,59
"570245",2011-10-09 16:11:00.000,14415,36
"579687",2011-11-30 13:50:00.000,14448,60
"581397",2011-12-08 13:25:00.000,17668,52
"555232",2011-06-01 12:33:00.000,14597,36
"577720",2011-11-21 12:21:00.000,16013,55
"555817",2011-06-07 11:51:00.000,17091,52
"553217",2011-05-16 09:52:00.000,13408,35
C576968,2011-11-17 11:51:00.000,13668,56
C566957,2011-09-15 16:45:00.000,18172,9
"549434",2011-04-08 12:30:00.000,12647,9
"574755",2011-11-07 09:28:00.000,13078,60
"553199",2011-05-15 15:13:00.000,17758,35
C545444,2011-03-02 16:24:00.000,13767,52
"574528",2011-11-04 14:03:00.000,16782,18
"562918",2011-08-10 13:51:00.000,15615,59
"565223",2011-09-01 19:08:00.000,15410,60
C564134,2011-08-23 11:02:00.000,12456,33
"545649",2011-03-04 13:14:00.000,14995,33
"557066",2011-06-16 15:10:00.000,17463,34
"579002",2011-11-27 16:27:00.000,14093,60
C573037,2011-10-27 13:45:00.000,12471,35
"572833",2011-10-26 11:41:00.000,12748,9
"569018",2011-09-30 09:25:00.000,12676,36
"571656",2011-10-18 12:43:00.000,16393,35
"566964",2011-09-15 17:09:00.000,17573,53
"566282",2011-09-11 14:29:00.000,15782,35
"547017",2011-03-18 14:51:00.000,13468,56
"555586",2011-06-06 09:12:00.000,14232,34
"550819",2011-04-20 17:37:00.000,17530,18
"545988",2011-03-08 12:52:00.000,12662,52
"572280",2011-10-23 11:05:00.000,16007,54
"569789",2011-10-06 11:41:00.000,16924,54
"575979",2011-11-13 13:30:00.000,14784,59
"560280",2011-07-17 15:50:00.000,16422,54
"546465",2011-03-14 10:57:00.000,14395,52
"580536",2011-12-04 16:07:00.000,12490,53
"536559",2010-12-01 14:54:00.000,17873,34
"562806",2011-08-09 14:56:00.000,13636,36
"560650",2011-07-20 11:38:00.000,15529,60
"576877",2011-11-16 16:43:00.000,16804,54
"578309",2011-11-23 16:20:00.000,15253,54
C540950,2011-01-12 12:51:00.000,18226,9
"570792",2011-10-12 12:01:00.000,12709,56
"547090",2011-03-20 16:12:00.000,17230,55
"573320",2011-10-30 10:29:00.000,15513,59
"542864",2011-02-01 12:03:00.000,13802,54
"562092",2011-08-02 12:55:00.000,16133,18
"573905",2011-11-01 15:06:00.000,16971,33
"569104",2011-09-30 12:30:00.000,15287,54
C538121,2010-12-09 15:36:00.000,15535,55
"561533",2011-07-28 09:32:00.000,16672,52
"547850",2011-03-27 12:06:00.000,14472,35
"538714",2010-12-14 11:01:00.000,14524,9
"570650",2011-10-11 13:13:00.000,13263,36
"552710",2011-05-11 07:35:00.000,13098,53
"537127",2010-12-05 12:13:00.000,13831,9
"545868",2011-03-07 14:33:00.000,17841,9
"565245",2011-09-02 10:24:00.000,16678,54
C562648,2011-08-08 12:56:00.000,14606,18
C545451,2011-03-02 16:53:00.000,13477,54
"545980",2011-03-08 12:49:00.000,14730,33
"552028",2011-05-05 18:09:00.000,13969,54
"544190",2011-02-16 16:56:00.000,13089,34
"577132",2011-11-18 08:21:00.000,13599,56
"574699",2011-11-06 13:53:00.000,13040,33
C558883,2011-07-04 14:51:00.000,17063,56
"556931",2011-06-15 15:35:00.000,15864,60
"574301",2011-11-03 16:15:00.000,12544,60
"568188",2011-09-25 14:33:00.000,16049,9
C561230,2011-07-26 10:19:00.000,14329,56
C550614,2011-04-19 12:40:00.000,13735,34
"537657",2010-12-07 16:42:00.000,18102,53
C561232,2011-07-26 10:21:00.000,16133,33
"559879",2011-07-13 11:20:00.000,15561,60
"559919",2011-07-13 15:30:00.000,12415,9
"580138",2011-12-02 08:55:00.000,13199,33
C580767,2011-12-06 10:52:00.000,14655,34
"574661",2011-11-06 11:56:00.000,13447,56
"564089",2011-08-23 09:53:00.000,15971,54
"558933",2011-07-05 10:39:00.000,16098,53
"558470",2011-06-29 15:33:00.000,16801,9
"554103",2011-05-22 13:51:00.000,15555,52
"560469",2011-07-19 10:40:00.000,12971,55
C566161,2011-09-09 11:39:00.000,17696,56
"575744",2011-11-11 10:03:00.000,14035,54
"546537",2011-03-14 14:32:00.000,15005,18
"566988",2011-09-16 10:56:00.000,16709,52
"570407",2011-10-10 12:52:00.000,17186,18
"568515",2011-09-27 12:44:00.000,14466,54
C561019,2011-07-22 16:52:00.000,15187,34
"544821",2011-02-24 09:05:00.000,12971,54
"538104",2010-12-09 15:16:00.000,17950,9
"540019",2011-01-04 12:18:00.000,12957,56
C545829,2011-03-07 13:08:00.000,15290,18
"546916",2011-03-18 08:32:00.000,15695,54
"565407",2011-09-04 11:00:00.000,16983,34
"549741",2011-04-12 09:53:00.000,13655,55
"577725",2011-11-21 12:38:00.000,14607,18
"549682",2011-04-11 13:22:00.000,12596,33
"553489",2011-05-17 12:43:00.000,15730,33
C548532,2011-03-31 17:16:00.000,14031,54
C563610,2011-08-18 06:36:00.000,14937,36
"564335",2011-08-24 14:23:00.000,15800,34
C578932,2011-11-27 12:44:00.000,15351,18
"545519",2011-03-03 12:27:00.000,16159,34
C577364,2011-11-18 16:18:00.000,14140,54
"576639",2011-11-16 09:43:00.000,13894,59
"571185",2011-10-14 11:15:00.000,13047,60
"552466",2011-05-09 15:21:00.000,13458,60
"537141",2010-12-05 12:57:00.000,15570,56
"545170",2011-02-28 14:15:00.000,14078,55
"570209",2011-10-09 10:29:00.000,16326,55
"563749",2011-08-19 10:10:00.000,12360,33
"576596",2011-11-15 14:57:00.000,14911,33
"560205",2011-07-15 13:55:00.000,17068,33
"557318",2011-06-19 16:11:00.000,14911,33
"580666",2011-12-05 14:06:00.000,15856,60
"571848",2011-10-19 12:50:00.000,13576,34
"562467",2011-08-05 11:50:00.000,13513,34
"574077",2011-11-02 15:56:00.000,17999,54
"567178",2011-09-18 14:08:00.000,17858,53
C546241,2011-03-10 13:04:00.000,14903,35
"573007",2011-10-27 12:22:00.000,16009,55
"546247",2011-03-10 13:34:00.000,18086,18
"575255",2011-11-09 11:55:00.000,15769,60
"575680",2011-11-10 15:23:00.000,13148,33
"538943",2010-12-15 11:15:00.000,14060,18
"555930",2011-06-08 08:26:00.000,14745,52
"579529",2011-11-30 08:50:00.000,12488,55
C576226,2011-11-14 13:10:00.000,13268,33
"576608",2011-11-15 15:49:00.000,17381,53
"575712",2011-11-10 17:46:00.000,13606,53
"539725",2010-12-21 13:58:00.000,17211,35
"541962",2011-01-24 12:58:00.000,12693,54
"581383",2011-12-08 13:04:00.000,15399,60
"580688",2011-12-05 15:38:00.000,15550,36
"551836",2011-05-04 13:22:00.000,17394,33
"578253",2011-11-23 12:51:00.000,14744,34
C544780,2011-02-23 12:05:00.000,16701,54
"571212",2011-10-14 12:53:00.000,12856,54
"568209",2011-09-25 15:43:00.000,13089,59
"544151",2011-02-16 12:02:00.000,15024,59
"536851",2010-12-03 09:49:00.000,12967,56
C576925,2011-11-17 10:54:00.000,14102,9
"560180",2011-07-15 11:38:00.000,14640,55
"562387",2011-08-04 15:51:00.000,13402,18
"537871",2010-12-08 17:20:00.000,12748,52
"552770",2011-05-11 11:57:00.000,13404,36
"550283",2011-04-15 14:05:00.000,18094,34
"556318",2011-06-10 10:49:00.000,16767,9
"554668",2011-05-25 15:19:00.000,18226,54
C543917,2011-02-14 13:40:00.000,12951,33
"560183",2011-07-15 11:48:00.000,12971,36
"551170",2011-04-26 16:40:00.000,15145,9
"570793",2011-10-12 12:08:00.000,12444,56
"567102",2011-09-16 13:32:00.000,14124,60
"577477",2011-11-20 11:32:00.000,14157,54
"573746",2011-11-01 09:01:00.000,13461,55
C569989,2011-10-06 20:08:00.000,16839,33
"552451",2011-05-09 13:59:00.000,14543,52
"575589",2011-11-10 12:05:00.000,14262,36
"541288",2011-01-17 13:21:00.000,14525,35
"570503",2011-10-11 09:26:00.000,17965,54
"549967",2011-04-13 14:21:00.000,17873,52
C538083,2010-12-09 14:40:00.000,15750,60
"577218",2011-11-18 12:02:00.000,13117,34
"566053",2011-09-08 14:57:00.000,14410,33
"579000",2011-11-27 16:18:00.000,13991,55
"560018",2011-07-14 12:52:00.000,15987,55
"574707",2011-11-06 14:08:00.000,17107,54
C541117,2011-01-13 17:09:00.000,15100,52
"554637",2011-05-25 11:58:00.000,14688,59
"553211",2011-05-16 09:40:00.000,15358,52
"549325",2011-04-08 10:32:00.000,12717,59
"568312",2011-09-26 12:54:00.000,18241,56
"540350",2011-01-06 14:14:00.000,18283,36
"552883",2011-05-12 10:13:00.000,14646,18
"566817",2011-09-15 10:53:00.000,16160,59
"572886",2011-10-26 13:46:00.000,12448,55
"562551",2011-08-05 16:19:00.000,17231,54
"572563",2011-10-25 09:31:00.000,12928,34
"577734",2011-11-21 13:14:00.000,17502,60
"567379",2011-09-20 10:02:00.000,13089,9
"537698",2010-12-08 10:51:00.000,13199,60
"562523",2011-08-05 13:26:00.000,16174,34
"566258",2011-09-11 12:45:00.000,13124,36
C574095,2011-11-03 09:54:00.000,12674,55
"572452",2011-10-24 12:36:00.000,12921,35
"554952",2011-05-27 14:48:00.000,14227,60
"548630",2011-04-01 12:22:00.000,16333,55
"561025",2011-07-24 10:37:00.000,16241,36
"570000",2011-10-07 08:55:00.000,12420,54
"556782",2011-06-14 13:04:00.000,14871,34
C564940,2011-08-31 13:10:00.000,12931,35
"540258",2011-01-06 08:52:00.000,14045,52
"562883",2011-08-10 11:24:00.000,14056,35
C548891,2011-04-04 15:34:00.000,13418,36
"576059",2011-11-13 15:19:00.000,15411,34
"562603",2011-08-08 10:40:00.000,17870,18
C549945,2011-04-13 12:39:00.000,18270,33
"565679",2011-09-06 10:12:00.000,15199,55
"577515",2011-11-20 13:02:00.000,13427,54
"549752",2011-04-12 11:01:00.000,13089,53
"545001",2011-02-25 12:40:00.000,16841,33
"540649",2011-01-10 14:59:00.000,15061,55
"558685",2011-07-01 11:32:00.000,17706,9
"569679",2011-10-05 14:19:00.000,16160,59
C554001,2011-05-20 11:54:00.000,16818,54
"538917",2010-12-15 10:57:00.000,17449,52
"559863",2011-07-13 10:33:00.000,15039,9
"579834",2011-11-30 16:09:00.000,17288,9
"536396",2010-12-01 10:51:00.000,17850,36
C555409,2011-06-03 09:18:00.000,13854,9
"558090",2011-06-26 12:51:00.000,14808,34
"553930",2011-05-20 10:22:00.000,13178,9
"565067",2011-08-31 17:16:00.000,15856,36
"548856",2011-04-04 13:26:00.000,15311,34
"540947",2011-01-12 12:43:00.000,15939,56
"558181",2011-06-27 12:01:00.000,17980,54
"564195",2011-08-23 16:49:00.000,14060,35
"564048",2011-08-22 13:20:00.000,16013,36
C554486,2011-05-24 13:25:00.000,13168,56
"562568",2011-08-07 11:59:00.000,12720,53
"577747",2011-11-21 14:21:00.000,17450,59
"573331",2011-10-30 11:25:00.000,15860,33
"543370",2011-02-07 14:51:00.000,12359,52
"576568",2011-11-15 13:42:00.000,17153,55
"571043",2011-10-13 13:20:00.000,17892,36
"558353",2011-06-28 14:55:00.000,17940,55
"556051",2011-06-08 13:09:00.000,13742,59
C569038,2011-09-30 10:46:00.000,12940,9
"547412",2011-03-23 09:42:00.000,12399,18
"580371",2011-12-02 16:56:00.000,18174,36
"544154",2011-02-16 12:13:00.000,13414,59
"542590",2011-01-28 16:18:00.000,17920,34
"555102",2011-05-31 13:50:00.000,14819,36
"569729",2011-10-06 09:43:00.000,16350,35
"542911",2011-02-01 15:41:00.000,12676,52
"550071",2011-04-14 12:12:00.000,16735,34
C555864,2011-06-07 14:29:00.000,15189,18
"549277",2011-04-07 13:11:00.000,16469,33
"574342",2011-11-04 10:10:00.000,13447,54
"569206",2011-10-02 10:58:00.000,15038,36
"572812",2011-10-26 11:19:00.000,15089,56
"578708",2011-11-25 11:21:00.000,15737,35
"537086",2010-12-05 12:01:00.000,15332,33
"560897",2011-07-21 17:26:00.000,12971,54
"552053",2011-05-06 10:16:00.000,16153,34
"538633",2010-12-13 13:28:00.000,16726,59
"546732",2011-03-16 11:41:00.000,14606,56
"564632",2011-08-26 11:58:00.000,16556,9
C555288,2011-06-02 09:57:00.000,12431,34
"539288",2010-12-16 16:28:00.000,17857,33
"547825",2011-03-25 15:01:00.000,12778,33
"554917",2011-05-27 12:29:00.000,15104,34
"540753",2011-01-11 10:31:00.000,14217,18
C547104,2011-03-21 11:02:00.000,16817,53
"562130",2011-08-03 09:13:00.000,12750,60
"547898",2011-03-28 11:49:00.000,16523,55
"572931",2011-10-27 10:02:00.000,17613,36
"579107",2011-11-28 11:43:00.000,16705,52
"572683",2011-10-25 13:53:00.000,15158,52
"550347",2011-04-18 09:33:00.000,14227,35
"563259",2011-08-15 12:19:00.000,17958,33
C537314,2010-12-06 11:42:00.000,13497,55
"557673",2011-06-22 10:15:00.000,16180,34
C579914,2011-12-01 08:56:00.000,13267,9
C540783,2011-01-11 11:38:00.000,17629,54
"577142",2011-11-18 09:19:00.000,13985,59
"549956",2011-04-13 13:42:00.000,14898,60
"578010",2011-11-22 12:50:00.000,15971,18
"575729",2011-11-10 19:49:00.000,17932,54
C570996,2011-10-13 12:02:00.000,14849,55
"546913",2011-03-17 20:18:00.000,15861,60
"556908",2011-06-15 13:23:00.000,18165,54
"546944",2011-03-18 11:13:00.000,14701,60
"577797",2011-11-21 16:54:00.000,15105,52
"549917",2011-04-13 09:42:00.000,16607,33
"554096",2011-05-22 12:51:00.000,14921,56
C562800,2011-08-09 14:34:00.000,16401,53
"540839",2011-01-11 15:42:00.000,16791,33
"553919",2011-05-20 08:41:00.000,17416,36
"570097",2011-10-07 12:05:00.000,16029,18
"567941",2011-09-22 18:24:00.000,13519,60
"551193",2011-04-27 11:05:00.000,17954,55
"567662",2011-09-21 15:12:00.000,17758,34
"556059",2011-06-08 13:56:00.000,13630,59
"540976",2011-01-12 15:00:00.000,12652,60
"555199",2011-06-01 12:05:00.000,14606,18
"565186",2011-09-01 15:56:00.000,17220,33
"541015",2011-01-13 11:57:00.000,16315,54
"561656",2011-07-28 16:03:00.000,17071,18
"542733",2011-01-31 15:35:00.000,15058,53
"551564",2011-05-03 10:56:00.000,16609,33
"550940",2011-04-21 15:26:00.000,18008,56
C545437,2011-03-02 15:52:00.000,13093,59
"571610",2011-10-18 10:55:00.000,13953,35
"563192",2011-08-12 16:10:00.000,16745,54
C559468,2011-07-08 13:36:00.000,14905,9
"562701",2011-08-08 13:59:00.000,13767,54
"578334",2011-11-24 08:53:00.000,15594,18
C557282,2011-06-19 12:25:00.000,13632,56
"579307",2011-11-29 11:34:00.000,17655,56
"563917",2011-08-21 13:46:00.000,14572,60
"544698",2011-02-23 09:53:00.000,17949,54
"563522",2011-08-17 10:59:00.000,17975,18
"561329",2011-07-26 13:57:00.000,15044,34
C543768,2011-02-11 15:20:00.000,14497,54
"579136",2011-11-28 12:45:00.000,16094,60
"568566",2011-09-27 17:47:00.000,17609,59
"574668",2011-11-06 12:12:00.000,15514,55
"552843",2011-05-11 14:37:00.000,14649,9
"554776",2011-05-26 11:43:00.000,14911,52
"559352",2011-07-07 17:47:00.000,17837,36
"577336",2011-11-18 14:50:00.000,14793,53
"576911",2011-11-17 10:01:00.000,17461,9
"558365",2011-06-28 15:28:00.000,13631,9
"562346",2011-08-04 12:14:00.000,16187,33
"551189",2011-04-27 10:04:00.000,16029,53
"575621",2011-11-10 13:03:00.000,16892,52
"538860",2010-12-14 14:02:00.000,17757,56
"565086",2011-09-01 09:57:00.000,13631,34
"580301",2011-12-02 14:11:00.000,15271,9
"553485",2011-05-17 12:25:00.000,13208,34
"541012",2011-01-13 11:48:00.000,17019,59
"549541",2011-04-10 10:16:00.000,17268,59
"577054",2011-11-17 14:19:00.000,13815,53
"552542",2011-05-10 10:20:00.000,16841,53
"550187",2011-04-14 18:40:00.000,13811,36
"541119",2011-01-14 08:16:00.000,16493,56
"537222",2010-12-05 16:00:00.000,14404,54
"547690",2011-03-24 14:55:00.000,16063,18
"580992",2011-12-06 17:04:00.000,14282,9
"555367",2011-06-02 14:28:00.000,17900,59
"563031",2011-08-11 14:38:00.000,13263,53
C554197,2011-05-23 12:14:00.000,14573,52
"548983",2011-04-05 12:30:00.000,16906,53
"570488",2011-10-10 17:12:00.000,14096,59
C581100,2011-12-07 11:44:00.000,14534,60
"567886",2011-09-22 15:18:00.000,12930,52
"574704",2011-11-06 14:02:00.000,15696,33
"543116",2011-02-03 13:29:00.000,17672,52
C560365,2011-07-18 12:17:00.000,14390,33
"563030",2011-08-11 14:36:00.000,14834,55
"563533",2011-08-17 11:14:00.000,16241,55
"563180",2011-08-12 14:25:00.000,16209,53
"560754",2011-07-20 15:56:00.000,17754,35
"561514",2011-07-27 15:14:00.000,14331,56
"548317",2011-03-30 12:43:00.000,18179,9
"577719",2011-11-21 12:20:00.000,16013,52
"576929",2011-11-17 11:09:00.000,16638,33
"572047",2011-10-20 12:13:00.000,16474,59
"580057",2011-12-01 13:18:00.000,12955,56
"540795",2011-01-11 12:00:00.000,13078,54
"545234",2011-03-01 10:26:00.000,18075,35
"539463",2010-12-19 11:19:00.000,18077,56
"578015",2011-11-22 12:58:00.000,12971,60
"553834",2011-05-19 11:47:00.000,15189,35
"578630",2011-11-24 16:06:00.000,12748,9
"577690",2011-11-21 11:34:00.000,12856,36
"548333",2011-03-30 13:44:00.000,15189,33
"573425",2011-10-31 10:05:00.000,16836,55
"543355",2011-02-07 13:50:00.000,16033,60
"561470",2011-07-27 13:14:00.000,12523,60
"573075",2011-10-27 14:04:00.000,17545,9
"574917",2011-11-07 16:30:00.000,14135,59
"542568",2011-01-28 14:53:00.000,14215,53
"551549",2011-05-03 09:46:00.000,17501,56
"571553",2011-10-18 09:07:00.000,17317,52
"570467",2011-10-10 16:06:00.000,12607,34
"574047",2011-11-02 13:26:00.000,13318,55
"560445",2011-07-19 09:08:00.000,14156,35
"577810",2011-11-22 08:44:00.000,17949,59
C538700,2010-12-14 10:25:00.000,16499,18
C568237,2011-09-26 11:59:00.000,13481,9
"566173",2011-09-09 12:24:00.000,12787,53
"563694",2011-08-18 13:16:00.000,14741,52
C557508,2011-06-20 16:13:00.000,16684,18
"544919",2011-02-24 16:31:00.000,13725,56
"573278",2011-10-28 13:19:00.000,16102,33
"551058",2011-04-26 12:07:00.000,14606,35
"569894",2011-10-06 15:53:00.000,15707,35
"565670",2011-09-06 09:23:00.000,14944,9
"557950",2011-06-23 17:35:00.000,17848,59
"557284",2011-06-19 12:29:00.000,17377,55
"578696",2011-11-25 10:02:00.000,13985,9
"577784",2011-11-21 16:24:00.000,13862,59
"538179",2010-12-10 09:52:00.000,17696,36
"541481",2011-01-18 12:09:00.000,14696,53
"560287",2011-07-18 09:49:00.000,13821,36
C538084,2010-12-09 14:42:00.000,12649,55
C572469,2011-10-24 13:31:00.000,13534,18
"580509",2011-12-04 13:45:00.000,12719,53
C537656,2010-12-07 16:21:00.000,15100,34
"560555",2011-07-19 13:01:00.000,14178,53
"578485",2011-11-24 12:52:00.000,12921,52
"566816",2011-09-15 10:53:00.000,12731,53
"578277",2011-11-23 13:51:00.000,12723,35
"574014",2011-11-02 12:03:00.000,12415,9
"557759",2011-06-22 13:52:00.000,14156,35
"541566",2011-01-19 11:50:00.000,17722,34
"559709",2011-07-12 10:21:00.000,16656,18
"540563",2011-01-10 10:35:00.000,15100,55
"556970",2011-06-16 10:18:00.000,13082,36
"554813",2011-05-26 13:26:00.000,15852,53
"554969",2011-05-27 16:30:00.000,14976,35
"537810",2010-12-08 13:30:00.000,15032,33
"540700",2011-01-11 09:47:00.000,12393,53
C556648,2011-06-13 16:15:00.000,16038,9
"552307",2011-05-08 15:20:00.000,12748,35
"549538",2011-04-08 17:25:00.000,17961,52
"545471",2011-03-03 10:34:00.000,15087,18
"578512",2011-11-24 13:28:00.000,15187,56
"557032",2011-06-16 13:46:00.000,16011,56
"548340",2011-03-30 14:23:00.000,13426,34
"572070",2011-10-20 13:37:00.000,15587,52
"540689",2011-01-11 08:43:00.000,17450,35
C575173,2011-11-08 17:54:00.000,15275,9
"537671",2010-12-08 09:20:00.000,13267,33
"563179",2011-08-12 14:19:00.000,12431,36
"577523",2011-11-20 13:33:00.000,12597,18
"580808",2011-12-06 11:24:00.000,16133,35
"574087",2011-11-03 08:41:00.000,15651,36
"569666",2011-10-05 13:36:00.000,17690,18
"540968",2011-01-12 13:40:00.000,17338,52
"565197",2011-09-01 16:16:00.000,13376,59
C539640,2010-12-20 15:27:00.000,15311,54
"566913",2011-09-15 14:07:00.000,17602,60
C543627,2011-02-10 15:50:00.000,15601,52
"577382",2011-11-18 16:48:00.000,17961,59
"551003",2011-04-26 09:44:00.000,16456,56
"559536",2011-07-10 12:17:00.000,16283,54
"565592",2011-09-05 13:54:00.000,16029,52
"550329",2011-04-17 13:20:00.000,13951,60
"548614",2011-04-01 11:47:00.000,14419,55
"567085",2011-09-16 12:38:00.000,12434,55
"569223",2011-10-02 13:49:00.000,16283,33
"541283",2011-01-17 12:34:00.000,12820,59
"575687",2011-11-10 16:03:00.000,16126,33
"564480",2011-08-25 13:24:00.000,17656,59
"564135",2011-08-23 11:12:00.000,16550,52
"554355",2011-05-24 09:20:00.000,16992,54
C553998,2011-05-20 11:50:00.000,16618,56
"569127",2011-09-30 13:31:00.000,15903,54
"575899",2011-11-11 15:13:00.000,16133,56
"562776",2011-08-09 12:23:00.000,14180,36
"567329",2011-09-19 14:43:00.000,13416,9
"546189",2011-03-10 10:56:00.000,13102,33
C561606,2011-07-28 12:10:00.000,13420,9
"538899",2010-12-15 09:49:00.000,16817,54
C545529,2011-03-03 13:26:00.000,16191,59
"563257",2011-08-15 12:07:00.000,13799,9
"559300",2011-07-07 12:40:00.000,12471,59
"542806",2011-02-01 11:19:00.000,12836,54
"565842",2011-09-07 12:10:00.000,13808,59
"572892",2011-10-26 14:20:00.000,17017,34
"546525",2011-03-14 12:58:00.000,14733,60
"551531",2011-05-01 13:45:00.000,15376,35
"556501",2011-06-13 08:40:00.000,16700,33
"580160",2011-12-02 10:47:00.000,12700,36
"545477",2011-03-03 11:07:00.000,14573,18
"574826",2011-11-07 10:58:00.000,15870,35
"576055",2011-11-13 15:02:00.000,15449,34
"536809",2010-12-02 16:48:00.000,15299,33
C568596,2011-09-28 11:13:00.000,16493,53
C539566,2010-12-20 11:56:00.000,16705,59
"566632",2011-09-14 10:35:00.000,15622,35
"566315",2011-09-12 10:01:00.000,15392,18
"553900",2011-05-19 17:47:00.000,12353,52
"547844",2011-03-27 11:44:00.000,15045,60
"541708",2011-01-21 11:08:00.000,18223,35
"579123",2011-11-28 12:08:00.000,14217,53
"564753",2011-08-30 10:20:00.000,13709,56
C570207,2011-10-09 10:20:00.000,16326,9
"544454",2011-02-20 13:13:00.000,13301,60
"546637",2011-03-15 12:37:00.000,13854,34
"540469",2011-01-07 14:04:00.000,12484,33
"547841",2011-03-27 11:02:00.000,16923,35
"570679",2011-10-11 15:26:00.000,17769,18
"555691",2011-06-06 14:31:00.000,12843,33
"563927",2011-08-21 15:01:00.000,14013,18
C560898,2011-07-21 17:30:00.000,12722,53
"542351",2011-01-27 12:13:00.000,14560,52
"545912",2011-03-08 10:33:00.000,15944,35
C553687,2011-05-18 14:01:00.000,15311,18
"540703",2011-01-11 09:58:00.000,14135,56
C555411,2011-06-03 09:46:00.000,13069,18
"568650",2011-09-28 11:56:00.000,13505,56
"539442",2010-12-17 15:39:00.000,16558,34
"554866",2011-05-27 10:41:00.000,13488,60
"559308",2011-07-07 13:05:00.000,13158,52
"568082",2011-09-23 14:38:00.000,14944,34
"537837",2010-12-08 14:59:00.000,13077,9
"555286",2011-06-02 09:40:00.000,14298,56
"542174",2011-01-26 11:14:00.000,16043,60
"539109",2010-12-16 11:07:00.000,16013,53
"565791",2011-09-07 09:33:00.000,16029,36
"554441",2011-05-24 12:22:00.000,13213,54
"547109",2011-03-21 11:46:00.000,12423,33
C544674,2011-02-22 15:48:00.000,13421,9
"580388",2011-12-04 10:30:00.000,18065,56
C579783,2011-11-30 15:21:00.000,17727,36
"578248",2011-11-23 12:40:00.000,16255,59
"573165",2011-10-28 09:12:00.000,16164,53
"579099",2011-11-28 11:26:00.000,15714,34
"545238",2011-03-01 11:02:00.000,15241,36
C579928,2011-12-01 09:29:00.000,14121,54
"565765",2011-09-06 14:19:00.000,12526,33
"537129",2010-12-05 12:15:00.000,13506,60
"575840",2011-11-11 11:56:00.000,13137,55
"558096",2011-06-26 13:24:00.000,15532,56
"567477",2011-09-20 13:20:00.000,16327,34
"546900",2011-03-17 18:28:00.000,14298,52
"562804",2011-08-09 14:48:00.000,13355,53
"538194",2010-12-10 10:52:00.000,17790,33
"572509",2011-10-24 14:25:00.000,17004,35
C536734,2010-12-02 12:50:00.000,16042,55
"576571",2011-11-15 13:48:00.000,12950,60
C567948,2011-09-23 08:21:00.000,14769,55
"575622",2011-11-10 13:13:00.000,16743,35
C569976,2011-10-06 19:26:00.000,16747,56
"558885",2011-07-04 15:10:00.000,13267,54
"545327",2011-03-01 15:16:00.000,13166,34
"543253",2011-02-04 15:32:00.000,14842,18
"578508",2011-11-24 13:06:00.000,16892,60
"553204",2011-05-15 16:13:00.000,16877,60
C575156,2011-11-08 16:18:00.000,16602,60
"558887",2011-07-04 15:26:00.000,18265,35
C555054,2011-05-31 11:32:00.000,14903,54
"554508",2011-05-24 15:33:00.000,13213,56
"580105",2011-12-01 15:24:00.000,17675,35
"555488",2011-06-03 13:43:00.000,16942,54
"575938",2011-11-13 11:30:00.000,17790,55
"542900",2011-02-01 14:24:00.000,14180,34
C554342,2011-05-23 17:42:00.000,16912,56
"559060",2011-07-06 10:00:00.000,15738,35
"551816",2011-05-04 11:50:00.000,15906,55
"567505",2011-09-20 14:34:00.000,12352,53
"580173",2011-12-02 11:43:00.000,18282,56
"557280",2011-06-19 12:19:00.000,16701,9
"580147",2011-12-02 10:07:00.000,17183,59
"556794",2011-06-14 14:06:00.000,13720,9
"536538",2010-12-01 13:54:00.000,14594,18
"569420",2011-10-04 10:33:00.000,16881,18
"572184",2011-10-21 10:51:00.000,12403,33
"578026",2011-11-22 13:29:00.000,17659,56
"573230",2011-10-28 11:55:00.000,13199,33
"545303",2011-03-01 12:48:00.000,15319,33
"542100",2011-01-25 13:15:00.000,15339,53
"562788",2011-08-09 13:48:00.000,17669,56
"557633",2011-06-21 15:13:00.000,13750,54
"577056",2011-11-17 14:24:00.000,17985,36
"566600",2011-09-13 15:41:00.000,13704,36
C552027,2011-05-05 18:09:00.000,16705,52
"557131",2011-06-17 08:52:00.000,13456,18
"575207",2011-11-09 10:27:00.000,18172,55
"573143",2011-10-27 17:56:00.000,13098,35
"571918",2011-10-19 16:05:00.000,17350,55
"550899",2011-04-21 12:07:00.000,13505,52
"571668",2011-10-18 13:10:00.000,16515,56
"553674",2011-05-18 12:50:00.000,12483,18
"542370",2011-01-27 13:23:00.000,13004,36
"566625",2011-09-14 09:38:00.000,14911,36
"556121",2011-06-09 10:09:00.000,15855,35
"543595",2011-02-10 12:19:00.000,16027,54
"560295",2011-07-18 10:21:00.000,16681,35
"547918",2011-03-28 12:49:00.000,15249,55
"575958",2011-11-13 12:23:00.000,15021,55
"552358",2011-05-09 12:20:00.000,15673,56
"564856",2011-08-31 09:11:00.000,12477,52
C560148,2011-07-15 11:10:00.000,15769,36
C554338,2011-05-23 17:29:00.000,14038,34
"577093",2011-11-17 16:37:00.000,13089,54
"575727",2011-11-10 19:32:00.000,18135,35
"578824",2011-11-25 14:02:00.000,17883,34
"538827",2010-12-14 12:59:00.000,14298,33
C553502,2011-05-17 13:03:00.000,17677,33
C540790,2011-01-11 11:48:00.000,16145,36
"568697",2011-09-28 14:57:00.000,16281,52
"566024",2011-09-08 12:51:00.000,13871,59
"570144",2011-10-07 13:57:00.000,13004,35
"550967",2011-04-21 16:58:00.000,12971,36
C538745,2010-12-14 11:27:00.000,16722,52
"561036",2011-07-24 11:54:00.000,13137,54
"540033",2011-01-04 14:12:00.000,13680,53
C545040,2011-02-27 10:25:00.000,13684,9
"572926",2011-10-27 09:23:00.000,15659,60
"556481",2011-06-12 13:00:00.000,16115,35
"563346",2011-08-15 13:37:00.000,14282,34
"579191",2011-11-28 15:35:00.000,16684,59
"545164",2011-02-28 13:40:00.000,16458,9
"569640",2011-10-05 12:25:00.000,12471,60
"551305",2011-04-27 14:58:00.000,16145,60
"574022",2011-11-02 12:20:00.000,12594,9
"538113",2010-12-09 15:29:00.000,15811,59
"560920",2011-07-21 18:36:00.000,15370,54
"563744",2011-08-19 09:35:00.000,13266,52
"572053",2011-10-20 12:28:00.000,14495,53
"553466",2011-05-17 11:10:00.000,17949,55
"569769",2011-10-06 11:28:00.000,13078,54
"548715",2011-04-03 15:22:00.000,17758,53
C541092,2011-01-13 12:56:00.000,13473,33
"545225",2011-03-01 09:22:00.000,12971,33
"537803",2010-12-08 13:14:00.000,15916,60
"556596",2011-06-13 14:29:00.000,17349,9
"572236",2011-10-21 14:42:00.000,14646,36
C538887,2010-12-14 16:19:00.000,13198,53
C558082,2011-06-26 11:43:00.000,16239,35
"556199",2011-06-09 12:40:00.000,16170,36
"552657",2011-05-10 14:51:00.000,18041,55
"568966",2011-09-29 15:52:00.000,14681,9
"544390",2011-02-18 11:36:00.000,14911,54
C544507,2011-02-21 11:46:00.000,17865,18
"558565",2011-06-30 13:58:00.000,14803,52
"554819",2011-05-26 14:09:00.000,17550,33
"578375",2011-11-24 11:41:00.000,16157,55
"565806",2011-09-07 10:51:00.000,15594,56
"581404",2011-12-08 13:47:00.000,13680,53
C552919,2011-05-12 11:23:00.000,13282,53
"562838",2011-08-09 15:59:00.000,13162,59
"545978",2011-03-08 12:19:00.000,13975,33
"544394",2011-02-18 12:02:00.000,13932,53
"538656",2010-12-13 15:20:00.000,17371,54
"573412",2011-10-30 16:11:00.000,13870,53
"559797",2011-07-12 13:31:00.000,12720,18
"559881",2011-07-13 11:33:00.000,16899,55
"565730",2011-09-06 12:02:00.000,14715,55
"578515",2011-11-24 13:40:00.000,16885,52
"574862",2011-11-07 12:27:00.000,12408,55
"564710",2011-08-28 10:21:00.000,15625,18
"566398",2011-09-12 13:10:00.000,12884,53
"559363",2011-07-08 08:45:00.000,16091,18
C559003,2011-07-05 12:19:00.000,13089,60
"555343",2011-06-02 11:42:00.000,15918,52
C561234,2011-07-26 10:25:00.000,13327,34
"537354",2010-12-06 12:23:00.000,12748,54
"567637",2011-09-21 13:57:00.000,17865,36
"555471",2011-06-03 11:42:00.000,16117,54
"552530",2011-05-10 08:58:00.000,13055,9
"544439",2011-02-20 10:16:00.000,13798,33
"536769",2010-12-02 14:47:00.000,17581,33
"540866",2011-01-12 11:21:00.000,17324,33
"556447",2011-06-10 15:37:00.000,15632,33
"581133",2011-12-07 12:55:00.000,14904,56
"553916",2011-05-20 08:18:00.000,17166,34
"536634",2010-12-02 11:21:00.000,18041,9
"566833",2011-09-15 11:47:00.000,17865,36
"552281",2011-05-08 12:42:00.000,15704,36
"563580",2011-08-17 15:53:00.000,16706,18
"563264",2011-08-15 12:46:00.000,13720,9
"538866",2010-12-14 14:40:00.000,17841,34
C575035,2011-11-08 11:38:00.000,15005,54
"569691",2011-10-05 15:09:00.000,18223,59
"561926",2011-08-01 12:48:00.000,12749,53
"566276",2011-09-11 14:00:00.000,13450,33
"555557",2011-06-05 14:06:00.000,13682,56
"545748",2011-03-07 11:52:00.000,17381,60
"577179",2011-11-18 11:20:00.000,18061,35
C553533,2011-05-17 15:13:00.000,17612,18
"570103",2011-10-07 12:18:00.000,15719,33
"570129",2011-10-07 13:34:00.000,12885,59
"541847",2011-01-23 13:25:00.000,15443,36
"541680",2011-01-20 14:18:00.000,14062,35
C545678,2011-03-06 10:49:00.000,16678,33
"549296",2011-04-08 07:37:00.000,14619,34
"562529",2011-08-05 14:05:00.000,15201,18
"569872",2011-10-06 15:05:00.000,13089,53
"539039",2010-12-15 15:00:00.000,13124,18
"573902",2011-11-01 14:51:00.000,17428,33
"578254",2011-11-23 12:52:00.000,17809,59
C581466,2011-12-08 19:20:00.000,13883,35
"544181",2011-02-16 14:56:00.000,17175,56
"571117",2011-10-13 17:51:00.000,16224,60
C559252,2011-07-07 11:42:00.000,12980,60
"538645",2010-12-13 14:52:00.000,13269,54
"549321",2011-04-08 10:19:00.000,14243,35
"578029",2011-11-22 13:33:00.000,16985,36
"571237",2011-10-14 14:38:00.000,15078,52
"563707",2011-08-18 14:53:00.000,16626,56
"543166",2011-02-04 08:27:00.000,13488,55
"549276",2011-04-07 13:11:00.000,16745,34
"569566",2011-10-05 09:55:00.000,14739,9
"537850",2010-12-08 15:38:00.000,16722,52
"540797",2011-01-11 12:05:00.000,15107,18
"554651",2011-05-25 12:55:00.000,12779,55
"573400",2011-10-30 15:38:00.000,17796,59
C556644,2011-06-13 16:06:00.000,17115,52
"576553",2011-11-15 12:57:00.000,14666,56
"552297",2011-05-08 14:10:00.000,15092,35
"571118",2011-10-14 08:29:00.000,16239,54
"546116",2011-03-09 13:53:00.000,15367,60
"567628",2011-09-21 13:01:00.000,14060,52
"539732",2010-12-21 15:09:00.000,16996,35
"571708",2011-10-18 15:42:00.000,12955,52
"537384",2010-12-06 13:21:00.000,15984,36
"553498",2011-05-17 12:56:00.000,17504,52
"556828",2011-06-15 10:39:00.000,17284,36
"538636",2010-12-13 13:50:00.000,14639,52
"573262",2011-10-28 12:33:00.000,16851,60
"551161",2011-04-26 15:26:00.000,18183,53
"544147",2011-02-16 11:59:00.000,16306,33
"569046",2011-09-30 10:48:00.000,14422,56
"567148",2011-09-16 15:23:00.000,18225,53
"557804",2011-06-23 10:24:00.000,18198,33
"555125",2011-05-31 15:26:00.000,13481,35
"575949",2011-11-13 11:51:00.000,16711,59
"563740",2011-08-19 08:13:00.000,17747,35
"546236",2011-03-10 12:48:00.000,12370,18
"567935",2011-09-22 18:07:00.000,13320,33
"540024",2011-01-04 13:03:00.000,15039,55
"580901",2011-12-06 12:45:00.000,16528,55
C567331,2011-09-19 14:50:00.000,16609,54
"556876",2011-06-15 11:56:00.000,16241,53
"579524",2011-11-30 08:17:00.000,16295,54
C554340,2011-05-23 17:40:00.000,17017,9
"537030",2010-12-03 16:44:00.000,16455,34
"542530",2011-01-28 13:08:00.000,15365,54
"578829",2011-11-25 14:53:00.000,14710,56
"539053",2010-12-15 16:32:00.000,16725,33
C559947,2011-07-14 10:27:00.000,16701,53
"549262",2011-04-07 12:38:00.000,14465,56
"569687",2011-10-05 14:53:00.000,13709,59
"557305",2011-06-19 14:42:00.000,13568,35
"548780",2011-04-04 12:37:00.000,13294,56
"560834",2011-07-21 12:15:00.000,16523,60
"540510",2011-01-09 11:32:00.000,15611,33
"567917",2011-09-22 17:19:00.000,14298,53
"579406",2011-11-29 12:27:00.000,13014,34
C564944,2011-08-31 13:24:00.000,13078,35
"558926",2011-07-05 10:21:00.000,17469,53
C562223,2011-08-03 14:34:00.000,15804,9
"559895",2011-07-13 12:06:00.000,14110,54
C536812,2010-12-02 16:58:00.000,16546,18
"564626",2011-08-26 11:40:00.000,18167,34
"581407",2011-12-08 13:59:00.000,13263,56
"572838",2011-10-26 12:03:00.000,14539,59
"565731",2011-09-06 12:02:00.000,17716,34
"571853",2011-10-19 13:23:00.000,14306,60
C577614,2011-11-21 10:18:00.000,17888,18
"574961",2011-11-08 10:19:00.000,12971,52
"565406",2011-09-04 10:59:00.000,13804,36
"580434",2011-12-04 12:17:00.000,17114,36
"561904",2011-08-01 08:30:00.000,17941,54
"576684",2011-11-16 12:08:00.000,14092,36
"569654",2011-10-05 12:56:00.000,13854,59
"540509",2011-01-09 11:27:00.000,14800,33
"543350",2011-02-07 13:15:00.000,13809,60
"578323",2011-11-23 17:19:00.000,15743,9
"575586",2011-11-10 12:00:00.000,12981,53
"560360",2011-07-18 11:55:00.000,12744,52
"548318",2011-03-30 12:45:00.000,13113,52
"536561",2010-12-01 15:06:00.000,12921,56
"577085",2011-11-17 15:47:00.000,12997,55
C553801,2011-05-19 11:05:00.000,17526,55
"566309",2011-09-12 09:38:00.000,14307,36
"550281",2011-04-15 13:48:00.000,12457,52
"572657",2011-10-25 12:27:00.000,15615,53
"581112",2011-12-07 12:17:00.000,16678,59
"562688",2011-08-08 13:53:00.000,13869,35
"575919",2011-11-11 17:00:00.000,15311,53
"555162",2011-06-01 10:15:00.000,12473,34
"581020",2011-12-07 10:12:00.000,17511,18
"538879",2010-12-14 15:50:00.000,15392,35
"577324",2011-11-18 14:01:00.000,16463,60
"579922",2011-12-01 09:06:00.000,13854,55
"542124",2011-01-25 14:45:00.000,14248,9
"567692",2011-09-21 17:05:00.000,17997,33
"545722",2011-03-07 11:06:00.000,16013,60
C555105,2011-05-31 14:09:00.000,17841,9
"539828",2010-12-22 12:44:00.000,15044,53
"581453",2011-12-08 18:15:00.000,16401,55
"563709",2011-08-18 15:17:00.000,15472,56
"581149",2011-12-07 14:12:00.000,15471,9
"560714",2011-07-20 13:10:00.000,14456,55
C555256,2011-06-01 15:21:00.000,15955,56
C577849,2011-11-22 10:59:00.000,14534,56
"560929",2011-07-22 10:06:00.000,16866,60
"576587",2011-11-15 14:23:00.000,18123,52
"544105",2011-02-16 10:38:00.000,17567,33
C539573,2010-12-20 12:19:00.000,14107,53
"553713",2011-05-18 15:47:00.000,13798,55
"553216",2011-05-16 09:52:00.000,13408,9
"575217",2011-11-09 11:10:00.000,14794,36
C553483,2011-05-17 12:10:00.000,17527,35
"560552",2011-07-19 12:54:00.000,15311,55
"571293",2011-10-16 15:56:00.000,13956,56
"564133",2011-08-23 11:01:00.000,14364,53
"561878",2011-07-31 12:34:00.000,17388,35
"537332",2010-12-06 11:58:00.000,14344,9
"558740",2011-07-01 15:39:00.000,16775,54
"555501",2011-06-03 15:37:00.000,15508,55
"546014",2011-03-08 16:39:00.000,16495,56
"537472",2010-12-07 11:11:00.000,12971,35
C559675,2011-07-11 14:21:00.000,13745,9
"551556",2011-05-03 10:30:00.000,14191,35
C562848,2011-08-10 09:35:00.000,15201,55
"574241",2011-11-03 12:46:00.000,14849,34
C570686,2011-10-11 16:27:00.000,13418,60
"572232",2011-10-21 14:41:00.000,16293,54
"559708",2011-07-12 10:05:00.000,13549,36
C562623,2011-08-08 12:38:00.000,16255,52
"579447",2011-11-29 13:46:00.000,14390,52
"540951",2011-01-12 13:10:00.000,13113,53
"551686",2011-05-03 12:53:00.000,13668,34
"536771",2010-12-02 14:49:00.000,17581,36
"560791",2011-07-21 10:30:00.000,14688,33
C579894,2011-12-01 08:26:00.000,13098,54
"568527",2011-09-27 13:21:00.000,13178,35
"554922",2011-05-27 12:47:00.000,14735,35
C545509,2011-03-03 11:54:00.000,17017,33
"540541",2011-01-09 15:13:00.000,15799,9
"561001",2011-07-22 14:23:00.000,16711,56
"547793",2011-03-25 12:10:00.000,14758,55
"577137",2011-11-18 08:59:00.000,14110,35
"549923",2011-04-13 09:59:00.000,13138,9
"568676",2011-09-28 13:43:00.000,18242,59
"552262",2011-05-08 11:37:00.000,14911,52
"573113",2011-10-27 15:36:00.000,18261,54
C559663,2011-07-11 13:33:00.000,17706,60
"543810",2011-02-13 14:16:00.000,13171,33
"580614",2011-12-05 12:04:00.000,16500,56
"544473",2011-02-21 09:45:00.000,14229,34
"547801",2011-03-25 12:57:00.000,14107,56
"570445",2011-10-10 14:42:00.000,12748,18
"566290",2011-09-11 15:24:00.000,14456,59
"561528",2011-07-28 08:55:00.000,13098,60
"552829",2011-05-11 13:42:00.000,12748,53
"578288",2011-11-23 14:05:00.000,12748,9
"551840",2011-05-04 13:36:00.000,15144,35
"553855",2011-05-19 13:16:00.000,15854,36
"549104",2011-04-06 11:43:00.000,15311,33
C563459,2011-08-16 14:51:00.000,17048,36
"574161",2011-11-03 11:34:00.000,17816,56
"550319",2011-04-17 12:37:00.000,14524,36
"547947",2011-03-28 15:03:00.000,15032,18
"547361",2011-03-22 12:31:00.000,15298,36
"581428",2011-12-08 15:37:00.000,13404,55
"562284",2011-08-04 10:44:00.000,15133,60
"553415",2011-05-17 10:02:00.000,12463,55
"566589",2011-09-13 14:50:00.000,14753,35
C554686,2011-05-25 16:43:00.000,15729,52
"548623",2011-04-01 12:10:00.000,13841,60
"555581",2011-06-06 08:04:00.000,13865,53
"558737",2011-07-01 15:22:00.000,17988,56
"540408",2011-01-07 09:55:00.000,16013,60
"551292",2011-04-27 14:27:00.000,14298,56
"554935",2011-05-27 13:30:00.000,14338,59
"548985",2011-04-05 12:46:00.000,16422,55
"579116",2011-11-28 11:54:00.000,17346,56
"567205",2011-09-19 10:44:00.000,15365,34
"565082",2011-09-01 09:15:00.000,13305,60
"558358",2011-06-28 15:05:00.000,17965,59
"572234",2011-10-21 14:41:00.000,16293,35
C542092,2011-01-25 12:45:00.000,14389,18
"578349",2011-11-24 09:50:00.000,14539,54
"546372",2011-03-11 11:47:00.000,13098,54
"575070",2011-11-08 12:58:00.000,17841,55
C578136,2011-11-23 10:57:00.000,14156,9
"573423",2011-10-31 09:58:00.000,16133,54
"541593",2011-01-19 15:20:00.000,17611,9
"547365",2011-03-22 12:36:00.000,12775,34
"543452",2011-02-08 12:14:00.000,16037,52
"540478",2011-01-07 14:53:00.000,15769,53
"566302",2011-09-11 16:09:00.000,16474,34
"552661",2011-05-10 15:04:00.000,14051,36
C568385,2011-09-27 09:51:00.000,15398,18
"571122",2011-10-14 09:28:00.000,16566,52
"564372",2011-08-25 09:55:00.000,12714,33
"558891",2011-07-04 15:38:00.000,16861,60
"563953",2011-08-22 10:47:00.000,16201,60
"581231",2011-12-08 10:26:00.000,14291,35
C552698,2011-05-10 15:50:00.000,13448,60
"553730",2011-05-19 07:49:00.000,16525,36
C554539,2011-05-24 17:47:00.000,14911,55
"547907",2011-03-28 12:18:00.000,15083,34
"546532",2011-03-14 13:36:00.000,14060,56
"558524",2011-06-30 10:52:00.000,13113,56
C541222,2011-01-14 14:33:00.000,14299,56
"560122",2011-07-15 10:33:00.000,14332,35
C545841,2011-03-07 13:36:00.000,17675,18
C575082,2011-11-08 13:30:00.000,12613,36
"570718",2011-10-12 10:36:00.000,12518,60
"543178",2011-02-04 10:31:00.000,14911,55
"577818",2011-11-22 09:18:00.000,13456,33
C574003,2011-11-02 11:44:00.000,14390,52
"557470",2011-06-20 13:21:00.000,13798,18
"537090",2010-12-05 12:02:00.000,15332,54
"547358",2011-03-22 12:25:00.000,15998,36
C550961,2011-04-21 16:40:00.000,14428,54
"581456",2011-12-08 18:42:00.000,17530,18
"554597",2011-05-25 11:01:00.000,15140,18
"550958",2011-04-21 16:37:00.000,15281,33
C554519,2011-05-24 16:59:00.000,13549,53
"539298",2010-12-16 17:29:00.000,14180,53
"559371",2011-07-08 10:20:00.000,14264,54
"573327",2011-10-30 11:09:00.000,15298,59
"562453",2011-08-05 10:31:00.000,18097,9
C576216,2011-11-14 12:56:00.000,12584,60
C550486,2011-04-18 14:16:00.000,16735,54
"574685",2011-11-06 12:59:00.000,17581,54
"569492",2011-10-04 13:30:00.000,16333,36
"561189",2011-07-25 13:28:00.000,16557,9
"579675",2011-11-30 13:08:00.000,15654,18
"539590",2010-12-20 13:21:00.000,14733,52
"574280",2011-11-03 14:47:00.000,13408,54
"580400",2011-12-04 11:50:00.000,16561,18
C561793,2011-07-29 13:08:00.000,14414,55
C547763,2011-03-25 11:31:00.000,14194,9
"576853",2011-11-16 15:48:00.000,12971,60
"574933",2011-11-07 16:49:00.000,18150,54
C546997,2011-03-18 13:32:00.000,12748,53
C566775,2011-09-15 09:51:00.000,14060,52
"537780",2010-12-08 12:45:00.000,17324,55
C566754,2011-09-14 15:49:00.000,18158,53
"556435",2011-06-10 14:08:00.000,14895,35
"560443",2011-07-18 17:10:00.000,14776,54
"569000",2011-09-29 17:36:00.000,17015,55
"577505",2011-11-20 12:37:00.000,13118,60
"547871",2011-03-27 14:28:00.000,16931,35
"558533",2011-06-30 11:49:00.000,16717,59
"538567",2010-12-13 11:23:00.000,13999,60
"569912",2011-10-06 16:50:00.000,17139,59
"561532",2011-07-28 09:30:00.000,15061,59
C568677,2011-09-28 14:04:00.000,12619,59
C576515,2011-11-15 12:16:00.000,13950,34
"559000",2011-07-05 12:15:00.000,14099,55
C550170,2011-04-14 16:43:00.000,17017,60
"571830",2011-10-19 11:53:00.000,16131,33
"575866",2011-11-11 12:41:00.000,16107,54
"569737",2011-10-06 10:45:00.000,16295,35
"543986",2011-02-15 09:46:00.000,16738,52
C556493,2011-06-12 14:56:00.000,17802,18
"562146",2011-08-03 10:45:00.000,17675,59
"542863",2011-02-01 11:58:00.000,13494,18
"559885",2011-07-13 11:35:00.000,16843,35
"542412",2011-01-27 16:49:00.000,16725,54
"575078",2011-11-08 13:25:00.000,17633,18
"541812",2011-01-21 15:25:00.000,16839,18
"542723",2011-01-31 14:53:00.000,17256,56
"544914",2011-02-24 15:39:00.000,16722,33
"560605",2011-07-20 09:30:00.000,17306,55
"581176",2011-12-07 15:19:00.000,14646,9
"566281",2011-09-11 14:15:00.000,12748,59
"563074",2011-08-11 15:58:00.000,12931,60
"573149",2011-10-27 19:56:00.000,16438,56
"575736",2011-11-11 08:47:00.000,12697,53
"564359",2011-08-24 16:02:00.000,14056,36
"560491",2011-07-19 10:51:00.000,12415,53
C555269,2011-06-01 16:21:00.000,15140,33
C540030,2011-01-04 13:47:00.000,16029,55
"559107",2011-07-06 11:22:00.000,15334,34
"562449",2011-08-04 20:01:00.000,14562,52
"556795",2011-06-14 14:29:00.000,15912,56
C553031,2011-05-12 19:43:00.000,13908,34
"559358",2011-07-07 19:14:00.000,15675,55
C573864,2011-11-01 11:55:00.000,15311,9
"572880",2011-10-26 13:35:00.000,16415,59
"574281",2011-11-03 14:47:00.000,14856,54
"570410",2011-10-10 13:04:00.000,16776,56
C571346,2011-10-17 11:46:00.000,16101,55
C545520,2011-03-03 12:30:00.000,14744,36
"545340",2011-03-02 08:41:00.000,15416,18
"568141",2011-09-25 11:21:00.000,16326,9
"571048",2011-10-13 13:43:00.000,16042,53
"546855",2011-03-17 13:58:00.000,18168,56
C577362,2011-11-18 16:14:00.000,14073,9
"567698",2011-09-22 09:15:00.000,13529,52
C544416,2011-02-18 15:11:00.000,16713,52
"544352",2011-02-18 10:16:00.000,15290,54
"566669",2011-09-14 11:36:00.000,18065,33
"581335",2011-12-08 12:07:00.000,15214,56
C544174,2011-02-16 14:13:00.000,13001,33
"542909",2011-02-01 15:35:00.000,16716,33
"554207",2011-05-23 12:15:00.000,14573,56
"547804",2011-03-25 13:30:00.000,16817,54
"546083",2011-03-09 11:27:00.000,12971,36
"537218",2010-12-05 15:46:00.000,12763,9
"546736",2011-03-16 11:52:00.000,16013,34
C570867,2011-10-12 16:17:00.000,12607,53
"560234",2011-07-17 11:21:00.000,16180,9
"552231",2011-05-06 15:47:00.000,17364,33
"564090",2011-08-23 09:53:00.000,17041,52
"574824",2011-11-07 10:43:00.000,13097,53
C544559,2011-02-21 12:38:00.000,14329,18
C545438,2011-03-02 15:54:00.000,14231,34
"560119",2011-07-15 10:21:00.000,12815,53
"560288",2011-07-18 10:05:00.000,15845,60
"580361",2011-12-02 16:25:00.000,14865,52
"544911",2011-02-24 15:01:00.000,16838,34
"574631",2011-11-06 11:22:00.000,12882,60
"581135",2011-12-07 13:14:00.000,18092,56
"566930",2011-09-15 15:26:00.000,15417,18
"577550",2011-11-20 15:05:00.000,17738,55
"563901",2011-08-21 11:05:00.000,17097,34
"570849",2011-10-12 14:43:00.000,15473,9
C539191,2010-12-16 11:59:00.000,17062,55
"537890",2010-12-09 10:04:00.000,15358,60
"561817",2011-07-29 15:51:00.000,12921,53
"558999",2011-07-05 12:15:00.000,15806,36
"564910",2011-08-31 12:31:00.000,13993,35
"574537",2011-11-04 14:37:00.000,13938,53
"537816",2010-12-08 13:51:00.000,16679,35
"542238",2011-01-26 14:35:00.000,12591,9
"548975",2011-04-05 11:47:00.000,17596,53
C562803,2011-08-09 14:43:00.000,15628,33
"559638",2011-07-11 12:17:00.000,17381,34
"555921",2011-06-07 16:42:00.000,15449,34
"540974",2011-01-12 14:43:00.000,12971,60
"536852",2010-12-03 09:51:00.000,12686,18
"557560",2011-06-21 10:37:00.000,15329,54
C543661,2011-02-11 10:41:00.000,12471,53
"567906",2011-09-22 16:46:00.000,14113,52
"574080",2011-11-02 16:29:00.000,16348,18
"549918",2011-04-13 09:48:00.000,17017,35
"557216",2011-06-17 12:23:00.000,17677,36
"575877",2011-11-11 13:25:00.000,14907,56
"563032",2011-08-11 14:39:00.000,16076,53
"564324",2011-08-24 13:26:00.000,13694,9
"571437",2011-10-17 13:23:00.000,13069,9
C543608,2011-02-10 14:15:00.000,17230,9
"575846",2011-11-11 12:07:00.000,17364,54
"574557",2011-11-04 15:35:00.000,17652,9
"566294",2011-09-11 15:41:00.000,15533,52
"549730",2011-04-11 16:35:00.000,15867,56
"575040",2011-11-08 11:58:00.000,13381,33
"566273",2011-09-11 13:56:00.000,14720,35
"581423",2011-12-08 15:24:00.000,16688,60
C565290,2011-09-02 11:46:00.000,16092,9
"558611",2011-06-30 15:35:00.000,16475,18
"538626",2010-12-13 12:57:00.000,17338,52
"558703",2011-07-01 12:47:00.000,13730,9
"537211",2010-12-05 15:18:00.000,16143,36
C569456,2011-10-04 11:22:00.000,17675,52
"560887",2011-07-21 16:28:00.000,16041,34
"542254",2011-01-26 16:41:00.000,14733,53
"554424",2011-05-24 12:14:00.000,14527,34
"556507",2011-06-13 09:55:00.000,12567,9
"577537",2011-11-20 14:17:00.000,14860,59
"543523",2011-02-09 12:07:00.000,12971,60
"568179",2011-09-25 13:39:00.000,12545,53
"561862",2011-07-31 10:38:00.000,15569,55
C578342,2011-11-24 09:15:00.000,15993,36
"541801",2011-01-21 14:39:00.000,15235,34
"549825",2011-04-12 12:47:00.000,12463,53
"560942",2011-07-22 11:31:00.000,15005,53
"578757",2011-11-25 11:41:00.000,12748,34
"550941",2011-04-21 15:46:00.000,17109,33
C576858,2011-11-16 15:52:00.000,17183,59
"566043",2011-09-08 13:54:00.000,13769,54
"549939",2011-04-13 11:46:00.000,16309,35
"576073",2011-11-13 16:13:00.000,16930,34
"547940",2011-03-28 14:43:00.000,16814,9
"542372",2011-01-27 13:37:00.000,13078,59
"581420",2011-12-08 15:09:00.000,16358,55
"567796",2011-09-22 11:46:00.000,16395,60
"547684",2011-03-24 14:46:00.000,12408,33
C564104,2011-08-23 10:38:00.000,12530,52
C542273,2011-01-27 10:01:00.000,12578,35
"550194",2011-04-15 09:43:00.000,15270,9
C568097,2011-09-23 15:12:00.000,15804,55
C537431,2010-12-06 16:10:00.000,16782,18
"559135",2011-07-06 13:18:00.000,12455,9
"577393",2011-11-18 17:06:00.000,14031,35
"543398",2011-02-08 10:47:00.000,16458,59
"581137",2011-12-07 13:16:00.000,17434,56
C571695,2011-10-18 14:46:00.000,14776,53
C563375,2011-08-16 10:27:00.000,14911,54
"558729",2011-07-01 14:51:00.000,13450,56
"580282",2011-12-02 13:17:00.000,14428,52
"541976",2011-01-24 14:39:00.000,16168,33
C550770,2011-04-20 12:59:00.000,17856,55
C560987,2011-07-22 13:09:00.000,16859,34
C570963,2011-10-13 11:49:00.000,13816,33
"562853",2011-08-10 10:15:00.000,13919,36
"577024",2011-11-17 12:47:00.000,14704,9
"556179",2011-06-09 11:27:00.000,13756,18
"575950",2011-11-13 11:53:00.000,16983,35
C537234,2010-12-06 09:40:00.000,16161,53
"575369",2011-11-09 15:09:00.000,16655,56
"580490",2011-12-04 12:48:00.000,15773,60
"545638",2011-03-04 12:26:00.000,13113,60
C573471,2011-10-31 10:58:00.000,14286,53
"544155",2011-02-16 12:15:00.000,12823,18
"554497",2011-05-24 14:38:00.000,15819,52
C563693,2011-08-18 13:04:00.000,17243,59
C544414,2011-02-18 14:54:00.000,13408,33
"566850",2011-09-15 12:04:00.000,13662,36
"557213",2011-06-17 12:16:00.000,15021,36
"552337",2011-05-09 11:34:00.000,12621,60
"571664",2011-10-18 12:59:00.000,17090,52
"579840",2011-11-30 16:19:00.000,18158,33
"537804",2010-12-08 13:17:00.000,12748,18
C567947,2011-09-23 08:00:00.000,17663,9
"551262",2011-04-27 12:05:00.000,14527,9
"574253",2011-11-03 13:30:00.000,15252,53
"578357",2011-11-24 10:24:00.000,17228,9
"579612",2011-11-30 12:06:00.000,15024,54
C564946,2011-08-31 13:27:00.000,13534,18
"566123",2011-09-09 11:15:00.000,15039,54
"551858",2011-05-04 15:33:00.000,18041,53
"570887",2011-10-13 10:25:00.000,17169,59
"553737",2011-05-19 08:50:00.000,15116,60
"558085",2011-06-26 11:53:00.000,13021,54
C550485,2011-04-18 14:15:00.000,13317,56
"539987",2010-12-23 15:32:00.000,12748,35
"564303",2011-08-24 12:04:00.000,16042,54
"556537",2011-06-13 12:38:00.000,17725,55
"542098",2011-01-25 13:04:00.000,16531,34
C563577,2011-08-17 15:06:00.000,17949,36
C574493,2011-11-04 13:09:00.000,14842,52
"537629",2010-12-07 15:03:00.000,17419,56
C541694,2011-01-20 17:06:00.000,17364,35
C580749,2011-12-06 09:49:00.000,18167,18
"578782",2011-11-25 11:55:00.000,15872,54
"581163",2011-12-07 14:34:00.000,12747,36
"566819",2011-09-15 11:25:00.000,17214,18
"555950",2011-06-08 10:51:00.000,17966,54
"568805",2011-09-29 10:55:00.000,12826,56
C558405,2011-06-29 10:30:00.000,13881,9
C553409,2011-05-17 09:23:00.000,18136,33
"556502",2011-06-13 08:43:00.000,13761,35
"536412",2010-12-01 11:49:00.000,17920,56
"578075",2011-11-22 16:11:00.000,15039,18
"541253",2011-01-16 13:51:00.000,17841,60
"579284",2011-11-29 10:52:00.000,15061,52
"555567",2011-06-05 15:25:00.000,17050,53
"553427",2011-05-17 10:36:00.000,17522,56
"574714",2011-11-06 14:29:00.000,15427,36
"558079",2011-06-26 11:01:00.000,17402,9
"564542",2011-08-25 15:47:00.000,16458,36
C538164,2010-12-09 17:32:00.000,14031,55
"550713",2011-04-20 11:11:00.000,15159,53
"545227",2011-03-01 09:35:00.000,12428,56
"566951",2011-09-15 16:36:00.000,17293,35
"551963",2011-05-05 12:52:00.000,13266,34
"551523",2011-05-01 12:09:00.000,16634,33
"576392",2011-11-15 10:17:00.000,15105,59
C543974,2011-02-14 15:20:00.000,14606,52
C539606,2010-12-20 14:09:00.000,16145,56
"543028",2011-02-02 15:09:00.000,14443,33
C553780,2011-05-19 10:53:00.000,15730,33
"563822",2011-08-19 12:13:00.000,16184,56
"554924",2011-05-27 12:54:00.000,12748,35
"563245",2011-08-15 10:53:00.000,16272,35
C563599,2011-08-18 06:22:00.000,15152,35
"580987",2011-12-06 16:35:00.000,17389,36
"544399",2011-02-18 12:28:00.000,12594,52
"548033",2011-03-29 12:01:00.000,14441,59
"565682",2011-09-06 10:42:00.000,14796,54
"578627",2011-11-24 15:41:00.000,14709,56
"540834",2011-01-11 14:50:00.000,14733,53
"541409",2011-01-17 15:50:00.000,13246,60
"553095",2011-05-13 11:54:00.000,16180,55
"553501",2011-05-17 12:59:00.000,17504,52
"540835",2011-01-11 15:00:00.000,12724,9
C560540,2011-07-19 12:26:00.000,12415,33
"554041",2011-05-20 14:41:00.000,16226,56
"567171",2011-09-18 12:42:00.000,17677,18
"569518",2011-10-04 14:28:00.000,13263,55
"548222",2011-03-30 10:16:00.000,17306,56
"574013",2011-11-02 11:59:00.000,14285,59
"559980",2011-07-14 11:28:00.000,17314,36
"567634",2011-09-21 13:35:00.000,12939,34
"544932",2011-02-25 08:14:00.000,16133,54
"573877",2011-11-01 13:04:00.000,14432,54
"564895",2011-08-31 10:55:00.000,15596,60
C538463,2010-12-12 12:31:00.000,17085,9
"544929",2011-02-24 18:14:00.000,15189,18
"539645",2010-12-20 16:03:00.000,17230,60
"573581",2011-10-31 14:22:00.000,14911,9
"538146",2010-12-09 16:10:00.000,15596,56
"575910",2011-11-11 16:05:00.000,14836,34
"539286",2010-12-16 16:05:00.000,14735,56
"580878",2011-12-06 12:18:00.000,14113,59
"574920",2011-11-07 16:34:00.000,13985,60
"578813",2011-11-25 13:33:00.000,14946,59
"564339",2011-08-24 14:46:00.000,15939,33
"541249",2011-01-16 13:18:00.000,13700,33
"536985",2010-12-03 14:40:00.000,15373,59
"568787",2011-09-29 09:19:00.000,13741,54
C551551,2011-05-03 10:08:00.000,17841,60
C572916,2011-10-26 16:29:00.000,16325,60
"560826",2011-07-21 11:30:00.000,18073,18
"548702",2011-04-03 11:36:00.000,17085,55
C574424,2011-11-04 11:23:00.000,16014,33
"568665",2011-09-28 12:52:00.000,13018,60
"539048",2010-12-15 16:19:00.000,17752,60
"544430",2011-02-18 15:45:00.000,16306,36
"543120",2011-02-03 13:53:00.000,13668,59
C541786,2011-01-21 12:54:00.000,14441,9
"536600",2010-12-02 08:32:00.000,17850,55
"581333",2011-12-08 12:05:00.000,15159,53
"571189",2011-10-14 11:42:00.000,13213,52
"537668",2010-12-08 08:43:00.000,14821,35
"552735",2011-05-11 10:49:00.000,17428,54
"547390",2011-03-22 16:08:00.000,12352,56
"550767",2011-04-20 12:32:00.000,14776,60
"574265",2011-11-03 14:17:00.000,15605,36
"570091",2011-10-07 11:47:00.000,15632,9
"547662",2011-03-24 13:12:00.000,14085,53
"581400",2011-12-08 13:36:00.000,14056,60
"576904",2011-11-17 09:25:00.000,14931,33
"537262",2010-12-06 11:26:00.000,15039,54
"566059",2011-09-08 15:22:00.000,12569,56
"543192",2011-02-04 11:55:00.000,17381,35
"537459",2010-12-07 09:57:00.000,17470,18
"540032",2011-01-04 13:50:00.000,13397,52
"552371",2011-05-09 12:28:00.000,17629,55
"580959",2011-12-06 14:31:00.000,14673,18
"571301",2011-10-17 08:59:00.000,15218,56
"552555",2011-05-10 11:20:00.000,18242,60
C580751,2011-12-06 09:56:00.000,12921,9
"568161",2011-09-25 12:31:00.000,15860,59
"566974",2011-09-16 09:24:00.000,13599,53
"571292",2011-10-16 15:45:00.000,15311,36
"546770",2011-03-16 15:17:00.000,12523,52
"543815",2011-02-13 15:18:00.000,17255,59
"578313",2011-11-23 16:24:00.000,17757,34
"577019",2011-11-17 12:30:00.000,14112,34
"567747",2011-09-22 10:48:00.000,18102,53
"561632",2011-07-28 14:30:00.000,15639,35
"556806",2011-06-14 15:16:00.000,15125,53
C542721,2011-01-31 14:37:00.000,14502,18
"579571",2011-11-30 11:48:00.000,16657,33
"561570",2011-07-28 10:24:00.000,14289,33
"569641",2011-10-05 12:27:00.000,12841,52
C546208,2011-03-10 11:19:00.000,12417,35
"572339",2011-10-24 10:32:00.000,14607,34
"549839",2011-04-12 13:45:00.000,15212,35
C546647,2011-03-15 13:55:00.000,17419,35
"572756",2011-10-25 17:32:00.000,15482,36
"553421",2011-05-17 10:23:00.000,16139,33
C541233,2011-01-14 17:00:00.000,13107,18
"546731",2011-03-16 11:39:00.000,13089,9
C569410,2011-10-04 09:48:00.000,13364,33
"557015",2011-06-16 12:11:00.000,14735,60
"574023",2011-11-02 12:20:00.000,14390,56
"555495",2011-06-03 14:42:00.000,17068,18
"569903",2011-10-06 16:25:00.000,13892,56
"576374",2011-11-15 08:50:00.000,13777,53
C557629,2011-06-21 14:52:00.000,14776,60
"547564",2011-03-24 09:21:00.000,17512,33
"555582",2011-06-06 09:01:00.000,14312,36
"540568",2011-01-10 11:22:00.000,15039,54
C557566,2011-06-21 10:39:00.000,15998,34
C537832,2010-12-08 14:52:00.000,16858,60
"543649",2011-02-11 09:11:00.000,17809,33
"552816",2011-05-11 12:47:00.000,15521,56
"574310",2011-11-03 16:56:00.000,13467,34
"541391",2011-01-17 15:05:00.000,13983,54
"566720",2011-09-14 12:42:00.000,13634,35
"570195",2011-10-07 15:38:00.000,14825,18
"550560",2011-04-19 11:46:00.000,14242,56
"563661",2011-08-18 11:23:00.000,13048,53
"544769",2011-02-23 11:11:00.000,16422,36
C557512,2011-06-20 16:52:00.000,15700,52
"559325",2011-07-07 15:06:00.000,17560,54
"556107",2011-06-08 17:09:00.000,17360,52
"579301",2011-11-29 11:32:00.000,18118,52
"554826",2011-05-26 14:53:00.000,12493,34
"558924",2011-07-05 10:07:00.000,15785,18
"538869",2010-12-14 14:50:00.000,15107,34
"538503",2010-12-12 12:56:00.000,17188,53
"573778",2011-11-01 10:56:00.000,18092,36
C551588,2011-05-03 11:28:00.000,12708,53
"575342",2011-11-09 14:44:00.000,17528,60
"567707",2011-09-22 09:52:00.000,14676,36
"561894",2011-07-31 15:00:00.000,14456,36
"579436",2011-11-29 13:21:00.000,14785,52
"569698",2011-10-05 15:49:00.000,14054,33
"578264",2011-11-23 13:27:00.000,12748,9
"551855",2011-05-04 15:08:00.000,12836,54
C581229,2011-12-08 10:14:00.000,12558,53
"569132",2011-09-30 13:54:00.000,17757,55
"554549",2011-05-25 09:57:00.000,12747,18
C558091,2011-06-26 12:52:00.000,14808,60
"548740",2011-04-04 11:34:00.000,13319,60
"559009",2011-07-05 12:47:00.000,15549,18
"552543",2011-05-10 10:22:00.000,12399,34
"579445",2011-11-29 13:41:00.000,15206,36
"556218",2011-06-09 14:18:00.000,17731,52
C557709,2011-06-22 10:39:00.000,15840,34
C536506,2010-12-01 12:38:00.000,17897,55
C556920,2011-06-15 13:49:00.000,13047,36
C566174,2011-09-09 12:26:00.000,16309,59
"542377",2011-01-27 13:53:00.000,13506,9
"559886",2011-07-13 11:44:00.000,13669,59
"571241",2011-10-14 14:58:00.000,14592,59
"556034",2011-06-08 12:36:00.000,16672,59
"546750",2011-03-16 12:44:00.000,14543,36
C555244,2011-06-01 14:11:00.000,12779,52
"554141",2011-05-23 10:34:00.000,14189,35
"570224",2011-10-09 13:15:00.000,16931,9
C574010,2011-11-02 11:51:00.000,17841,53
C554540,2011-05-24 17:49:00.000,15125,55
"542719",2011-01-31 14:18:00.000,17619,33
"547665",2011-03-24 13:17:00.000,14256,60
"576212",2011-11-14 12:45:00.000,18082,60
"538697",2010-12-14 10:18:00.000,13948,33
"537137",2010-12-05 12:43:00.000,16327,55
"563574",2011-08-17 15:05:00.000,15827,9
"546830",2011-03-17 12:10:00.000,16839,55
"579183",2011-11-28 15:16:00.000,15621,36
"562208",2011-08-03 12:58:00.000,16324,59
"537767",2010-12-08 12:09:00.000,15100,34
C542734,2011-01-31 15:36:00.000,14442,54
C539260,2010-12-16 14:32:00.000,15100,33
"559127",2011-07-06 12:33:00.000,15971,33
"543456",2011-02-08 12:41:00.000,15753,9
"550439",2011-04-18 12:17:00.000,18231,53
"549771",2011-04-12 11:43:00.000,14669,55
C539576,2010-12-20 12:25:00.000,14911,59
"547497",2011-03-23 12:15:00.000,14461,59
"567954",2011-09-23 08:30:00.000,13004,36
"553664",2011-05-18 12:15:00.000,16906,33
"567475",2011-09-20 13:11:00.000,16360,56
"550659",2011-04-20 09:02:00.000,17730,18
"538049",2010-12-09 13:21:00.000,12748,59
"556508",2011-06-13 10:10:00.000,16342,53
"570256",2011-10-10 09:53:00.000,15152,55
"581230",2011-12-08 10:24:00.000,14291,34
C578673,2011-11-24 18:05:00.000,16016,33
"578661",2011-11-24 16:46:00.000,18188,18
"574693",2011-11-06 13:32:00.000,14553,55
C548724,2011-04-04 09:04:00.000,15632,56
"563110",2011-08-12 11:07:00.000,14849,34
"565435",2011-09-04 13:38:00.000,16241,36
"550495",2011-04-18 15:00:00.000,13769,55
"561519",2011-07-27 17:01:00.000,17870,34
"540153",2011-01-05 11:25:00.000,15841,52
"569632",2011-10-05 11:57:00.000,13808,56
"580075",2011-12-01 14:09:00.000,17014,55
"557860",2011-06-23 11:58:00.000,17630,18
"548606",2011-04-01 11:10:00.000,12731,54
"546134",2011-03-09 15:35:00.000,13493,55
"557251",2011-06-17 16:07:00.000,14085,55
"538178",2010-12-10 09:51:00.000,17696,52
"552945",2011-05-12 11:44:00.000,15953,55
"570024",2011-10-07 10:29:00.000,17975,52
C576576,2011-11-15 14:00:00.000,17521,60
"552717",2011-05-11 09:42:00.000,12483,35
"561060",2011-07-24 13:30:00.000,17703,9
"570023",2011-10-07 10:22:00.000,13876,54
C544428,2011-02-18 15:44:00.000,16306,9
"578533",2011-11-24 14:42:00.000,17767,52
"544900",2011-02-24 12:41:00.000,15121,18
"538638",2010-12-13 14:16:00.000,17231,36
"568540",2011-09-27 14:08:00.000,13016,33
C539569,2010-12-20 12:01:00.000,17204,55
C575664,2011-11-10 14:53:00.000,12952,34
"565388",2011-09-02 15:56:00.000,14415,35
"538706",2010-12-14 10:34:00.000,14667,54
"556191",2011-06-09 12:02:00.000,14501,36
"549245",2011-04-07 11:59:00.000,15005,36
C540937,2011-01-12 12:09:00.000,14748,9
"570557",2011-10-11 11:15:00.000,16029,34
"577103",2011-11-17 17:08:00.000,15081,9
"541979",2011-01-24 14:54:00.000,14911,53
"563374",2011-08-16 10:03:00.000,13953,18
"563169",2011-08-12 12:42:00.000,14911,9
"578695",2011-11-25 09:42:00.000,13199,9
"567721",2011-09-22 10:38:00.000,12409,59
"578271",2011-11-23 13:40:00.000,13899,56
"555633",2011-06-06 12:22:00.000,14534,9
C563222,2011-08-14 14:28:00.000,15660,35
"568819",2011-09-29 11:29:00.000,17427,54
"553837",2011-05-19 12:09:00.000,17017,35
"579541",2011-11-30 10:12:00.000,14653,54
"568905",2011-09-29 13:30:00.000,14691,18
"547004",2011-03-18 14:14:00.000,17419,36
"575046",2011-11-08 12:09:00.000,15039,60
C574500,2011-11-04 13:14:00.000,15598,36
C550511,2011-04-18 16:25:00.000,13798,36
"557962",2011-06-24 09:22:00.000,13709,56
"550275",2011-04-15 12:35:00.000,13993,36
C549824,2011-04-12 12:43:00.000,15189,56
"569888",2011-10-06 15:31:00.000,13049,56
"578359",2011-11-24 10:35:00.000,14607,56
"559017",2011-07-05 13:06:00.000,14034,52
"566713",2011-09-14 12:05:00.000,15933,36
"536743",2010-12-02 13:32:00.000,17964,36
"572048",2011-10-20 12:21:00.000,14477,18
"541799",2011-01-21 14:21:00.000,12970,54
"565921",2011-09-08 09:13:00.000,13889,55
C543784,2011-02-11 16:59:00.000,13089,54
C569978,2011-10-06 19:27:00.000,13988,52
"571263",2011-10-16 11:06:00.000,14910,54
C568748,2011-09-28 16:59:00.000,16389,9
"567795",2011-09-22 11:44:00.000,14646,55
"562025",2011-08-01 16:16:00.000,12828,59
"556831",2011-06-15 11:27:00.000,13631,18
"581482",2011-12-09 09:08:00.000,17490,33
"540060",2011-01-04 14:40:00.000,14732,60
"567858",2011-09-22 13:50:00.000,16813,18
"551576",2011-05-03 11:19:00.000,17857,54
C579889,2011-12-01 08:12:00.000,13853,59
"544825",2011-02-24 09:32:00.000,15606,9
"548351",2011-03-30 14:51:00.000,13001,9
"578846",2011-11-25 17:27:00.000,17757,52
"560581",2011-07-19 15:29:00.000,12901,36
"564670",2011-08-26 15:44:00.000,12683,55
"553402",2011-05-16 17:13:00.000,17898,59
"576358",2011-11-14 16:58:00.000,15660,34
"569028",2011-09-30 10:20:00.000,14911,59
"538845",2010-12-14 13:19:00.000,16531,56
C575585,2011-11-10 11:57:00.000,15839,36
"569208",2011-10-02 11:10:00.000,16693,60
C543635,2011-02-10 16:33:00.000,13894,56
"576593",2011-11-15 14:48:00.000,15720,52
"576237",2011-11-14 13:32:00.000,12971,18
"548696",2011-04-03 10:10:00.000,17243,59
"572088",2011-10-20 14:33:00.000,14585,9
"568212",2011-09-25 16:05:00.000,15154,52
"552008",2011-05-05 17:13:00.000,12476,52
"578354",2011-11-24 10:12:00.000,17139,59
"569215",2011-10-02 12:30:00.000,13571,60
"553676",2011-05-18 12:57:00.000,16553,59
C566464,2011-09-12 17:54:00.000,15764,53
"559637",2011-07-11 12:15:00.000,17381,18
"573377",2011-10-30 13:51:00.000,14653,60
C578669,2011-11-24 17:14:00.000,17323,53
"570102",2011-10-07 12:17:00.000,16455,33
"536370",2010-12-01 08:45:00.000,12583,55
"547882",2011-03-28 07:53:00.000,14911,18
"557861",2011-06-23 12:13:00.000,13437,33
"554353",2011-05-24 09:10:00.000,14258,60
"580320",2011-12-02 15:40:00.000,15078,33
"578679",2011-11-25 08:12:00.000,15117,54
"575957",2011-11-13 12:19:00.000,13170,59
"539473",2010-12-19 14:24:00.000,14911,34
"570856",2011-10-12 15:01:00.000,13464,55
C538102,2010-12-09 15:01:00.000,14047,54
"546737",2011-03-16 11:52:00.000,13358,34
C562911,2011-08-10 13:06:00.000,13384,9
"569868",2011-10-06 14:59:00.000,13018,9
"576734",2011-11-16 12:42:00.000,17680,60
"537410",2010-12-06 15:03:00.000,14409,54
"569651",2011-10-05 12:49:00.000,14534,52
"538669",2010-12-13 16:18:00.000,12748,53
C537797,2010-12-08 13:07:00.000,13113,53
"557976",2011-06-24 10:33:00.000,18118,56
"569899",2011-10-06 16:15:00.000,13940,52
"544456",2011-02-20 13:21:00.000,14803,53
"573357",2011-10-30 12:45:00.000,15251,9
"575676",2011-11-10 15:09:00.000,13499,53
"571031",2011-10-13 12:30:00.000,15005,53
"562036",2011-08-02 09:34:00.000,15187,56
"581433",2011-12-08 15:54:00.000,14911,53
"574864",2011-11-07 12:29:00.000,14387,59
"550622",2011-04-19 13:49:00.000,13735,59
"554636",2011-05-25 11:52:00.000,16763,18
"577506",2011-11-20 12:40:00.000,13212,18
C574259,2011-11-03 13:52:00.000,15521,56
"568228",2011-09-26 11:02:00.000,15358,59
"561207",2011-07-25 16:20:00.000,13110,36
"557222",2011-06-17 13:14:00.000,14936,35
"562881",2011-08-10 10:57:00.000,15632,54
"563097",2011-08-12 09:11:00.000,17642,34
"551532",2011-05-01 14:17:00.000,16554,60
"565610",2011-09-05 14:56:00.000,14849,9
"574669",2011-11-06 12:16:00.000,13727,33
C571862,2011-10-19 13:45:00.000,13422,53
"545013",2011-02-25 13:09:00.000,13093,60
"543831",2011-02-14 09:57:00.000,15769,36
"554019",2011-05-20 13:16:00.000,17591,36
"542269",2011-01-27 09:33:00.000,14442,59
"558708",2011-07-01 13:01:00.000,12748,36
"537046",2010-12-05 10:58:00.000,18109,59
C560910,2011-07-21 17:57:00.000,14733,34
"571129",2011-10-14 10:03:00.000,14156,55
"580822",2011-12-06 11:33:00.000,17884,53
"575922",2011-11-11 17:10:00.000,15681,59
"546442",2011-03-14 10:38:00.000,15159,18
"538206",2010-12-10 11:31:00.000,17827,33
C575055,2011-11-08 12:22:00.000,14329,54
C568348,2011-09-26 15:34:00.000,17997,60
"564958",2011-08-31 13:56:00.000,13089,33
"576879",2011-11-16 16:52:00.000,18006,36
"563062",2011-08-11 15:25:00.000,17811,18
"561192",2011-07-25 13:45:00.000,16033,35
"568549",2011-09-27 14:52:00.000,13950,35
"578021",2011-11-22 13:22:00.000,12748,9
"580151",2011-12-02 10:21:00.000,17811,9
"557008",2011-06-16 11:38:00.000,16729,52
"544406",2011-02-18 13:26:00.000,16726,35
"544923",2011-02-24 17:14:00.000,12877,36
"542434",2011-01-28 10:47:00.000,16755,60
"572036",2011-10-20 12:04:00.000,18149,33
"564022",2011-08-22 12:10:00.000,13269,53
"574041",2011-11-02 13:05:00.000,15805,34
C564218,2011-08-24 09:25:00.000,16302,35
"553412",2011-05-17 09:40:00.000,14344,52
"556437",2011-06-10 14:31:00.000,14077,60
"576625",2011-11-15 17:20:00.000,15571,33
"547247",2011-03-22 09:01:00.000,18225,36
"547785",2011-03-25 11:41:00.000,13097,54
"538522",2010-12-13 09:09:00.000,16210,9
"580544",2011-12-05 09:15:00.000,15156,18
"538631",2010-12-13 13:27:00.000,13408,9
"566863",2011-09-15 12:47:00.000,13018,36
"561710",2011-07-29 11:45:00.000,13827,55
C565615,2011-09-05 15:20:00.000,12683,56
"577514",2011-11-20 13:00:00.000,16212,36
"553650",2011-05-18 11:02:00.000,14731,33
"558087",2011-06-26 12:04:00.000,17323,54
"536785",2010-12-02 15:22:00.000,15061,59
C561319,2011-07-26 12:43:00.000,15106,35
"541109",2011-01-13 15:10:00.000,15107,59
"554065",2011-05-22 10:39:00.000,18287,9
"570696",2011-10-12 09:08:00.000,15840,33
"554974",2011-05-27 17:14:00.000,14031,53
"569536",2011-10-04 15:44:00.000,13269,35
C578280,2011-11-23 13:53:00.000,17841,52
"559133",2011-07-06 13:13:00.000,17861,55
"540345",2011-01-06 13:19:00.000,14299,55
"562886",2011-08-10 11:41:00.000,17994,35
"580111",2011-12-01 15:55:00.000,12950,55
"549982",2011-04-13 15:52:00.000,17091,56
"558443",2011-06-29 13:20:00.000,15189,55
"545842",2011-03-07 13:37:00.000,15498,60
"561075",2011-07-24 15:51:00.000,16458,53
"562775",2011-08-09 12:21:00.000,15078,9
"537604",2010-12-07 13:01:00.000,13488,9
C558112,2011-06-26 16:08:00.000,17114,60
"579093",2011-11-28 10:54:00.000,13081,18
C579903,2011-12-01 08:41:00.000,18130,52
"562270",2011-08-03 16:42:00.000,12917,36
"561815",2011-07-29 15:42:00.000,14083,56
"568692",2011-09-28 14:48:00.000,13901,55
"559526",2011-07-10 11:19:00.000,15756,35
"574948",2011-11-08 09:07:00.000,15805,59
"550162",2011-04-14 16:23:00.000,12569,59
"580758",2011-12-06 10:28:00.000,13709,54
"574293",2011-11-03 15:32:00.000,17450,52
"560270",2011-07-17 14:42:00.000,16744,9
"537915",2010-12-09 10:55:00.000,12797,54
"553385",2011-05-16 15:53:00.000,16710,52
"562844",2011-08-10 08:41:00.000,12444,9
"546255",2011-03-10 14:56:00.000,13468,56
C554931,2011-05-27 13:21:00.000,17841,53
"572311",2011-10-23 15:45:00.000,14035,54
"563216",2011-08-14 13:14:00.000,17841,55
"579677",2011-11-30 13:14:00.000,13255,18
"576899",2011-11-17 08:49:00.000,14911,56
"549978",2011-04-13 15:00:00.000,14834,55
"560101",2011-07-14 18:08:00.000,14891,60
"566394",2011-09-12 12:45:00.000,13650,34
"548202",2011-03-29 16:36:00.000,16980,56
"552664",2011-05-10 15:05:00.000,14051,52
C573024,2011-10-27 12:57:00.000,14474,18
C569964,2011-10-06 18:46:00.000,16523,33
"576068",2011-11-13 15:52:00.000,14788,35
"572734",2011-10-25 15:34:00.000,13694,60
"575148",2011-11-08 15:48:00.000,13867,18
C579502,2011-11-29 16:19:00.000,16759,53
"555073",2011-05-31 11:39:00.000,16470,18
"559015",2011-07-05 12:53:00.000,13098,55
"568139",2011-09-25 10:46:00.000,13083,52
"536409",2010-12-01 11:45:00.000,17908,54
"575936",2011-11-13 11:21:00.000,17041,33
"579401",2011-11-29 12:12:00.000,14550,36
"577134",2011-11-18 08:56:00.000,14434,18
C548155,2011-03-29 13:18:00.000,15906,59
"540175",2011-01-05 12:37:00.000,16532,55
"581478",2011-12-09 08:59:00.000,17364,56
"573365",2011-10-30 13:13:00.000,12584,53
"576691",2011-11-16 12:21:00.000,14507,55
"580070",2011-12-01 13:47:00.000,12919,53
"570178",2011-10-07 14:23:00.000,16558,36
"549790",2011-04-12 12:02:00.000,16172,18
"568904",2011-09-29 13:29:00.000,14691,59
"543133",2011-02-03 15:27:00.000,15235,54
"573314",2011-10-28 17:26:00.000,16987,53
"550754",2011-04-20 11:57:00.000,15465,9
"539092",2010-12-16 10:08:00.000,15482,34
"551879",2011-05-05 08:33:00.000,13831,56
"540094",2011-01-04 15:33:00.000,14221,59
"566726",2011-09-14 13:12:00.000,15021,18
"578341",2011-11-24 09:13:00.000,16966,56
"540349",2011-01-06 14:07:00.000,15379,56
"542722",2011-01-31 14:38:00.000,13089,18
"542121",2011-01-25 14:33:00.000,17515,60
"546108",2011-03-09 12:35:00.000,15529,35
"564381",2011-08-25 10:43:00.000,13000,56
"556187",2011-06-09 11:49:00.000,15296,55
"563734",2011-08-18 18:11:00.000,14064,34
"561707",2011-07-29 11:27:00.000,14735,60
C571711,2011-10-18 16:21:00.000,15296,9
C556273,2011-06-09 19:44:00.000,13534,34
"570700",2011-10-12 09:29:00.000,14156,55
"539586",2010-12-20 13:08:00.000,14298,18
C569985,2011-10-06 19:51:00.000,15365,53
"573245",2011-10-28 12:08:00.000,17841,9
"543393",2011-02-08 10:17:00.000,13534,35
"574470",2011-11-04 11:56:00.000,12748,60
"546102",2011-03-09 12:12:00.000,16316,36
"547357",2011-03-22 12:15:00.000,17613,60
"553471",2011-05-17 11:28:00.000,18102,54
"562285",2011-08-04 10:45:00.000,17404,36
"559525",2011-07-10 10:30:00.000,16923,33
"564668",2011-08-26 15:25:00.000,17183,35
"542526",2011-01-28 12:43:00.000,14659,52
"568999",2011-09-29 17:34:00.000,15949,54
"569220",2011-10-02 13:26:00.000,16007,53
"574089",2011-11-03 09:07:00.000,17611,60
"558455",2011-06-29 13:58:00.000,14327,59
C564592,2011-08-26 11:27:00.000,13408,36
"572512",2011-10-24 14:35:00.000,15806,35
"551539",2011-05-03 08:40:00.000,12598,59
"580638",2011-12-05 12:44:00.000,12381,52
C563249,2011-08-15 11:35:00.000,16656,52
"553742",2011-05-19 09:38:00.000,16133,59
"580875",2011-12-06 12:11:00.000,17744,59
C558764,2011-07-03 13:08:00.000,15023,55
"553207",2011-05-16 09:02:00.000,17001,35
"545890",2011-03-07 16:39:00.000,16782,35
"561031",2011-07-24 11:32:00.000,13461,36
C546978,2011-03-18 12:15:00.000,17857,34
"566981",2011-09-16 10:02:00.000,15498,18
"575946",2011-11-13 11:50:00.000,13892,56
C555885,2011-06-07 15:50:00.000,14842,53
"554980",2011-05-29 11:59:00.000,17613,56
"540524",2011-01-09 12:53:00.000,16735,54
"557621",2011-06-21 14:00:00.000,12444,60
"563166",2011-08-12 12:37:00.000,18092,33
"576378",2011-11-15 09:15:00.000,15628,33
"560711",2011-07-20 12:58:00.000,17841,56
"538211",2010-12-10 11:47:00.000,17690,60
"551834",2011-05-04 13:13:00.000,16610,55
"567504",2011-09-20 14:33:00.000,13356,33
"578043",2011-11-22 14:39:00.000,12474,35
"554077",2011-05-22 11:34:00.000,13972,60
"553678",2011-05-18 13:00:00.000,14009,34
"550824",2011-04-21 10:00:00.000,18177,18
"559671",2011-07-11 13:55:00.000,17811,56
"545665",2011-03-04 15:20:00.000,17535,56
"548566",2011-04-01 10:27:00.000,17288,55
"573417",2011-10-31 08:56:00.000,12581,33
"572903",2011-10-26 15:17:00.000,17974,53
"551558",2011-05-03 10:41:00.000,17841,52
"578126",2011-11-23 10:32:00.000,16900,53
"563941",2011-08-22 09:51:00.000,15738,33
"568206",2011-09-25 15:32:00.000,14806,59
"568170",2011-09-25 13:08:00.000,16931,56
"560549",2011-07-19 12:43:00.000,12664,56
C553530,2011-05-17 15:08:00.000,13777,60
"553164",2011-05-13 16:12:00.000,17961,18
"557509",2011-06-20 16:18:00.000,15389,33
"543527",2011-02-09 12:08:00.000,15970,33
"577133",2011-11-18 08:47:00.000,13962,9
"559609",2011-07-11 11:51:00.000,13754,9
"578025",2011-11-22 13:28:00.000,16722,36
C572556,2011-10-24 17:26:00.000,17317,54
C543356,2011-02-07 13:52:00.000,14443,56
"538832",2010-12-14 13:03:00.000,17158,18
"567144",2011-09-16 15:07:00.000,12871,36
"574067",2011-11-02 14:50:00.000,14088,33
"579939",2011-12-01 10:18:00.000,15101,54
"568493",2011-09-27 12:03:00.000,12987,56
"553067",2011-05-13 11:44:00.000,16871,34
"545063",2011-02-27 14:26:00.000,14606,33
"559684",2011-07-11 15:05:00.000,14367,53
"538509",2010-12-12 13:37:00.000,14413,34
"564313",2011-08-24 12:54:00.000,13728,59
"553884",2011-05-19 15:36:00.000,12600,18
"551562",2011-05-03 10:51:00.000,13026,18
"551160",2011-04-26 15:04:00.000,15237,35
"566559",2011-09-13 11:52:00.000,18044,36
C574489,2011-11-04 13:03:00.000,18219,55
"558813",2011-07-04 11:42:00.000,12682,56
"556929",2011-06-15 15:12:00.000,15611,35
"561911",2011-08-01 10:26:00.000,12534,55
"574444",2011-11-04 11:41:00.000,18122,33
"571923",2011-10-19 16:24:00.000,12685,60
"577146",2011-11-18 09:42:00.000,16414,18
C552546,2011-05-10 10:33:00.000,13767,53
"578031",2011-11-22 13:41:00.000,15796,36
"546027",2011-03-09 08:09:00.000,12759,34
"558765",2011-07-03 13:12:00.000,17312,33
"548796",2011-04-04 12:42:00.000,15752,60
"550169",2011-04-14 16:41:00.000,14482,9
"561471",2011-07-27 13:14:00.000,14911,56
"569873",2011-10-06 15:05:00.000,13089,56
"568219",2011-09-26 09:59:00.000,13468,59
"549431",2011-04-08 12:17:00.000,15874,18
C553516,2011-05-17 14:07:00.000,14911,59
C541572,2011-01-19 12:39:00.000,15171,55
"554853",2011-05-27 09:32:00.000,16839,60
"556580",2011-06-13 14:20:00.000,17719,60
"539263",2010-12-16 14:36:00.000,16560,35
"548338",2011-03-30 14:08:00.000,16558,60
"553461",2011-05-17 10:57:00.000,16316,55
"561638",2011-07-28 14:54:00.000,15118,54
"578851",2011-11-27 11:05:00.000,16407,56
"575063",2011-11-08 12:32:00.000,16764,52
C552012,2011-05-05 17:29:00.000,13552,18
"564764",2011-08-30 10:49:00.000,14096,18
"555538",2011-06-05 12:39:00.000,14512,34
"564719",2011-08-28 11:55:00.000,15325,59
"574312",2011-11-03 17:39:00.000,17221,56
"569683",2011-10-05 14:39:00.000,15953,34
C563226,2011-08-14 14:36:00.000,13116,60
"565584",2011-09-05 13:10:00.000,14243,52
"571224",2011-10-14 13:41:00.000,13136,36
C556101,2011-06-08 16:06:00.000,15643,53
"580757",2011-12-06 10:27:00.000,13709,9
"572878",2011-10-26 13:34:00.000,16029,55
"569730",2011-10-06 09:45:00.000,16422,55
"556456",2011-06-10 16:47:00.000,12748,9
"577016",2011-11-17 12:21:00.000,17095,59
"573355",2011-10-30 12:43:00.000,15865,59
"580373",2011-12-02 17:06:00.000,14788,60
"581414",2011-12-08 14:39:00.000,14730,54
"556482",2011-06-12 13:04:00.000,17242,55
"566189",2011-09-09 13:19:00.000,17800,52
"577038",2011-11-17 13:30:00.000,14796,35
"549836",2011-04-12 13:32:00.000,16814,55
"539256",2010-12-16 14:27:00.000,15601,54
"553131",2011-05-13 12:44:00.000,16401,18
"570415",2011-10-10 13:27:00.000,14201,55
C546906,2011-03-17 18:44:00.000,17675,9
"553881",2011-05-19 15:24:00.000,16966,9
"577718",2011-11-21 12:19:00.000,16013,53
"578925",2011-11-27 12:13:00.000,17365,55
C554862,2011-05-27 10:34:00.000,13468,60
"552547",2011-05-10 10:34:00.000,13098,54
"545855",2011-03-07 13:52:00.000,15290,54
"544650",2011-02-22 12:40:00.000,16349,55
"576275",2011-11-14 14:28:00.000,17044,53
C541656,2011-01-20 12:07:00.000,17315,56
C553667,2011-05-18 12:21:00.000,14755,59
"568511",2011-09-27 12:26:00.000,16422,52
"559934",2011-07-14 09:58:00.000,13012,60
"560104",2011-07-14 18:56:00.000,17921,18
C543757,2011-02-11 15:05:00.000,13115,56
"548388",2011-03-30 16:52:00.000,13268,55
"577618",2011-11-21 10:27:00.000,12795,34
"557771",2011-06-22 14:43:00.000,15601,18
C571893,2011-10-19 14:13:00.000,13314,18
"551137",2011-04-26 13:05:00.000,15581,33
"541139",2011-01-14 11:05:00.000,15213,18
"549574",2011-04-10 16:02:00.000,18226,54
"568001",2011-09-23 11:35:00.000,12540,56
"556130",2011-06-09 10:48:00.000,15738,53
"557639",2011-06-21 16:13:00.000,12933,9
"550337",2011-04-17 15:29:00.000,18037,33
"580557",2011-12-05 10:19:00.000,14911,34
"545148",2011-02-28 12:14:00.000,13675,34
"553864",2011-05-19 14:08:00.000,15862,53
"549440",2011-04-08 12:42:00.000,17162,54
C546173,2011-03-10 10:34:00.000,14227,60
"540528",2011-01-09 13:50:00.000,17800,18
"536540",2010-12-01 14:05:00.000,14911,33
"549056",2011-04-06 10:40:00.000,15917,52
"541489",2011-01-18 13:38:00.000,15023,54
"581118",2011-12-07 12:26:00.000,15136,56
"565212",2011-09-01 17:14:00.000,12828,56
"552967",2011-05-12 13:12:00.000,16006,35
"554556",2011-05-25 10:11:00.000,13098,52
C542704,2011-01-31 12:48:00.000,15189,18
"537809",2010-12-08 13:28:00.000,14217,56
"550199",2011-04-15 10:20:00.000,16523,55
C581322,2011-12-08 11:51:00.000,18223,59
"543641",2011-02-10 17:19:00.000,14555,18
"562592",2011-08-07 15:43:00.000,13418,55
"548153",2011-03-29 13:05:00.000,15129,55
"544582",2011-02-21 14:38:00.000,13410,56
"539334",2010-12-17 10:12:00.000,12748,33
"560919",2011-07-21 18:31:00.000,15971,35
C554025,2011-05-20 13:34:00.000,14565,52
"559826",2011-07-13 08:48:00.000,13420,33
"558092",2011-06-26 12:54:00.000,14808,33
"578672",2011-11-24 17:43:00.000,16668,18
"577173",2011-11-18 10:57:00.000,14849,18
"562214",2011-08-03 13:39:00.000,17731,52
"568944",2011-09-29 14:50:00.000,16589,33
"568656",2011-09-28 12:21:00.000,14911,54
"544043",2011-02-15 11:58:00.000,14527,54
"544464",2011-02-20 14:38:00.000,17323,53
"544480",2011-02-21 10:32:00.000,14646,60
"578244",2011-11-23 12:36:00.000,15727,60
"572774",2011-10-26 10:33:00.000,16966,35
"570270",2011-10-10 10:23:00.000,15304,33
"552257",2011-05-08 11:08:00.000,16923,35
C572120,2011-10-20 19:29:00.000,14911,9
"554649",2011-05-25 12:46:00.000,16133,35
"574300",2011-11-03 16:12:00.000,14636,33
"577745",2011-11-21 14:06:00.000,18139,34
C551602,2011-05-03 11:34:00.000,17692,53
"574863",2011-11-07 12:29:00.000,15719,59
"558734",2011-07-01 15:07:00.000,16498,34
"575851",2011-11-11 12:13:00.000,14662,52
"575487",2011-11-09 17:11:00.000,15450,53
C569952,2011-10-06 18:30:00.000,16160,54
"570719",2011-10-12 10:45:00.000,17913,36
"569467",2011-10-04 11:44:00.000,14291,59
"554552",2011-05-25 09:58:00.000,13694,55
"560972",2011-07-22 11:44:00.000,14209,35
"561246",2011-07-26 11:38:00.000,16951,52
C542060,2011-01-25 12:01:00.000,14680,34
"562460",2011-08-05 11:19:00.000,17841,60
"580775",2011-12-06 11:05:00.000,16523,54
"565669",2011-09-06 09:18:00.000,17560,55
"558570",2011-06-30 14:38:00.000,17673,33
"544895",2011-02-24 12:22:00.000,14189,36
"570720",2011-10-12 10:50:00.000,17934,36
"557256",2011-06-19 10:20:00.000,17282,56
"579679",2011-11-30 13:29:00.000,13755,56
"546003",2011-03-08 15:07:00.000,16712,53
"551183",2011-04-27 08:59:00.000,17692,52
C538712,2010-12-14 10:51:00.000,17677,33
"561630",2011-07-28 14:16:00.000,14527,35
"573006",2011-10-27 12:16:00.000,16232,18
"550997",2011-04-26 09:04:00.000,17735,56
"563443",2011-08-16 13:26:00.000,12641,33
"548548",2011-03-31 19:54:00.000,17781,54
C546167,2011-03-10 10:13:00.000,15611,52
"547548",2011-03-23 15:37:00.000,15644,18
"560908",2011-07-21 17:56:00.000,15827,59
C581316,2011-12-08 11:46:00.000,12523,56
C541499,2011-01-18 15:23:00.000,13693,52
"570825",2011-10-12 12:59:00.000,18229,55
"564311",2011-08-24 12:52:00.000,15769,36
"581472",2011-12-08 19:55:00.000,15796,34
"567942",2011-09-22 19:03:00.000,15804,9
"551273",2011-04-27 12:50:00.000,14051,34
"563942",2011-08-22 09:53:00.000,15801,59
"547867",2011-03-27 13:56:00.000,13357,59
C538123,2010-12-09 15:41:00.000,12605,34
"570280",2011-10-10 11:12:00.000,15473,54
C536978,2010-12-03 14:19:00.000,17954,52
C578282,2011-11-23 13:54:00.000,17841,56
"555842",2011-06-07 12:54:00.000,17874,33
"558078",2011-06-26 11:00:00.000,13408,53
"576901",2011-11-17 08:54:00.000,16929,52
"552038",2011-05-06 08:08:00.000,14156,54
"541903",2011-01-24 11:31:00.000,15039,34
"555635",2011-06-06 12:29:00.000,13319,34
"547789",2011-03-25 12:04:00.000,14911,33
"558863",2011-07-04 12:28:00.000,17243,34
"577300",2011-11-18 12:53:00.000,16924,18
"574835",2011-11-07 11:31:00.000,13139,35
"574393",2011-11-04 11:06:00.000,13313,56
"573124",2011-10-27 16:24:00.000,13654,34
"573772",2011-11-01 10:16:00.000,17377,54
"566984",2011-09-16 10:39:00.000,12471,9
"578831",2011-11-25 15:15:00.000,15473,52
"572104",2011-10-20 16:21:00.000,15469,56
"577646",2011-11-21 10:39:00.000,13189,52
"577126",2011-11-17 19:22:00.000,12406,54
"536956",2010-12-03 12:43:00.000,14210,60
"566278",2011-09-11 14:05:00.000,13614,9
"550286",2011-04-15 14:14:00.000,15027,33
"567459",2011-09-20 12:21:00.000,14221,59
"556325",2011-06-10 11:20:00.000,17234,18
"566269",2011-09-11 13:39:00.000,17864,55
"574343",2011-11-04 10:11:00.000,12576,9
C574027,2011-11-02 12:32:00.000,13394,36
C544419,2011-02-18 15:16:00.000,12395,35
"565151",2011-09-01 14:29:00.000,16923,18
"561895",2011-07-31 15:04:00.000,12748,60
"580113",2011-12-01 16:05:00.000,14766,60
"544813",2011-02-23 16:23:00.000,15984,33
"537891",2010-12-09 10:05:00.000,13319,53
"579430",2011-11-29 13:06:00.000,12748,18
C579926,2011-12-01 09:19:00.000,14389,52
"568376",2011-09-26 17:20:00.000,14031,9
"545036",2011-02-25 17:25:00.000,14573,52
C555629,2011-06-06 12:04:00.000,14543,55
"572616",2011-10-25 11:46:00.000,18147,59
"563253",2011-08-15 12:04:00.000,15218,35
"565326",2011-09-02 13:41:00.000,16706,53
"577063",2011-11-17 14:41:00.000,17183,56
"572670",2011-10-25 13:14:00.000,13685,36
"565445",2011-09-04 14:50:00.000,13548,9
"552804",2011-05-11 12:32:00.000,15615,60
"571566",2011-10-18 10:19:00.000,13594,54
"576652",2011-11-16 10:39:00.000,17198,60
"560453",2011-07-19 09:52:00.000,13209,56
C541261,2011-01-16 15:48:00.000,14404,35
"536541",2010-12-01 14:05:00.000,14911,52
"570231",2011-10-09 13:44:00.000,16685,34
"540521",2011-01-09 12:46:00.000,12651,59
"547515",2011-03-23 14:02:00.000,13267,52
"579686",2011-11-30 13:48:00.000,16712,55
"549958",2011-04-13 13:47:00.000,17589,54
"550242",2011-04-15 11:31:00.000,13117,60
"576086",2011-11-14 08:29:00.000,15365,33
"577109",2011-11-17 17:50:00.000,16042,53
"556073",2011-06-08 15:05:00.000,16358,54
"561901",2011-07-31 15:42:00.000,14156,56
"545156",2011-02-28 13:27:00.000,13509,54
C547676,2011-03-24 14:15:00.000,15189,36
C563894,2011-08-21 09:18:00.000,16330,60
"536580",2010-12-01 16:17:00.000,17690,9
"570823",2011-10-12 12:54:00.000,12691,54
"561079",2011-07-24 16:12:00.000,13956,33
"553702",2011-05-18 14:50:00.000,13263,60
"579666",2011-11-30 12:31:00.000,14893,34
"567801",2011-09-22 12:02:00.000,13089,33
"545412",2011-03-02 12:24:00.000,15061,54
"548806",2011-04-04 12:52:00.000,13098,54
"536946",2010-12-03 12:28:00.000,13013,35
"539113",2010-12-16 11:24:00.000,12494,53
"563182",2011-08-12 14:33:00.000,17122,56
C558698,2011-07-01 12:11:00.000,16746,59
"570127",2011-10-07 13:17:00.000,16900,9
"574716",2011-11-06 14:33:00.000,14502,59
"549279",2011-04-07 13:16:00.000,16469,34
"568235",2011-09-26 11:39:00.000,13410,59
"550655",2011-04-19 17:19:00.000,17217,36
"542887",2011-02-01 13:10:00.000,12373,18
"571046",2011-10-13 13:35:00.000,18096,18
C569107,2011-09-30 12:40:00.000,15150,36
"552010",2011-05-05 17:26:00.000,14713,52
"558199",2011-06-27 12:58:00.000,17110,53
"553176",2011-05-15 11:22:00.000,14689,56
"543593",2011-02-10 12:13:00.000,14465,55
"548657",2011-04-01 14:07:00.000,12748,18
C545525,2011-03-03 13:11:00.000,12415,60
"552248",2011-05-06 19:49:00.000,12748,53
"579087",2011-11-28 10:35:00.000,13914,52
"577855",2011-11-22 11:18:00.000,15877,54
"572340",2011-10-24 10:36:00.000,14607,55
"544699",2011-02-23 09:54:00.000,17949,35
"564054",2011-08-22 13:55:00.000,17857,34
"549748",2011-04-12 10:42:00.000,17428,52
C539709,2010-12-21 12:33:00.000,18176,56
"544076",2011-02-15 15:00:00.000,16407,52
C552339,2011-05-09 12:04:00.000,14667,36
"541087",2011-01-13 12:37:00.000,13614,35
C555882,2011-06-07 15:40:00.000,14625,52
"557230",2011-06-17 13:57:00.000,15181,34
"564554",2011-08-25 19:39:00.000,17189,59
C546519,2011-03-14 12:27:00.000,14350,18
"545830",2011-03-07 13:10:00.000,17634,54
"543199",2011-02-04 12:40:00.000,13102,55
"558459",2011-06-29 14:20:00.000,15334,36
"559172",2011-07-07 08:22:00.000,17651,36
"556181",2011-06-09 11:32:00.000,15407,53
"560891",2011-07-21 17:02:00.000,15106,33
"577748",2011-11-21 14:24:00.000,15159,18
C548573,2011-04-01 10:45:00.000,15045,52
"543173",2011-02-04 09:30:00.000,13871,33
"555743",2011-06-07 10:42:00.000,12868,33
"575480",2011-11-09 16:26:00.000,15594,36
"546301",2011-03-10 15:21:00.000,16778,33
"554105",2011-05-22 14:04:00.000,14711,54
"537254",2010-12-06 11:01:00.000,15898,35
"561280",2011-07-26 12:24:00.000,18211,35
"553189",2011-05-15 13:14:00.000,15033,60
"537813",2010-12-08 13:38:00.000,18259,60
"539676",2010-12-21 10:54:00.000,12423,36
"552193",2011-05-06 14:22:00.000,15114,34
"539083",2010-12-16 09:23:00.000,13317,59
"536938",2010-12-03 12:05:00.000,14680,35
"542241",2011-01-26 14:51:00.000,16409,34
"566021",2011-09-08 12:47:00.000,15306,18
"536536",2010-12-01 13:45:00.000,18144,59
"568586",2011-09-28 10:15:00.000,16119,59
"577755",2011-11-21 14:49:00.000,17010,9
"575136",2011-11-08 14:53:00.000,15103,55
"558528",2011-06-30 11:02:00.000,17949,34
"538527",2010-12-13 09:52:00.000,15361,53
"562392",2011-08-04 16:07:00.000,15205,33
"562452",2011-08-05 09:44:00.000,16302,56
"573380",2011-10-30 14:04:00.000,14572,36
C569552,2011-10-04 17:44:00.000,14533,55
"569643",2011-10-05 12:31:00.000,15730,33
"543477",2011-02-08 15:30:00.000,17315,60
"574680",2011-11-06 12:40:00.000,15078,56
"545150",2011-02-28 12:27:00.000,14227,53
"580102",2011-12-01 15:12:00.000,16789,52
"555649",2011-06-06 13:47:00.000,15386,55
"558767",2011-07-03 13:27:00.000,13833,9
C549685,2011-04-11 13:26:00.000,13266,53
"570888",2011-10-13 10:26:00.000,17509,52
"578623",2011-11-24 15:32:00.000,15953,9
"573421",2011-10-31 09:50:00.000,14292,36
"545075",2011-02-28 09:33:00.000,14211,53
"563703",2011-08-18 14:02:00.000,13273,53
"564057",2011-08-22 14:20:00.000,15296,52
"543371",2011-02-07 14:53:00.000,14048,53
"538204",2010-12-10 11:23:00.000,16656,18
"545237",2011-03-01 10:38:00.000,15709,52
"580890",2011-12-06 12:28:00.000,15189,60
C559880,2011-07-13 11:32:00.000,15493,55
"567616",2011-09-21 12:23:00.000,14911,60
"543622",2011-02-10 14:59:00.000,17334,56
"564224",2011-08-24 09:56:00.000,15249,35
C539253,2010-12-16 14:19:00.000,17188,56
"550155",2011-04-14 14:54:00.000,14198,59
"573656",2011-10-31 16:02:00.000,12417,34
"579158",2011-11-28 13:53:00.000,17188,55
"556114",2011-06-09 09:36:00.000,12569,36
"575086",2011-11-08 13:52:00.000,16618,56
"537198",2010-12-05 14:03:00.000,12647,53
C543465,2011-02-08 14:32:00.000,13873,54
"552275",2011-05-08 12:31:00.000,16523,55
"574044",2011-11-02 13:14:00.000,16210,52
"548466",2011-03-31 12:19:00.000,16386,59
"544896",2011-02-24 12:25:00.000,17867,9
"543286",2011-02-07 09:50:00.000,14952,59
"560861",2011-07-21 13:37:00.000,17660,54
C558128,2011-06-27 11:14:00.000,13742,59
"553707",2011-05-18 15:26:00.000,16843,56
"552195",2011-05-06 14:25:00.000,13089,52
"544280",2011-02-17 12:21:00.000,14754,56
C580773,2011-12-06 11:05:00.000,16523,53
"546422",2011-03-13 11:38:00.000,15547,18
"537366",2010-12-06 12:39:00.000,14085,52
"571563",2011-10-18 10:07:00.000,16249,18
"576696",2011-11-16 12:26:00.000,16669,33
"575674",2011-11-10 15:06:00.000,13468,34
"541278",2011-01-17 11:53:00.000,14135,55
"546216",2011-03-10 11:56:00.000,18173,33
"554094",2011-05-22 12:49:00.000,15716,59
"538126",2010-12-09 15:50:00.000,17838,55
"576111",2011-11-14 10:33:00.000,15113,33
"568040",2011-09-23 12:09:00.000,12681,54
C569636,2011-10-05 12:14:00.000,12841,53
C539667,2010-12-21 10:47:00.000,13148,55
"541021",2011-01-13 12:03:00.000,13093,9
"575563",2011-11-10 11:22:00.000,17521,34
C575157,2011-11-08 16:19:00.000,16379,35
"575886",2011-11-11 13:57:00.000,12517,9
"580130",2011-12-01 18:07:00.000,17426,56
C542218,2011-01-26 12:36:00.000,14606,59
C556639,2011-06-13 15:37:00.000,13856,9
"547324",2011-03-22 11:27:00.000,13014,52
"544777",2011-02-23 12:00:00.000,15311,35
"561389",2011-07-27 09:37:00.000,12971,55
"557870",2011-06-23 12:36:00.000,14404,60
"561804",2011-07-29 14:40:00.000,14191,54
"558886",2011-07-04 15:13:00.000,13267,55
"547088",2011-03-20 16:02:00.000,14223,18
"547103",2011-03-21 10:54:00.000,15218,52
"571936",2011-10-20 09:04:00.000,15814,53
"570444",2011-10-10 14:38:00.000,17284,53
"560269",2011-07-17 14:32:00.000,16168,9
"577175",2011-11-18 10:58:00.000,14849,9
C547024,2011-03-18 16:36:00.000,15065,52
"553418",2011-05-17 10:10:00.000,18257,35
"574058",2011-11-02 14:10:00.000,14646,60
"576772",2011-11-16 13:20:00.000,16839,18
"552278",2011-05-08 12:36:00.000,15059,59
"543348",2011-02-07 12:46:00.000,13983,53
"581405",2011-12-08 13:50:00.000,13521,53
C572118,2011-10-20 19:21:00.000,18228,60
C539603,2010-12-20 14:05:00.000,14911,35
"567516",2011-09-20 15:31:00.000,13138,36
"551720",2011-05-03 16:35:00.000,18146,59
"543737",2011-02-11 12:45:00.000,12477,60
"568998",2011-09-29 17:33:00.000,17905,52
C561380,2011-07-26 17:12:00.000,17693,60
"571839",2011-10-19 12:12:00.000,14107,36
"552964",2011-05-12 13:05:00.000,16057,59
C555404,2011-06-02 18:28:00.000,17231,55
"547687",2011-03-24 14:52:00.000,15078,55
"545085",2011-02-28 11:19:00.000,15039,9
"549237",2011-04-07 11:29:00.000,13950,18
"541486",2011-01-18 13:15:00.000,18109,56
"567615",2011-09-21 12:14:00.000,13316,35
"570919",2011-10-13 10:57:00.000,12584,9
C577752,2011-11-21 14:37:00.000,16670,59
"536733",2010-12-02 12:50:00.000,15738,33
"556207",2011-06-09 13:50:00.000,17372,60
"578792",2011-11-25 12:20:00.000,14911,59
"541430",2011-01-18 09:50:00.000,12356,35
"565728",2011-09-06 12:00:00.000,17716,54
C549686,2011-04-11 13:26:00.000,15646,54
"577101",2011-11-17 16:51:00.000,13138,55
"566564",2011-09-13 12:26:00.000,15522,59
"548910",2011-04-05 08:51:00.000,17940,53
"570018",2011-10-07 10:12:00.000,13629,60
C553840,2011-05-19 12:15:00.000,12471,52
"559046",2011-07-05 15:41:00.000,14352,9
C549050,2011-04-06 10:17:00.000,13767,9
"581448",2011-12-08 17:24:00.000,15208,52
"569906",2011-10-06 16:34:00.000,12748,36
"566612",2011-09-13 17:16:00.000,16229,55
"577773",2011-11-21 15:57:00.000,16712,9
"574329",2011-11-04 09:07:00.000,12362,52
"576842",2011-11-16 15:31:00.000,13599,53
"551560",2011-05-03 10:43:00.000,16133,34
"542992",2011-02-02 11:55:00.000,14460,18
"567656",2011-09-21 14:40:00.000,14096,54
"566170",2011-09-09 12:11:00.000,12879,33
"544328",2011-02-17 16:35:00.000,14371,60
"538648",2010-12-13 14:56:00.000,17937,52
"563981",2011-08-22 11:13:00.000,14948,52
"554043",2011-05-20 14:47:00.000,16832,33
"552491",2011-05-09 16:01:00.000,17033,36
"569207",2011-10-02 11:04:00.000,17811,36
"542265",2011-01-26 17:27:00.000,15867,54
"557016",2011-06-16 12:29:00.000,16942,60
"569342",2011-10-03 14:20:00.000,16013,56
"558159",2011-06-27 11:50:00.000,16904,34
"554026",2011-05-20 13:34:00.000,13324,35
"567474",2011-09-20 12:53:00.000,13448,36
"572924",2011-10-27 08:56:00.000,13416,18
C545689,2011-03-06 12:43:00.000,16033,9
"574559",2011-11-04 15:50:00.000,14056,35
"568690",2011-09-28 14:43:00.000,16332,34
C551180,2011-04-26 17:32:00.000,14586,36
"545055",2011-02-27 12:45:00.000,17516,9
"561073",2011-07-24 15:46:00.000,13408,52
"536367",2010-12-01 08:34:00.000,13047,56
"556050",2011-06-08 13:04:00.000,14367,59
"538654",2010-12-13 15:13:00.000,13089,18
"565937",2011-09-08 10:52:00.000,13468,53
"553058",2011-05-13 10:44:00.000,17790,35
"566851",2011-09-15 12:16:00.000,15573,36
"545423",2011-03-02 14:34:00.000,15643,9
"542889",2011-02-01 13:20:00.000,16422,36
"578125",2011-11-23 10:31:00.000,17511,56
C571127,2011-10-14 10:01:00.000,12583,36
"543601",2011-02-10 13:27:00.000,14560,34
"561010",2011-07-22 16:04:00.000,18262,59
"556471",2011-06-12 11:47:00.000,16466,53
"574060",2011-11-02 14:16:00.000,16531,53
"572771",2011-10-26 10:24:00.000,16173,33
"575631",2011-11-10 13:41:00.000,15184,60
"578937",2011-11-27 13:03:00.000,16592,36
"550639",2011-04-19 15:46:00.000,14152,34
"570716",2011-10-12 10:26:00.000,17193,9
"576557",2011-11-15 13:07:00.000,14714,54
"564660",2011-08-26 14:45:00.000,15074,60
"556454",2011-06-10 16:37:00.000,12947,55
"562157",2011-08-03 11:44:00.000,16012,54
"541435",2011-01-18 10:28:00.000,13898,55
"549694",2011-04-11 13:45:00.000,15414,53
"567528",2011-09-21 09:18:00.000,14356,60
"554075",2011-05-22 11:29:00.000,16038,53
"549902",2011-04-12 16:17:00.000,14006,36
"556905",2011-06-15 13:05:00.000,16904,18
"536986",2010-12-03 14:40:00.000,16140,56
"567300",2011-09-19 12:36:00.000,12724,18
"547561",2011-03-24 08:44:00.000,14129,36
"557787",2011-06-22 16:16:00.000,15041,54
"554987",2011-05-29 12:48:00.000,14823,55
"574911",2011-11-07 15:49:00.000,14073,59
"559256",2011-07-07 12:10:00.000,15249,9
"572904",2011-10-26 15:31:00.000,17175,55
"563436",2011-08-16 12:32:00.000,16131,34
C539287,2010-12-16 16:24:00.000,17655,54
"538499",2010-12-12 12:46:00.000,17819,52
"572193",2011-10-21 11:33:00.000,15061,56
"548217",2011-03-30 09:31:00.000,17616,33
"537680",2010-12-08 10:11:00.000,13599,33
"550804",2011-04-20 15:32:00.000,16676,35
C561469,2011-07-27 13:13:00.000,15289,56
"577572",2011-11-20 15:48:00.000,17384,55
"544970",2011-02-25 11:33:00.000,13362,59
"559368",2011-07-08 09:38:00.000,17031,55
C538882,2010-12-14 15:56:00.000,12797,54
C550181,2011-04-14 17:43:00.000,13069,36
"537197",2010-12-05 14:02:00.000,12647,18
"559806",2011-07-12 14:26:00.000,13311,59
"559126",2011-07-06 12:33:00.000,17341,35
"575764",2011-11-11 11:02:00.000,15965,18
"580123",2011-12-01 17:07:00.000,12664,18
"567304",2011-09-19 13:27:00.000,14704,36
"564726",2011-08-28 12:29:00.000,18077,34
"571429",2011-10-17 12:50:00.000,15335,35
"556917",2011-06-15 13:37:00.000,12415,60
"548331",2011-03-30 13:28:00.000,13047,60
"556804",2011-06-14 15:14:00.000,15125,52
"575647",2011-11-10 14:16:00.000,16440,34
"575842",2011-11-11 12:01:00.000,15024,59
"570416",2011-10-10 13:30:00.000,15608,18
"555647",2011-06-06 13:43:00.000,12957,55
"550196",2011-04-15 10:09:00.000,14796,34
"574589",2011-11-06 10:33:00.000,15017,35
C537024,2010-12-03 16:21:00.000,13941,9
"566962",2011-09-15 17:07:00.000,16764,56
"565198",2011-09-01 16:18:00.000,16729,52
"556462",2011-06-12 10:46:00.000,14450,34
C542924,2011-02-02 09:39:00.000,12559,55
"552872",2011-05-12 09:09:00.000,16985,60
"580074",2011-12-01 14:06:00.000,15028,59
"575202",2011-11-09 10:14:00.000,13018,9
"565158",2011-09-01 15:21:00.000,17024,56
"579106",2011-11-28 11:42:00.000,16705,53
"567174",2011-09-18 13:31:00.000,16438,52
"567485",2011-09-20 13:52:00.000,15026,59
"567385",2011-09-20 10:27:00.000,14866,56
"549451",2011-04-08 14:14:00.000,16556,36
C541710,2011-01-21 11:17:00.000,14320,55
"576339",2011-11-14 15:27:00.000,14096,53
"571906",2011-10-19 14:55:00.000,14297,18
"558042",2011-06-24 13:26:00.000,13870,35
"567807",2011-09-22 12:23:00.000,17027,55
"552306",2011-05-08 15:20:00.000,13911,34
"575703",2011-11-10 16:59:00.000,13767,9
C546302,2011-03-10 15:27:00.000,14214,59
"572884",2011-10-26 13:44:00.000,13924,52
"541990",2011-01-25 09:01:00.000,13901,18
"575481",2011-11-09 16:28:00.000,15679,33
"552290",2011-05-08 13:32:00.000,16007,34
"551961",2011-05-05 12:39:00.000,13883,9
"577180",2011-11-18 11:27:00.000,12380,53
C561623,2011-07-28 13:43:00.000,17677,60
"559629",2011-07-11 11:58:00.000,14690,60
"562950",2011-08-11 09:56:00.000,15608,36
"551426",2011-04-28 14:39:00.000,14022,52
C544570,2011-02-21 12:59:00.000,12471,9
"568189",2011-09-25 14:36:00.000,14757,33
"545995",2011-03-08 13:54:00.000,15023,60
"548907",2011-04-05 08:25:00.000,15521,36
"537523",2010-12-07 11:45:00.000,14176,56
"545686",2011-03-06 12:09:00.000,18211,9
"569723",2011-10-06 09:32:00.000,12431,18
C551510,2011-04-28 19:43:00.000,16163,53
"575961",2011-11-13 12:29:00.000,16794,53
"571309",2011-10-17 10:17:00.000,13685,34
C566197,2011-09-09 13:54:00.000,18109,9
"547695",2011-03-24 15:15:00.000,18239,36
"539215",2010-12-16 12:42:00.000,15574,52
"567043",2011-09-16 11:27:00.000,13268,56
"561043",2011-07-24 12:20:00.000,15708,35
"556816",2011-06-15 09:01:00.000,12437,18
"579260",2011-11-29 08:41:00.000,14618,56
"580404",2011-12-04 12:01:00.000,13596,53
"544334",2011-02-17 19:16:00.000,16353,36
C570331,2011-10-10 12:18:00.000,14606,52
"565332",2011-09-02 14:09:00.000,13695,9
"553198",2011-05-15 14:48:00.000,13752,54
"546030",2011-03-09 08:59:00.000,14013,33
"544446",2011-02-20 11:28:00.000,12891,33
"556386",2011-06-10 11:49:00.000,16668,60
"573937",2011-11-02 10:40:00.000,15830,55
"544921",2011-02-24 16:35:00.000,17090,55
"568175",2011-09-25 13:24:00.000,14820,53
"555858",2011-06-07 14:12:00.000,14911,56
"554095",2011-05-22 12:51:00.000,14682,55
"580500",2011-12-04 12:52:00.000,17131,9
C545824,2011-03-07 13:00:00.000,15241,54
"553465",2011-05-17 11:09:00.000,16218,55
"550633",2011-04-19 14:57:00.000,17449,54
"551958",2011-05-05 12:37:00.000,13883,52
"579009",2011-11-28 09:14:00.000,16678,34
"567883",2011-09-22 15:03:00.000,12906,56
"538263",2010-12-10 12:44:00.000,18065,56
"564437",2011-08-25 12:10:00.000,13320,53
"561624",2011-07-28 13:54:00.000,16969,33
"538878",2010-12-14 15:43:00.000,13767,60
"580287",2011-12-02 13:28:00.000,14594,60
"540162",2011-01-05 11:52:00.000,13089,59
"541836",2011-01-23 10:29:00.000,15465,53
"537423",2010-12-06 15:34:00.000,14215,18
"575610",2011-11-10 12:45:00.000,16628,36
"577495",2011-11-20 12:20:00.000,14704,33
"555746",2011-06-07 10:55:00.000,14606,34
"557149",2011-06-17 11:01:00.000,17961,34
"570479",2011-10-10 16:58:00.000,17589,35
"554929",2011-05-27 13:16:00.000,13018,9
"559674",2011-07-11 14:16:00.000,15856,35
"576874",2011-11-16 16:30:00.000,15432,35
"572483",2011-10-24 13:50:00.000,16444,56
C561238,2011-07-26 10:31:00.000,17675,60
"556024",2011-06-08 12:21:00.000,12808,52
"573413",2011-10-30 16:12:00.000,15444,35
"551824",2011-05-04 12:32:00.000,15128,55
C545639,2011-03-04 12:28:00.000,13113,52
"575984",2011-11-13 13:50:00.000,17068,33
"563844",2011-08-19 14:04:00.000,17725,35
"575198",2011-11-09 09:47:00.000,12921,36
"576516",2011-11-15 12:19:00.000,16746,53
"547799",2011-03-25 12:48:00.000,17139,36
"561078",2011-07-24 16:05:00.000,16178,56
"579062",2011-11-28 10:29:00.000,17651,34
C573925,2011-11-02 09:50:00.000,17109,18
C543611,2011-02-10 14:38:00.000,17850,33
"577601",2011-11-21 08:31:00.000,17675,34
C569953,2011-10-06 18:31:00.000,15841,60
"574575",2011-11-04 17:03:00.000,14971,35
"567972",2011-09-23 10:14:00.000,13949,9
"548563",2011-04-01 10:21:00.000,18118,54
"573419",2011-10-31 09:38:00.000,13103,52
"542800",2011-02-01 11:16:00.000,14606,33
"561257",2011-07-26 12:00:00.000,14911,35
"580639",2011-12-05 12:46:00.000,17254,9
"544179",2011-02-16 14:44:00.000,17422,36
"580677",2011-12-05 14:40:00.000,16200,33
"556958",2011-06-16 09:15:00.000,17490,9
"539483",2010-12-19 15:31:00.000,17218,54
"568794",2011-09-29 10:10:00.000,17447,36
"541858",2011-01-23 15:34:00.000,16983,33
C557408,2011-06-20 11:33:00.000,12621,60
"543981",2011-02-15 08:18:00.000,15358,34
"540413",2011-01-07 10:29:00.000,15194,52
"550710",2011-04-20 11:05:00.000,17450,55
C565026,2011-08-31 16:34:00.000,13694,33
"573372",2011-10-30 13:36:00.000,12971,36
"553142",2011-05-13 13:05:00.000,14527,18
"568095",2011-09-23 14:49:00.000,14911,56
"579189",2011-11-28 15:34:00.000,16684,34
"540013",2011-01-04 11:30:00.000,16255,52
"552711",2011-05-11 08:32:00.000,16143,36
"575384",2011-11-09 15:17:00.000,17690,36
"547721",2011-03-25 10:14:00.000,13000,36
C549823,2011-04-12 12:40:00.000,16875,59
"581015",2011-12-07 09:35:00.000,13949,54
"559639",2011-07-11 12:23:00.000,13767,52
C561358,2011-07-26 15:10:00.000,12626,52
"573930",2011-11-02 10:15:00.000,17811,34
"580550",2011-12-05 10:00:00.000,13126,33
"575931",2011-11-13 10:35:00.000,16560,9
"551877",2011-05-05 08:30:00.000,16990,34
"561089",2011-07-25 09:50:00.000,17579,34
C537408,2010-12-06 14:55:00.000,15502,55
C540392,2011-01-06 18:06:00.000,12753,34
"541574",2011-01-19 12:52:00.000,12826,35
"569919",2011-10-06 17:08:00.000,15300,33
"569583",2011-10-05 11:17:00.000,15039,35
"573913",2011-11-01 15:49:00.000,17653,55
C557467,2011-06-20 13:13:00.000,17157,34
"548746",2011-04-04 12:11:00.000,12471,34
"549287",2011-04-07 18:05:00.000,14527,60
"556486",2011-06-12 13:22:00.000,17422,55
"553188",2011-05-15 12:55:00.000,15379,53
"570886",2011-10-13 10:23:00.000,13777,9
C567705,2011-09-22 09:43:00.000,14768,54
C562811,2011-08-09 15:30:00.000,13217,53
C564506,2011-08-25 14:26:00.000,15315,56
"557225",2011-06-17 13:37:00.000,15311,52
"572399",2011-10-24 11:56:00.000,15628,59
C550494,2011-04-18 14:54:00.000,15311,34
"571725",2011-10-19 08:32:00.000,13491,54
"578250",2011-11-23 12:43:00.000,15901,60
"572128",2011-10-21 09:23:00.000,15782,53
"563698",2011-08-18 13:46:00.000,14667,52
"575853",2011-11-11 12:18:00.000,16912,18
"541224",2011-01-14 14:45:00.000,12474,53
"543746",2011-02-11 13:50:00.000,17675,60
"537468",2010-12-07 10:36:00.000,12567,54
C548503,2011-03-31 14:23:00.000,14410,35
"568144",2011-09-25 11:29:00.000,14005,18
"562563",2011-08-07 10:24:00.000,13450,56
"576927",2011-11-17 11:02:00.000,12567,53
"557662",2011-06-21 17:51:00.000,13630,59
"572082",2011-10-20 14:18:00.000,17672,34
C567349,2011-09-19 16:01:00.000,13375,55
"576078",2011-11-13 16:22:00.000,14432,9
C564971,2011-08-31 15:29:00.000,13466,34
"547516",2011-03-23 14:04:00.000,15189,59
"579454",2011-11-29 14:08:00.000,12901,54
"551343",2011-04-28 08:57:00.000,16187,9
"543507",2011-02-09 10:49:00.000,15039,33
"560979",2011-07-22 12:21:00.000,15232,36
"560916",2011-07-21 18:19:00.000,14911,33
"554963",2011-05-27 15:32:00.000,14625,54
C570508,2011-10-11 10:14:00.000,15706,34
"556498",2011-06-12 15:57:00.000,17961,33
C567686,2011-09-21 16:42:00.000,17702,53
"549590",2011-04-11 10:09:00.000,13324,52
"548917",2011-04-05 10:13:00.000,16817,9
"548157",2011-03-29 13:27:00.000,14298,59
"544657",2011-02-22 13:08:00.000,14895,18
"578684",2011-11-25 08:59:00.000,16856,36
"568205",2011-09-25 15:30:00.000,18066,36
"574746",2011-11-07 08:30:00.000,16523,54
"541425",2011-01-18 08:43:00.000,15513,18
"555473",2011-06-03 11:59:00.000,14700,9
"539144",2010-12-16 11:36:00.000,12980,35
C570066,2011-10-07 11:09:00.000,16523,35
"557303",2011-06-19 14:36:00.000,12450,60
C537821,2010-12-08 14:20:00.000,18193,52
"540998",2011-01-13 10:04:00.000,15290,53
"579409",2011-11-29 12:38:00.000,14701,34
"575713",2011-11-10 17:49:00.000,13817,60
"540552",2011-01-10 09:44:00.000,16350,36
"553932",2011-05-20 10:29:00.000,15768,33
C569939,2011-10-06 17:57:00.000,14883,53
"576916",2011-11-17 10:24:00.000,14655,36
"580893",2011-12-06 12:38:00.000,17290,9
"580535",2011-12-04 16:02:00.000,16988,55
C553478,2011-05-17 11:47:00.000,17677,36
"544658",2011-02-22 13:18:00.000,13113,9
"570253",2011-10-10 09:18:00.000,14156,56
C540944,2011-01-12 12:40:00.000,16554,18
"562313",2011-08-04 11:38:00.000,14640,60
"545038",2011-02-27 10:13:00.000,13684,59
"570125",2011-10-07 13:14:00.000,17509,33
"555594",2011-06-06 10:09:00.000,13880,54
"572058",2011-10-20 12:43:00.000,18252,52
"552286",2011-05-08 13:07:00.000,16393,56
C542593,2011-01-28 16:50:00.000,15549,60
"549022",2011-04-05 16:23:00.000,12901,56
C569993,2011-10-06 20:28:00.000,17633,35
"580172",2011-12-02 11:43:00.000,17949,18
"550054",2011-04-14 12:00:00.000,14040,9
C542539,2011-01-28 14:07:00.000,14229,35
"540353",2011-01-06 14:53:00.000,13764,53
"543394",2011-02-08 10:17:00.000,15797,36
C565422,2011-09-04 12:15:00.000,17774,54
"543832",2011-02-14 10:10:00.000,13381,52
"542107",2011-01-25 13:38:00.000,16222,53
C551167,2011-04-26 16:02:00.000,14211,36
C538085,2010-12-09 14:43:00.000,16350,52
"566923",2011-09-15 15:05:00.000,15511,52
"577604",2011-11-21 08:57:00.000,14300,56
"548354",2011-03-30 15:06:00.000,15981,18
"567980",2011-09-23 11:22:00.000,15311,55
"571595",2011-10-18 10:52:00.000,15971,33
C573148,2011-10-27 19:16:00.000,15469,53
"546991",2011-03-18 13:08:00.000,12748,34
C570647,2011-10-11 13:09:00.000,15125,36
"545550",2011-03-03 15:11:00.000,18041,54
"552311",2011-05-08 15:22:00.000,15312,54
"536605",2010-12-02 08:52:00.000,13715,60
"577488",2011-11-20 12:00:00.000,13090,52
"557296",2011-06-19 13:51:00.000,15334,9
"542284",2011-01-27 10:56:00.000,17311,35
"572558",2011-10-25 08:26:00.000,14286,18
"553912",2011-05-19 19:32:00.000,15122,55
"569923",2011-10-06 17:43:00.000,16184,56
"558330",2011-06-28 12:16:00.000,12748,35
"543823",2011-02-14 09:27:00.000,17937,33
"555642",2011-06-06 13:18:00.000,18248,35
C542400,2011-01-27 15:49:00.000,15189,52
C577327,2011-11-18 14:13:00.000,17779,33
"557309",2011-06-19 15:15:00.000,16493,9
"538186",2010-12-10 10:26:00.000,13000,55
"579252",2011-11-28 16:47:00.000,17450,35
"560599",2011-07-19 17:04:00.000,14609,18
"558462",2011-06-29 15:11:00.000,13982,9
C541787,2011-01-21 12:56:00.000,12829,52
"579097",2011-11-28 11:11:00.000,13758,36
"575188",2011-11-09 09:07:00.000,16759,33
"571240",2011-10-14 14:55:00.000,12562,33
"570669",2011-10-11 14:37:00.000,15955,60
"538709",2010-12-14 10:46:00.000,16442,60
C559738,2011-07-12 10:56:00.000,18193,36
"551599",2011-05-03 11:34:00.000,15696,54
"572032",2011-10-20 11:54:00.000,14214,60
"567508",2011-09-20 14:50:00.000,17724,34
"562339",2011-08-04 11:59:00.000,13571,18
"564361",2011-08-24 16:16:00.000,17869,35
"559551",2011-07-10 16:18:00.000,16877,33
"550159",2011-04-14 15:46:00.000,14062,54
"556727",2011-06-14 11:33:00.000,17675,9
"544659",2011-02-22 13:20:00.000,18114,18
"556016",2011-06-08 11:54:00.000,18092,34
"571679",2011-10-18 13:41:00.000,14159,60
C558882,2011-07-04 14:47:00.000,13767,18
"556184",2011-06-09 11:39:00.000,16592,53
"545086",2011-02-28 11:43:00.000,12678,34
"541260",2011-01-16 15:44:00.000,16059,9
"578814",2011-11-25 13:40:00.000,12748,52
"565144",2011-09-01 13:50:00.000,16456,36
"563019",2011-08-11 12:58:00.000,17340,53
"550776",2011-04-20 13:19:00.000,15805,18
"580054",2011-12-01 13:08:00.000,18122,36
C570203,2011-10-07 16:49:00.000,15311,54
"551730",2011-05-04 09:52:00.000,16539,33
"565056",2011-08-31 17:12:00.000,16278,53
"541243",2011-01-16 12:11:00.000,16593,18
"551247",2011-04-27 11:56:00.000,15640,34
"579166",2011-11-28 14:02:00.000,14290,54
C545531,2011-03-03 13:45:00.000,17675,56
C542588,2011-01-28 15:57:00.000,12997,18
"572105",2011-10-20 17:00:00.000,15187,60
C564490,2011-08-25 14:14:00.000,13266,60
"545039",2011-02-27 10:22:00.000,17243,33
C581384,2011-12-08 13:06:00.000,17673,36
"559834",2011-07-13 10:02:00.000,12576,18
"550125",2011-04-14 12:42:00.000,13317,52
"577544",2011-11-20 14:43:00.000,17758,56
C555595,2011-06-06 10:14:00.000,17652,33
"548643",2011-04-01 13:01:00.000,14680,18
C550356,2011-04-18 10:34:00.000,13458,52
"573130",2011-10-27 16:41:00.000,13969,53
"573665",2011-10-31 16:24:00.000,13982,55
"572846",2011-10-26 12:14:00.000,14550,56
"541270",2011-01-17 11:09:00.000,14976,59
C547342,2011-03-22 11:54:00.000,15044,35
"539282",2010-12-16 15:45:00.000,16770,53
"550479",2011-04-18 14:01:00.000,15625,56
"573509",2011-10-31 12:21:00.000,16169,35
C568561,2011-09-27 16:45:00.000,15505,55
C555879,2011-06-07 15:31:00.000,14292,18
"544196",2011-02-17 09:47:00.000,13327,52
C573750,2011-11-01 09:29:00.000,16150,36
C556511,2011-06-13 10:42:00.000,16525,34
"573344",2011-10-30 12:07:00.000,14179,55
C547836,2011-03-27 10:19:00.000,15465,33
"542737",2011-01-31 15:52:00.000,15058,18
"543555",2011-02-10 10:18:00.000,17686,56
"540148",2011-01-05 10:58:00.000,14189,33
C553032,2011-05-12 19:44:00.000,13320,52
"568480",2011-09-27 11:52:00.000,17490,56
"575730",2011-11-10 19:53:00.000,14765,36
"572518",2011-10-24 14:49:00.000,16353,35
"538345",2010-12-10 14:45:00.000,13787,36
C550456,2011-04-18 13:08:00.000,15749,59
"565333",2011-09-02 14:23:00.000,12375,53
"555251",2011-06-01 15:12:00.000,13062,18
C572850,2011-10-26 12:22:00.000,17841,35
C572479,2011-10-24 13:43:00.000,12463,52
"562783",2011-08-09 13:22:00.000,13018,59
"574345",2011-11-04 10:18:00.000,15845,52
"537359",2010-12-06 12:30:00.000,14825,36
"549292",2011-04-07 19:10:00.000,17869,56
"576121",2011-11-14 10:38:00.000,14530,59
"536763",2010-12-02 14:42:00.000,17685,55
C556293,2011-06-10 09:30:00.000,13094,9
"561521",2011-07-27 17:06:00.000,17870,56
"543007",2011-02-02 12:54:00.000,13894,35
"579468",2011-11-29 14:58:00.000,14711,18
"568229",2011-09-26 11:04:00.000,15358,34
C579547,2011-11-30 10:42:00.000,16764,56
"544606",2011-02-22 09:15:00.000,14520,52
"536628",2010-12-02 10:54:00.000,17850,52
"537209",2010-12-05 15:12:00.000,14606,9
"573486",2011-10-31 11:40:00.000,13186,54
"540554",2011-01-10 09:55:00.000,18171,18
"556194",2011-06-09 12:20:00.000,12483,9
C554863,2011-05-27 10:35:00.000,15660,54
"543797",2011-02-13 10:24:00.000,15465,56
C568598,2011-09-28 11:19:00.000,15737,34
"577500",2011-11-20 12:30:00.000,14052,52
"578130",2011-11-23 10:44:00.000,15611,18
"551856",2011-05-04 15:25:00.000,15027,33
"538679",2010-12-13 17:03:00.000,16455,33
"556496",2011-06-12 15:20:00.000,14397,60
C538118,2010-12-09 15:33:00.000,17700,54
C551466,2011-04-28 16:18:00.000,14189,53
"580884",2011-12-06 12:21:00.000,15907,56
C537893,2010-12-09 10:14:00.000,12721,54
"545232",2011-03-01 10:19:00.000,15676,59
C558471,2011-06-29 15:38:00.000,12408,52
"546658",2011-03-15 14:21:00.000,15150,54
"572227",2011-10-21 14:01:00.000,15051,52
"560041",2011-07-14 14:46:00.000,14156,56
C554790,2011-05-26 12:10:00.000,14911,18
"541649",2011-01-20 11:39:00.000,17418,35
"544115",2011-02-16 11:45:00.000,12727,53
"575917",2011-11-11 16:57:00.000,13895,33
"574068",2011-11-02 14:51:00.000,12490,55
"538165",2010-12-09 17:34:00.000,14031,53
C537417,2010-12-06 15:12:00.000,13481,55
"562218",2011-08-03 14:07:00.000,13851,35
"536528",2010-12-01 13:17:00.000,15525,55
"546772",2011-03-16 15:34:00.000,15030,52
"558772",2011-07-03 16:00:00.000,15007,34
"577518",2011-11-20 13:17:00.000,14359,55
"557856",2011-06-23 11:47:00.000,16647,59
"564190",2011-08-23 16:01:00.000,16143,34
"553638",2011-05-18 10:56:00.000,14180,34
C546777,2011-03-16 16:23:00.000,17080,53
"544680",2011-02-22 16:19:00.000,13077,18
"575903",2011-11-11 15:24:00.000,13557,59
"544095",2011-02-16 09:25:00.000,16509,18
"580372",2011-12-02 17:04:00.000,16359,56
"578036",2011-11-22 14:04:00.000,16474,56
"567375",2011-09-20 09:45:00.000,14766,56
C566012,2011-09-08 12:15:00.000,17243,52
"536629",2010-12-02 10:55:00.000,17850,55
"562033",2011-08-02 08:49:00.000,15410,34
"571840",2011-10-19 12:16:00.000,13590,18
"555400",2011-06-02 17:50:00.000,14088,34
"544295",2011-02-17 12:43:00.000,14298,18
"553507",2011-05-17 13:35:00.000,17220,35
C570692,2011-10-11 16:48:00.000,13359,53
"537022",2010-12-03 15:45:00.000,12725,59
"566334",2011-09-12 12:24:00.000,13798,52
"564042",2011-08-22 12:52:00.000,15443,36
C538802,2010-12-14 11:54:00.000,17017,34
C559486,2011-07-08 13:51:00.000,13047,52
"555835",2011-06-07 12:34:00.000,14525,60
"566056",2011-09-08 15:08:00.000,14410,18
"562156",2011-08-03 11:35:00.000,14401,34
"552734",2011-05-11 10:49:00.000,17428,36
"544724",2011-02-23 10:46:00.000,15605,60
"539634",2010-12-20 15:12:00.000,17230,52
"571308",2011-10-17 10:10:00.000,12475,60
"552821",2011-05-11 12:58:00.000,18118,9
"567168",2011-09-18 12:24:00.000,14878,56
"556055",2011-06-08 13:33:00.000,14477,34
"545835",2011-03-07 13:17:00.000,17654,35
"577319",2011-11-18 13:43:00.000,17301,52
"558363",2011-06-28 15:15:00.000,16029,34
"539470",2010-12-19 14:03:00.000,14472,35
"563238",2011-08-15 09:59:00.000,15093,59
"581399",2011-12-08 13:27:00.000,17528,54
"567156",2011-09-16 17:05:00.000,14462,59
C559303,2011-07-07 12:49:00.000,13510,33
"559791",2011-07-12 12:24:00.000,17675,36
"570882",2011-10-13 09:45:00.000,13930,34
"568791",2011-09-29 09:51:00.000,16650,60
"577402",2011-11-20 10:11:00.000,15465,54
"560450",2011-07-19 09:49:00.000,14117,33
"541875",2011-01-24 10:01:00.000,16558,53
C558059,2011-06-24 15:03:00.000,14194,35
"540518",2011-01-09 12:03:00.000,14761,56
"556440",2011-06-10 14:51:00.000,14401,36
"568952",2011-09-29 15:29:00.000,14305,33
"569857",2011-10-06 14:31:00.000,12939,33
C577828,2011-11-22 09:53:00.000,14911,54
"556099",2011-06-08 15:38:00.000,13162,59
C552301,2011-05-08 14:50:00.000,17323,34
"547934",2011-03-28 14:07:00.000,12474,56
"546230",2011-03-10 12:26:00.000,13871,59
"576087",2011-11-14 08:31:00.000,12689,18
"567077",2011-09-16 12:34:00.000,18122,34
"557260",2011-06-19 10:39:00.000,17932,18
"577099",2011-11-17 16:48:00.000,13313,34
"571851",2011-10-19 13:02:00.000,12596,35
"543805",2011-02-13 12:41:00.000,17050,36
"545906",2011-03-08 09:23:00.000,15764,56
"554915",2011-05-27 12:23:00.000,16133,54
"564034",2011-08-22 12:22:00.000,12935,33
"557616",2011-06-21 13:25:00.000,12930,33
"561067",2011-07-24 14:26:00.000,14397,60
"568185",2011-09-25 14:08:00.000,16594,34
"577140",2011-11-18 09:10:00.000,13269,59
"571055",2011-10-13 14:08:00.000,14975,59
"545417",2011-03-02 13:42:00.000,15622,33
"563061",2011-08-11 15:25:00.000,13588,34
C558097,2011-06-26 13:29:00.000,15532,55
"544886",2011-02-24 11:42:00.000,12582,54
C560564,2011-07-19 13:42:00.000,12468,9
"554036",2011-05-20 14:11:00.000,13767,34
"558474",2011-06-29 15:42:00.000,16553,55
"545308",2011-03-01 13:19:00.000,14656,33
"571226",2011-10-14 13:49:00.000,13006,34
"569521",2011-10-04 14:33:00.000,16474,55
"567160",2011-09-18 10:35:00.000,14562,54
C546511,2011-03-14 12:19:00.000,12921,9
"562103",2011-08-02 14:23:00.000,13089,53
"574514",2011-11-04 13:34:00.000,15311,53
"551812",2011-05-04 11:39:00.000,15527,53
"544470",2011-02-21 08:38:00.000,12707,36
"539091",2010-12-16 09:52:00.000,13756,59
"574511",2011-11-04 13:26:00.000,15597,59
"574533",2011-11-04 14:24:00.000,12928,34
"537868",2010-12-08 16:49:00.000,12433,54
"562038",2011-08-02 09:35:00.000,12633,55
"554927",2011-05-27 13:00:00.000,16726,54
"578045",2011-11-22 14:43:00.000,17297,36
C542352,2011-01-27 12:18:00.000,15596,36
"565372",2011-09-02 15:05:00.000,17090,59
"554976",2011-05-29 10:57:00.000,15046,36
"562444",2011-08-04 18:44:00.000,14713,59
"567970",2011-09-23 10:02:00.000,18041,36
"572213",2011-10-21 12:44:00.000,15358,52
"549148",2011-04-06 15:31:00.000,14534,9
"569718",2011-10-06 09:01:00.000,15837,55
"545347",2011-03-02 10:20:00.000,13094,18
"568709",2011-09-28 15:42:00.000,15036,59
"558241",2011-06-27 15:28:00.000,15932,34
"553850",2011-05-19 12:59:00.000,18075,34
"575326",2011-11-09 13:47:00.000,12532,59
C559105,2011-07-06 11:10:00.000,16393,34
"558644",2011-07-01 10:16:00.000,14156,52
"548461",2011-03-31 12:08:00.000,14527,34
"542219",2011-01-26 12:36:00.000,17735,33
"579489",2011-11-29 15:22:00.000,16775,36
"560201",2011-07-15 13:09:00.000,17061,33
"553907",2011-05-19 18:21:00.000,14551,60
C549565,2011-04-10 14:26:00.000,13610,9
"551016",2011-04-26 11:09:00.000,17975,53
"560182",2011-07-15 11:48:00.000,12971,56
"543804",2011-02-13 12:17:00.000,16434,55
"546741",2011-03-16 12:22:00.000,13261,9
"573822",2011-11-01 11:33:00.000,15527,55
"540800",2011-01-11 12:20:00.000,13798,35
"579513",2011-11-29 17:03:00.000,12971,52
"558532",2011-06-30 11:32:00.000,15039,53
C557652,2011-06-21 17:21:00.000,16145,18
"551290",2011-04-27 14:25:00.000,13854,59
"576521",2011-11-15 12:34:00.000,18259,35
C543756,2011-02-11 14:50:00.000,13089,55
"563349",2011-08-15 13:51:00.000,14623,54
"576399",2011-11-15 10:50:00.000,12684,33
"561052",2011-07-24 13:12:00.000,16684,59
"538516",2010-12-12 14:49:00.000,14608,36
C574957,2011-11-08 09:57:00.000,17924,53
"545191",2011-02-28 15:39:00.000,12811,33
"580119",2011-12-01 16:37:00.000,17920,34
"552202",2011-05-06 14:51:00.000,12414,53
"564342",2011-08-24 14:53:00.000,16340,34
C572299,2011-10-23 14:35:00.000,13598,55
"567929",2011-09-22 17:31:00.000,12425,36
"563956",2011-08-22 11:03:00.000,14282,34
"548909",2011-04-05 08:43:00.000,12779,33
"544779",2011-02-23 12:04:00.000,13865,55
"543387",2011-02-08 09:41:00.000,14646,59
"571433",2011-10-17 13:19:00.000,13015,60
"565311",2011-09-02 12:33:00.000,16210,35
C567361,2011-09-19 16:47:00.000,13599,33
"574718",2011-11-06 14:36:00.000,15513,18
"561063",2011-07-24 14:12:00.000,12763,55
"558332",2011-06-28 13:09:00.000,18241,33
"577548",2011-11-20 14:50:00.000,16710,60
"555497",2011-06-03 15:03:00.000,16659,9
"573870",2011-11-01 12:25:00.000,14485,55
"568870",2011-09-29 12:11:00.000,17930,9
"555015",2011-05-31 10:45:00.000,16558,34
"558991",2011-07-05 11:32:00.000,14606,36
"557248",2011-06-17 15:22:00.000,14491,52
"564256",2011-08-24 10:45:00.000,14796,34
"543124",2011-02-03 14:15:00.000,15311,60
"543691",2011-02-11 11:38:00.000,17924,54
"567097",2011-09-16 13:23:00.000,13323,55
C556923,2011-06-15 14:03:00.000,15400,34
"573776",2011-11-01 10:32:00.000,13468,53
"561049",2011-07-24 13:03:00.000,12864,36
"580307",2011-12-02 14:30:00.000,12970,56
C537406,2010-12-06 14:53:00.000,15502,34
"546983",2011-03-18 12:27:00.000,16626,59
"555554",2011-06-05 13:46:00.000,13742,54
C580769,2011-12-06 10:55:00.000,14869,59
"552276",2011-05-08 12:31:00.000,18142,60
"578631",2011-11-24 16:20:00.000,14805,53
"551883",2011-05-05 09:15:00.000,13762,52
"553487",2011-05-17 12:38:00.000,13246,18
"568876",2011-09-29 12:24:00.000,13881,60
"538875",2010-12-14 15:18:00.000,13756,54
"562712",2011-08-08 15:00:00.000,13016,55
"572071",2011-10-20 13:37:00.000,13366,35
"545688",2011-03-06 12:42:00.000,16033,33
"555097",2011-05-31 13:38:00.000,16333,56
"544846",2011-02-24 11:11:00.000,16719,52
"567383",2011-09-20 10:21:00.000,18180,53
"541524",2011-01-19 10:49:00.000,17091,34
C548995,2011-04-05 14:08:00.000,17841,36
"559143",2011-07-06 14:04:00.000,15581,60
"573898",2011-11-01 14:35:00.000,14562,52
C569995,2011-10-06 20:36:00.000,14557,52
C575044,2011-11-08 12:07:00.000,14948,53
"549691",2011-04-11 13:42:00.000,13549,55
C560563,2011-07-19 13:37:00.000,14911,9
"549874",2011-04-12 15:23:00.000,16919,53
"571945",2011-10-20 10:34:00.000,17354,52
C581128,2011-12-07 12:46:00.000,12785,56
"577843",2011-11-22 10:39:00.000,16353,59
"578952",2011-11-27 14:43:00.000,18112,36
"562722",2011-08-08 16:43:00.000,13798,33
"547819",2011-03-25 14:45:00.000,12748,60
C542086,2011-01-25 12:34:00.000,18277,54
"552256",2011-05-08 10:43:00.000,16621,52
"544167",2011-02-16 13:14:00.000,14755,34
"543428",2011-02-08 11:36:00.000,17787,9
"542080",2011-01-25 12:16:00.000,13815,55
"557623",2011-06-21 14:15:00.000,15498,53
"578506",2011-11-24 13:01:00.000,17458,9
"567654",2011-09-21 14:38:00.000,16627,56
"574285",2011-11-03 15:01:00.000,17450,56
"568202",2011-09-25 15:01:00.000,15366,54
"566318",2011-09-12 10:47:00.000,15971,53
"578369",2011-11-24 11:10:00.000,14698,59
"574697",2011-11-06 13:42:00.000,16488,53
"560988",2011-07-22 13:17:00.000,15854,9
"539324",2010-12-16 19:51:00.000,14985,34
"548892",2011-04-04 15:35:00.000,18044,35
"575475",2011-11-09 16:03:00.000,17702,59
"576196",2011-11-14 12:07:00.000,17658,18
"569565",2011-10-05 09:52:00.000,16722,18
"555312",2011-06-02 10:39:00.000,16484,36
"569329",2011-10-03 13:03:00.000,17652,9
"563919",2011-08-21 13:48:00.000,14735,18
"546679",2011-03-15 16:47:00.000,13121,53
"567513",2011-09-20 15:05:00.000,14401,35
"558632",2011-06-30 18:44:00.000,17930,54
"573281",2011-10-28 13:51:00.000,12895,59
C542805,2011-02-01 11:19:00.000,14606,59
"580655",2011-12-05 13:39:00.000,15854,18
"539630",2010-12-20 14:59:00.000,17230,59
"575083",2011-11-08 13:31:00.000,18123,33
"556953",2011-06-16 08:16:00.000,14911,54
"548197",2011-03-29 15:53:00.000,13588,54
"559641",2011-07-11 12:31:00.000,13184,60
"545659",2011-03-04 14:21:00.000,15675,18
"567305",2011-09-19 13:28:00.000,12621,53
C563570,2011-08-17 14:51:00.000,17949,9
"562418",2011-08-04 16:34:00.000,16572,18
"575603",2011-11-10 12:29:00.000,18125,54
"568900",2011-09-29 13:21:00.000,13647,33
C579782,2011-11-30 15:20:00.000,17451,56
"555810",2011-06-07 11:39:00.000,17091,52
"558568",2011-06-30 14:37:00.000,16316,36
"567850",2011-09-22 13:18:00.000,15067,36
"568469",2011-09-27 11:38:00.000,14141,35
"561537",2011-07-28 09:58:00.000,13870,54
"566586",2011-09-13 14:23:00.000,12619,33
"565478",2011-09-05 11:18:00.000,15005,55
"574923",2011-11-07 16:40:00.000,17757,35
"571101",2011-10-13 15:49:00.000,16570,55
"567806",2011-09-22 12:22:00.000,18102,59
"537538",2010-12-07 11:49:00.000,15353,9
"550823",2011-04-21 09:36:00.000,16133,53
"567638",2011-09-21 13:58:00.000,17865,53
"579986",2011-12-01 11:18:00.000,13777,53
"561113",2011-07-25 12:09:00.000,17841,18
"563747",2011-08-19 10:05:00.000,13089,33
"565205",2011-09-01 16:45:00.000,14735,59
"554131",2011-05-23 09:43:00.000,13988,55
"564739",2011-08-28 14:28:00.000,16931,33
C561590,2011-07-28 11:16:00.000,18268,60
C561612,2011-07-28 12:36:00.000,17054,54
"544945",2011-02-25 10:53:00.000,17735,34
"538801",2010-12-14 11:51:00.000,16083,56
"578085",2011-11-22 16:39:00.000,13319,9
"565125",2011-09-01 12:16:00.000,14217,52
"570076",2011-10-07 11:17:00.000,15738,33
"543010",2011-02-02 13:16:00.000,18250,55
"570634",2011-10-11 12:27:00.000,15024,53
"562550",2011-08-05 16:16:00.000,13082,52
"561242",2011-07-26 11:05:00.000,16258,59
"558478",2011-06-29 16:07:00.000,16775,60
"557885",2011-06-23 13:37:00.000,12465,18
C572110,2011-10-20 19:11:00.000,14910,36
"569684",2011-10-05 14:42:00.000,13947,56
"566292",2011-09-11 15:35:00.000,13381,56
"579067",2011-11-28 10:31:00.000,14470,59
"564333",2011-08-24 14:14:00.000,13199,34
"548940",2011-04-05 10:31:00.000,15061,18
C554532,2011-05-24 17:32:00.000,14194,35
"537470",2010-12-07 10:47:00.000,15018,18
"545287",2011-03-01 11:42:00.000,15971,35
"565222",2011-09-01 18:54:00.000,13629,18
"543125",2011-02-03 14:41:00.000,17214,53
"576510",2011-11-15 12:05:00.000,14533,56
"559324",2011-07-07 14:56:00.000,12971,52
"574671",2011-11-06 12:23:00.000,16744,54
"543483",2011-02-09 09:10:00.000,18075,56
"574490",2011-11-04 13:04:00.000,17690,60
"537826",2010-12-08 14:38:00.000,15581,9
"553408",2011-05-17 09:13:00.000,13976,9
"537048",2010-12-05 11:03:00.000,13069,53
"566731",2011-09-14 13:37:00.000,17883,59
C546930,2011-03-18 10:37:00.000,14701,54
"567533",2011-09-21 09:45:00.000,17651,60
"545288",2011-03-01 11:48:00.000,15311,18
"552267",2011-05-08 11:49:00.000,15038,53
"543457",2011-02-08 12:47:00.000,17428,33
"540159",2011-01-05 11:47:00.000,16112,34
"547245",2011-03-22 08:49:00.000,14632,18
"558102",2011-06-26 14:06:00.000,17372,34
"536759",2010-12-02 14:26:00.000,16781,36
"579448",2011-11-29 13:49:00.000,14390,59
C540845,2011-01-11 16:57:00.000,16191,33
"556279",2011-06-09 19:55:00.000,14562,55
"578812",2011-11-25 13:30:00.000,13332,60
"549547",2011-04-10 11:33:00.000,16359,55
"567140",2011-09-16 14:47:00.000,15410,53
"554697",2011-05-25 17:31:00.000,14584,35
"536392",2010-12-01 10:29:00.000,13705,35
"566959",2011-09-15 17:00:00.000,17530,34
"572052",2011-10-20 12:26:00.000,14646,60
"550461",2011-04-18 13:20:00.000,15749,33
C548626,2011-04-01 12:16:00.000,15622,55
"580883",2011-12-06 12:21:00.000,16979,52
C569980,2011-10-06 19:31:00.000,13767,35
"552844",2011-05-11 14:37:00.000,12649,33
C539067,2010-12-15 16:55:00.000,15194,55
C553514,2011-05-17 13:58:00.000,17700,56
C569548,2011-10-04 17:31:00.000,18053,18
"551967",2011-05-05 13:19:00.000,16457,34
"580516",2011-12-04 14:15:00.000,17954,55
"573145",2011-10-27 18:02:00.000,18219,33
"565312",2011-09-02 12:37:00.000,14527,60
"567167",2011-09-18 12:21:00.000,15547,59
"569401",2011-10-04 08:56:00.000,15111,18
"555281",2011-06-02 09:03:00.000,17162,53
"562216",2011-08-03 13:50:00.000,16835,34
"537635",2010-12-07 15:18:00.000,16306,34
"569842",2011-10-06 13:28:00.000,13426,33
"564150",2011-08-23 12:30:00.000,14936,9
C548174,2011-03-29 14:17:00.000,13662,52
"571436",2011-10-17 13:23:00.000,16076,56
C566743,2011-09-14 14:58:00.000,14299,53
"572857",2011-10-26 12:31:00.000,16701,52
"565218",2011-09-01 17:45:00.000,12739,33
"536591",2010-12-01 16:57:00.000,14606,18
"551399",2011-04-28 13:17:00.000,17874,35
"547519",2011-03-23 14:46:00.000,16308,36
"540113",2011-01-05 09:11:00.000,13126,9
"565795",2011-09-07 09:57:00.000,17481,9
"559906",2011-07-13 13:33:00.000,18219,36
"570226",2011-10-09 13:19:00.000,16931,34
"575383",2011-11-09 15:17:00.000,15986,52
"547002",2011-03-18 14:02:00.000,12878,56
"555637",2011-06-06 12:47:00.000,12535,53
"542431",2011-01-28 10:28:00.000,12853,60
"550612",2011-04-19 12:26:00.000,14662,9
"573587",2011-10-31 14:48:00.000,18257,60
"544277",2011-02-17 11:58:00.000,13718,54
"572742",2011-10-25 15:48:00.000,14341,56
"539420",2010-12-17 14:15:00.000,15160,18
"579525",2011-11-30 08:23:00.000,15113,9
C565085,2011-09-01 09:40:00.000,12474,52
"559538",2011-07-10 12:25:00.000,16880,9
"550971",2011-04-21 17:03:00.000,13482,33
"544398",2011-02-18 12:27:00.000,15311,35
"574471",2011-11-04 11:59:00.000,17677,18
"557753",2011-06-22 13:00:00.000,17877,9
"572305",2011-10-23 15:09:00.000,17131,35
"538667",2010-12-13 16:01:00.000,12748,9
"568798",2011-09-29 10:23:00.000,12615,59
"540957",2011-01-12 13:30:00.000,15311,53
"575582",2011-11-10 11:55:00.000,16986,53
"554038",2011-05-20 14:23:00.000,12775,36
C578061,2011-11-22 15:29:00.000,15811,9
C566965,2011-09-15 17:37:00.000,12919,52
"573023",2011-10-27 12:53:00.000,13882,53
"578008",2011-11-22 12:47:00.000,14657,59
"557317",2011-06-19 16:07:00.000,12837,36
"554798",2011-05-26 12:52:00.000,15189,52
"543520",2011-02-09 11:43:00.000,15827,59
"581378",2011-12-08 12:50:00.000,17673,9
"552946",2011-05-12 11:50:00.000,12683,53
"565328",2011-09-02 13:50:00.000,14004,59
"552260",2011-05-08 11:21:00.000,17002,35
"545680",2011-03-06 11:27:00.000,15400,52
C540643,2011-01-10 14:08:00.000,12471,9
"580891",2011-12-06 12:28:00.000,17481,36
"541250",2011-01-16 13:19:00.000,13700,60
"572910",2011-10-26 15:58:00.000,15990,60
"544837",2011-02-24 10:29:00.000,15910,60
C542426,2011-01-28 09:32:00.000,14146,53
"556288",2011-06-10 09:23:00.000,13426,55
"536612",2010-12-02 09:44:00.000,17850,52
"559984",2011-07-14 11:45:00.000,16657,54
"545576",2011-03-03 18:46:00.000,15611,34
"552725",2011-05-11 10:30:00.000,13418,55
"536365",2010-12-01 08:26:00.000,17850,36
"568172",2011-09-25 13:13:00.000,12348,53
"565226",2011-09-02 08:50:00.000,16992,36
"562891",2011-08-10 12:18:00.000,13468,18
"562893",2011-08-10 12:25:00.000,17442,55
C568516,2011-09-27 12:45:00.000,14456,55
C569682,2011-10-05 14:33:00.000,15351,60
"562612",2011-08-08 12:00:00.000,16637,36
"569648",2011-10-05 12:40:00.000,17754,36
"542648",2011-01-31 11:46:00.000,12476,55
C577384,2011-11-18 16:50:00.000,14156,54
"575602",2011-11-10 12:27:00.000,17059,18
"575324",2011-11-09 13:45:00.000,14240,33
"579145",2011-11-28 13:13:00.000,14597,34
"546992",2011-03-18 13:18:00.000,16684,53
"541518",2011-01-19 09:05:00.000,12451,36
"567453",2011-09-20 12:05:00.000,17450,34
"539243",2010-12-16 13:21:00.000,18116,9
"547051",2011-03-20 12:06:00.000,12902,56
"536587",2010-12-01 16:33:00.000,14142,54
"541105",2011-01-13 14:34:00.000,16029,36
"559048",2011-07-05 15:48:00.000,13027,9
C552705,2011-05-10 16:06:00.000,15620,9
"562093",2011-08-02 12:59:00.000,13777,34
"549190",2011-04-07 10:13:00.000,13748,9
"570251",2011-10-10 09:06:00.000,17025,56
C548460,2011-03-31 11:58:00.000,16801,9
"568654",2011-09-28 12:20:00.000,14911,33
"546849",2011-03-17 13:13:00.000,13623,33
"541998",2011-01-25 10:42:00.000,12348,33
"538807",2010-12-14 12:06:00.000,17194,55
"552078",2011-05-06 11:26:00.000,16748,18
"559153",2011-07-06 15:10:00.000,13804,34
"569672",2011-10-05 13:58:00.000,17841,18
"540984",2011-01-12 15:44:00.000,14167,53
C558326,2011-06-28 11:59:00.000,13300,33
"549745",2011-04-12 10:33:00.000,13577,36
"569460",2011-10-04 11:33:00.000,13895,60
"558111",2011-06-26 16:06:00.000,17114,35
"572696",2011-10-25 14:23:00.000,17857,59
"558335",2011-06-28 13:16:00.000,17442,60
"581336",2011-12-08 12:10:00.000,16161,60
"549746",2011-04-12 10:38:00.000,15251,34
"578719",2011-11-25 11:25:00.000,17348,18
"552460",2011-05-09 14:44:00.000,13178,54
"571315",2011-10-17 10:47:00.000,16542,18
"550519",2011-04-19 09:31:00.000,13141,60
"577148",2011-11-18 09:43:00.000,13941,34
"576351",2011-11-14 15:51:00.000,17235,18
"560922",2011-07-21 19:34:00.000,14911,54
"547493",2011-03-23 12:06:00.000,12818,53
"572999",2011-10-27 11:47:00.000,14560,53
"553690",2011-05-18 14:08:00.000,17389,34
"548545",2011-03-31 19:12:00.000,13118,18
"548686",2011-04-01 16:49:00.000,15856,54
"578820",2011-11-25 13:58:00.000,12912,52
"548329",2011-03-30 13:14:00.000,16584,55
"569843",2011-10-06 13:29:00.000,14449,55
"564436",2011-08-25 12:06:00.000,17841,60
"557068",2011-06-16 15:17:00.000,13263,54
"573026",2011-10-27 13:25:00.000,17459,36
"568783",2011-09-29 09:03:00.000,17739,18
C560099,2011-07-14 17:47:00.000,16779,54
C566986,2011-09-16 10:47:00.000,12476,9
"550965",2011-04-21 16:53:00.000,16750,53
C549753,2011-04-12 11:17:00.000,13268,9
"577156",2011-11-18 09:57:00.000,13471,56
"549446",2011-04-08 13:14:00.000,17054,59
"569461",2011-10-04 11:36:00.000,16556,18
"577605",2011-11-21 09:02:00.000,13199,34
"568685",2011-09-28 14:21:00.000,16394,56
"548159",2011-03-29 13:32:00.000,15906,56
"551138",2011-04-26 13:06:00.000,17061,56
"576259",2011-11-14 14:18:00.000,12957,34
"544045",2011-02-15 12:12:00.000,13941,55
"580613",2011-12-05 12:03:00.000,14759,55
"543047",2011-02-03 09:42:00.000,16210,60
"569714",2011-10-05 17:28:00.000,18033,52
"554703",2011-05-26 10:03:00.000,15281,53
"561743",2011-07-29 12:16:00.000,13089,36
"566345",2011-09-12 12:27:00.000,17685,34
"538535",2010-12-13 10:39:00.000,17790,34
C546894,2011-03-17 18:21:00.000,14334,33
"564536",2011-08-25 15:12:00.000,13159,54
"567856",2011-09-22 13:44:00.000,14077,54
"581000",2011-12-07 08:03:00.000,12720,33
"568541",2011-09-27 14:08:00.000,14047,34
"549275",2011-04-07 13:09:00.000,15916,9
"552011",2011-05-05 17:28:00.000,13867,35
"550936",2011-04-21 15:15:00.000,13495,54
C568395,2011-09-27 10:21:00.000,17480,59
C569422,2011-10-04 10:38:00.000,12546,9
"553870",2011-05-19 14:29:00.000,17980,35
C543785,2011-02-11 17:01:00.000,13098,34
"555106",2011-05-31 14:14:00.000,12790,33
"571100",2011-10-13 15:47:00.000,16682,34
"539321",2010-12-16 19:19:00.000,14723,18
"552545",2011-05-10 10:30:00.000,13320,54
"548017",2011-03-29 11:42:00.000,16871,60
"573895",2011-11-01 14:01:00.000,15423,60
"563746",2011-08-19 10:05:00.000,14745,18
"573379",2011-10-30 14:03:00.000,15680,60
C550780,2011-04-20 13:39:00.000,17211,53
C574499,2011-11-04 13:14:00.000,14412,18
C562884,2011-08-10 11:25:00.000,14056,54
C566963,2011-09-15 17:09:00.000,17573,54
"567631",2011-09-21 13:33:00.000,13350,36
"553887",2011-05-19 16:04:00.000,17068,35
"578786",2011-11-25 12:02:00.000,13184,35
"554669",2011-05-25 15:31:00.000,15203,52
"577825",2011-11-22 09:42:00.000,17453,55
"560839",2011-07-21 12:23:00.000,14527,9
"541002",2011-01-13 10:33:00.000,12951,56
"557528",2011-06-21 09:49:00.000,17159,18
"576841",2011-11-16 15:26:00.000,17368,33
C551557,2011-05-03 10:37:00.000,13113,54
"550667",2011-04-20 09:48:00.000,13027,53
"575135",2011-11-08 14:49:00.000,13928,34
"537134",2010-12-05 12:34:00.000,16983,35
C577153,2011-11-18 09:54:00.000,13266,59
"545826",2011-03-07 13:03:00.000,17696,55
C542742,2011-01-31 16:26:00.000,15358,18
"554181",2011-05-23 12:09:00.000,13078,54
"543540",2011-02-09 14:44:00.000,17412,9
"552314",2011-05-08 16:06:00.000,14353,59
"556630",2011-06-13 14:59:00.000,13999,54
"549976",2011-04-13 14:39:00.000,15855,9
"541275",2011-01-17 11:28:00.000,14176,52
"550619",2011-04-19 13:21:00.000,15717,35
"544152",2011-02-16 12:10:00.000,14609,33
"578322",2011-11-23 17:10:00.000,12948,55
"551561",2011-05-03 10:49:00.000,17422,34
C555357,2011-06-02 13:38:00.000,16422,59
"538200",2010-12-10 11:11:00.000,17912,54
"538565",2010-12-13 11:11:00.000,13069,36
"555101",2011-05-31 13:45:00.000,13070,35
"562931",2011-08-10 16:19:00.000,14030,60
"538010",2010-12-09 12:20:00.000,17526,52
"576905",2011-11-17 09:31:00.000,13308,33
"546862",2011-03-17 15:34:00.000,16216,53
"571183",2011-10-14 11:08:00.000,14796,33
C567620,2011-09-21 12:32:00.000,14306,18
"580505",2011-12-04 13:32:00.000,15867,59
"569694",2011-10-05 15:24:00.000,17735,60
"581166",2011-12-07 14:43:00.000,15525,59
"537223",2010-12-05 16:10:00.000,13579,52
"545029",2011-02-25 15:27:00.000,14541,54
"550008",2011-04-14 10:17:00.000,15570,35
"549116",2011-04-06 12:49:00.000,16670,52
"568160",2011-09-25 12:25:00.000,17498,35
"544079",2011-02-15 15:44:00.000,14477,36
"552294",2011-05-08 14:06:00.000,16232,9
"542192",2011-01-26 11:27:00.000,14049,36
"540239",2011-01-05 14:48:00.000,12682,59
"572752",2011-10-25 17:22:00.000,17449,60
"554121",2011-05-22 15:31:00.000,17690,52
C568244,2011-09-26 12:21:00.000,12583,36
"567194",2011-09-19 09:28:00.000,18094,35
"573162",2011-10-28 09:01:00.000,15611,52
"558812",2011-07-04 11:35:00.000,16265,18
"555485",2011-06-03 12:39:00.000,17722,35
"563333",2011-08-15 13:09:00.000,15996,9
"545163",2011-02-28 13:39:00.000,16607,9
"555738",2011-06-07 09:44:00.000,16825,18
"577596",2011-11-21 08:02:00.000,18080,18
"556964",2011-06-16 09:46:00.000,16145,52
"580368",2011-12-02 16:39:00.000,16989,53
"549826",2011-04-12 12:53:00.000,15044,59
C559533,2011-07-10 12:10:00.000,17126,53
"557320",2011-06-20 08:50:00.000,15854,59
"537900",2010-12-09 10:45:00.000,15983,34
"545873",2011-03-07 14:54:00.000,13092,52
C568445,2011-09-27 11:31:00.000,16156,56
"537397",2010-12-06 14:19:00.000,16817,34
"571736",2011-10-19 10:05:00.000,17549,55
"571690",2011-10-18 14:32:00.000,14191,36
"562534",2011-08-05 14:49:00.000,14031,18
C538115,2010-12-09 15:30:00.000,16817,53
"551518",2011-05-01 11:36:00.000,15708,55
"581377",2011-12-08 12:44:00.000,14138,9
"575843",2011-11-11 12:02:00.000,14446,60
"539008",2010-12-15 13:21:00.000,17033,52
"541094",2011-01-13 13:36:00.000,13246,52
C567891,2011-09-22 15:50:00.000,15296,35
"579016",2011-11-28 09:55:00.000,12906,9
"550032",2011-04-14 11:39:00.000,15139,56
"577297",2011-11-18 12:48:00.000,14593,60
C572112,2011-10-20 19:13:00.000,14113,60
"560700",2011-07-20 12:38:00.000,17229,56
C553150,2011-05-13 14:22:00.000,17841,60
"569740",2011-10-06 10:52:00.000,15769,34
"566451",2011-09-12 16:14:00.000,18069,18
"578116",2011-11-23 09:51:00.000,13078,56
C540837,2011-01-11 15:02:00.000,14733,33
"570794",2011-10-12 12:10:00.000,14761,60
C542738,2011-01-31 15:53:00.000,13089,34
"550491",2011-04-18 14:37:00.000,16033,54
"540546",2011-01-09 15:56:00.000,12766,34
"551288",2011-04-27 14:17:00.000,13767,59
"554270",2011-05-23 13:05:00.000,15046,34
"540532",2011-01-09 14:11:00.000,14702,56
"548973",2011-04-05 11:44:00.000,15674,60
"565846",2011-09-07 12:41:00.000,14606,18
"539351",2010-12-17 11:23:00.000,12551,56
"574837",2011-11-07 11:33:00.000,15785,33
"569738",2011-10-06 10:48:00.000,13013,60
"547839",2011-03-27 10:54:00.000,12916,55
"543367",2011-02-07 14:33:00.000,18225,35
"544315",2011-02-17 14:42:00.000,12748,18
"543519",2011-02-09 11:38:00.000,17083,60
"553859",2011-05-19 13:35:00.000,14505,54
"547244",2011-03-21 17:10:00.000,16427,9
"579170",2011-11-28 14:26:00.000,17811,34
"562770",2011-08-09 11:56:00.000,17139,52
"578667",2011-11-24 17:10:00.000,15514,59
"551988",2011-05-05 15:08:00.000,12576,59
C548464,2011-03-31 12:14:00.000,13043,52
"568648",2011-09-28 11:49:00.000,16672,35
"568211",2011-09-25 15:59:00.000,13429,52
"561529",2011-07-28 09:19:00.000,13013,59
"554718",2011-05-26 11:16:00.000,12942,34
"538369",2010-12-12 11:06:00.000,17251,35
"555500",2011-06-03 15:32:00.000,15508,35
C562126,2011-08-02 17:31:00.000,15764,36
"545582",2011-03-04 09:05:00.000,13694,33
"555719",2011-06-06 15:31:00.000,12609,60
"549131",2011-04-06 15:07:00.000,16378,54
"547708",2011-03-24 18:34:00.000,17450,59
"576508",2011-11-15 12:02:00.000,17777,55
"549280",2011-04-07 13:18:00.000,13854,53
"555934",2011-06-08 08:51:00.000,15061,56
"542789",2011-02-01 10:38:00.000,17511,36
"557152",2011-06-17 11:06:00.000,15296,56
C550365,2011-04-18 11:31:00.000,12731,35
"559200",2011-07-07 10:36:00.000,13291,56
"537762",2010-12-08 12:01:00.000,16558,36
"571732",2011-10-19 09:58:00.000,16298,33
C563207,2011-08-14 12:10:00.000,17613,18
"562021",2011-08-01 15:37:00.000,16172,59
"566403",2011-09-12 13:38:00.000,16985,55
C552765,2011-05-11 11:40:00.000,16554,36
"572520",2011-10-24 15:05:00.000,13165,53
"542578",2011-01-28 14:57:00.000,13709,18
"573175",2011-10-28 10:27:00.000,15096,35
"571277",2011-10-16 12:40:00.000,16934,36
C563595,2011-08-18 06:15:00.000,13769,33
"541255",2011-01-16 13:54:00.000,17841,34
"548641",2011-04-01 12:56:00.000,16333,34
"548409",2011-03-31 10:27:00.000,12731,33
"552531",2011-05-10 09:35:00.000,13742,55
C549041,2011-04-05 17:22:00.000,17644,34
"570030",2011-10-07 10:44:00.000,12740,34
"562854",2011-08-10 10:15:00.000,16133,35
"553015",2011-05-12 18:55:00.000,12748,56
"574501",2011-11-04 13:15:00.000,12577,18
"545311",2011-03-01 13:45:00.000,15660,36
"570602",2011-10-11 12:17:00.000,14141,34
"548259",2011-03-30 11:12:00.000,14099,56
"572289",2011-10-23 12:37:00.000,13782,54
C543633,2011-02-10 16:24:00.000,17188,33
"569653",2011-10-05 12:52:00.000,12451,54
"580650",2011-12-05 13:30:00.000,14401,9
C557659,2011-06-21 17:42:00.000,16186,53
"562161",2011-08-03 11:58:00.000,17841,18
"546321",2011-03-11 09:39:00.000,16475,18
C576348,2011-11-14 15:40:00.000,13267,60
C569743,2011-10-06 10:57:00.000,15769,56
C569554,2011-10-04 17:51:00.000,16401,9
C574505,2011-11-04 13:22:00.000,13534,9
"569082",2011-09-30 11:55:00.000,18229,59
"560437",2011-07-18 16:05:00.000,13940,35
"569767",2011-10-06 11:24:00.000,14849,18
"578187",2011-11-23 11:40:00.000,14336,53
"546084",2011-03-09 11:28:00.000,14112,56
"537622",2010-12-07 14:30:00.000,13173,59
"547946",2011-03-28 14:59:00.000,12971,33
"538809",2010-12-14 12:17:00.000,15514,33
"569336",2011-10-03 14:05:00.000,15088,54
"574706",2011-11-06 14:06:00.000,16790,54
"578260",2011-11-23 13:15:00.000,17469,59
"547565",2011-03-24 09:21:00.000,13035,56
"576274",2011-11-14 14:24:00.000,17793,52
C552047,2011-05-06 09:55:00.000,14796,56
"578935",2011-11-27 12:52:00.000,15351,52
"562621",2011-08-08 12:36:00.000,14415,18
"556959",2011-06-16 09:17:00.000,16739,54
"576869",2011-11-16 16:20:00.000,12500,60
"562812",2011-08-09 15:32:00.000,13217,60
"559680",2011-07-11 14:47:00.000,12717,9
"563585",2011-08-17 17:01:00.000,17070,18
C575940,2011-11-13 11:38:00.000,17838,56
"564272",2011-08-24 10:52:00.000,16308,35
"547100",2011-03-21 10:31:00.000,15615,56
"575507",2011-11-10 10:32:00.000,17197,52
"544941",2011-02-25 10:25:00.000,12841,60
"571289",2011-10-16 15:27:00.000,15113,60
C545449,2011-03-02 16:38:00.000,16573,59
"542717",2011-01-31 14:07:00.000,17580,9
"575838",2011-11-11 11:38:00.000,13999,60
"575300",2011-11-09 12:30:00.000,13804,36
"564526",2011-08-25 14:50:00.000,15805,36
"545159",2011-02-28 13:31:00.000,12748,60
"579459",2011-11-29 14:38:00.000,17173,59
"561055",2011-07-24 13:14:00.000,16684,53
C560699,2011-07-20 12:32:00.000,13217,53
"538848",2010-12-14 13:28:00.000,17404,60
"543466",2011-02-08 14:34:00.000,16713,18
"557351",2011-06-20 10:42:00.000,16670,9
"561023",2011-07-24 10:30:00.000,13576,36
"546910",2011-03-17 19:46:00.000,13969,53
"569581",2011-10-05 11:16:00.000,15081,9
"542727",2011-01-31 15:09:00.000,17604,56
"559307",2011-07-07 13:02:00.000,15356,9
"556830",2011-06-15 11:01:00.000,15874,53
"567880",2011-09-22 14:56:00.000,15398,60
"546502",2011-03-14 11:46:00.000,16005,33
"545467",2011-03-03 09:39:00.000,15304,33
C570573,2011-10-11 11:25:00.000,14997,52
"568645",2011-09-28 11:38:00.000,12656,59
"557103",2011-06-16 15:49:00.000,16852,53
"575893",2011-11-11 14:23:00.000,17088,55
"547371",2011-03-22 13:38:00.000,14377,9
"536845",2010-12-02 19:18:00.000,17961,18
"552562",2011-05-10 11:50:00.000,17581,34
"542649",2011-01-31 11:46:00.000,17373,33
"576182",2011-11-14 11:21:00.000,12938,18
"536837",2010-12-02 18:15:00.000,14395,36
"552874",2011-05-12 09:40:00.000,12621,60
C551522,2011-05-01 11:59:00.000,14800,35
"567526",2011-09-21 09:06:00.000,12435,56
"560873",2011-07-21 14:52:00.000,13881,36
"573335",2011-10-30 11:35:00.000,15059,56
"558631",2011-06-30 18:17:00.000,17921,18
"581142",2011-12-07 13:38:00.000,14204,53
"554130",2011-05-23 09:42:00.000,17949,53
"538665",2010-12-13 15:56:00.000,17576,36
"571734",2011-10-19 09:59:00.000,17148,18
C546400,2011-03-11 15:02:00.000,17994,9
"536584",2010-12-01 16:22:00.000,13777,54
C566470,2011-09-12 18:16:00.000,13136,56
C561703,2011-07-29 11:07:00.000,12709,56
C558110,2011-06-26 15:47:00.000,17731,9
C568903,2011-09-29 13:29:00.000,16156,35
C538650,2010-12-13 15:05:00.000,15311,55
"581107",2011-12-07 12:15:00.000,16000,34
"571036",2011-10-13 12:52:00.000,17567,35
"569210",2011-10-02 11:41:00.000,13681,59
C558423,2011-06-29 12:05:00.000,16966,34
C574291,2011-11-03 15:19:00.000,15290,36
"575971",2011-11-13 13:00:00.000,13700,53
"577100",2011-11-17 16:51:00.000,16009,60
"550124",2011-04-14 12:41:00.000,12853,55
"540501",2011-01-09 10:43:00.000,13162,52
"547685",2011-03-24 14:47:00.000,12408,55
"545647",2011-03-04 12:46:00.000,12547,9
"555478",2011-06-03 12:28:00.000,13777,9
"572901",2011-10-26 14:54:00.000,16332,56
"547033",2011-03-20 10:28:00.000,15898,54
"569728",2011-10-06 09:38:00.000,15416,59
"569736",2011-10-06 10:44:00.000,14317,60
"537460",2010-12-07 10:04:00.000,17616,60
"553920",2011-05-20 08:57:00.000,15955,56
C569950,2011-10-06 18:28:00.000,13499,35
"564166",2011-08-23 13:40:00.000,15089,35
"561200",2011-07-25 15:01:00.000,13695,9
C542740,2011-01-31 15:59:00.000,12853,54
"575987",2011-11-13 14:14:00.000,13018,9
"543674",2011-02-11 11:28:00.000,16013,36
"544297",2011-02-17 12:48:00.000,14298,56
"551907",2011-05-05 10:51:00.000,16027,33
"553663",2011-05-18 12:13:00.000,14527,9
C570005,2011-10-07 09:22:00.000,14462,9
"571739",2011-10-19 10:33:00.000,12500,54
"556914",2011-06-15 13:34:00.000,12877,54
"562719",2011-08-08 16:15:00.000,16365,36
"563572",2011-08-17 15:00:00.000,16734,59
C550611,2011-04-19 12:23:00.000,12569,36
"536386",2010-12-01 09:57:00.000,16029,59
"568569",2011-09-28 09:02:00.000,17857,52
"557942",2011-06-23 16:02:00.000,13725,56
C558739,2011-07-01 15:35:00.000,16570,59
"558647",2011-07-01 10:39:00.000,14868,53
"561109",2011-07-25 11:43:00.000,15218,55
"578534",2011-11-24 14:51:00.000,15725,9
C566205,2011-09-09 14:58:00.000,16362,60
C559030,2011-07-05 14:51:00.000,16571,54
C564281,2011-08-24 10:54:00.000,14796,53
"537205",2010-12-05 14:52:00.000,13034,36
"553001",2011-05-12 15:23:00.000,17658,33
"574708",2011-11-06 14:14:00.000,17107,56
"541985",2011-01-24 15:52:00.000,15052,52
"571193",2011-10-14 11:56:00.000,15484,18
"568919",2011-09-29 14:38:00.000,12937,54
"563538",2011-08-17 11:48:00.000,17841,35
"570449",2011-10-10 14:57:00.000,16133,36
"565480",2011-09-05 11:27:00.000,18273,36
"576592",2011-11-15 14:47:00.000,13614,36
"548919",2011-04-05 10:18:00.000,13013,55
"572896",2011-10-26 14:41:00.000,12456,34
"553386",2011-05-16 16:22:00.000,13381,56
"550627",2011-04-19 14:36:00.000,16633,54
C543634,2011-02-10 16:31:00.000,13599,35
"549471",2011-04-08 14:39:00.000,17389,52
"546782",2011-03-17 09:13:00.000,15291,56
"537131",2010-12-05 12:26:00.000,15716,55
"547900",2011-03-28 11:51:00.000,13649,52
C577073,2011-11-17 15:02:00.000,14359,18
"576538",2011-11-15 12:42:00.000,14725,36
"570847",2011-10-12 14:42:00.000,17737,60
"553546",2011-05-17 15:42:00.000,12415,34
"538935",2010-12-15 11:08:00.000,18168,52
C541964,2011-01-24 13:13:00.000,15291,54
"576382",2011-11-15 09:30:00.000,12883,56
C565237,2011-09-02 09:47:00.000,14299,36
"576666",2011-11-16 11:47:00.000,17841,54
"562942",2011-08-11 08:50:00.000,13538,55
"567913",2011-09-22 17:08:00.000,18144,59
"558122",2011-06-27 09:35:00.000,16570,9
"554032",2011-05-20 14:04:00.000,13824,34
"560579",2011-07-19 15:13:00.000,15867,34
C581235,2011-12-08 10:34:00.000,15950,33
"552847",2011-05-11 14:42:00.000,14649,52
"577080",2011-11-17 15:24:00.000,17001,56
C559467,2011-07-08 13:33:00.000,13078,52
"568533",2011-09-27 13:56:00.000,15061,35
"580695",2011-12-05 16:03:00.000,13230,59
"566675",2011-09-14 11:42:00.000,15105,54
"562129",2011-08-03 09:09:00.000,13186,52
C576903,2011-11-17 09:15:00.000,12712,59
C564207,2011-08-24 09:06:00.000,15270,34
"545994",2011-03-08 13:50:00.000,12623,60
"542236",2011-01-26 14:19:00.000,17027,34
"565129",2011-09-01 12:41:00.000,15719,33
"566229",2011-09-11 10:53:00.000,13408,56
"539836",2010-12-22 13:46:00.000,17894,53
C579893,2011-12-01 08:25:00.000,13468,52
C565864,2011-09-07 15:00:00.000,15752,54
C575641,2011-11-10 14:03:00.000,15814,18
"568194",2011-09-25 14:38:00.000,16008,18
"556128",2011-06-09 10:31:00.000,13038,18
C569655,2011-10-05 12:58:00.000,14534,59
"547812",2011-03-25 14:06:00.000,18102,59
"542617",2011-01-30 15:48:00.000,17463,52
"565322",2011-09-02 13:15:00.000,12437,54
"579467",2011-11-29 14:57:00.000,15755,34
C538997,2010-12-15 12:06:00.000,14426,34
"560843",2011-07-21 12:27:00.000,14298,18
"570726",2011-10-12 11:32:00.000,16607,35
C575081,2011-11-08 13:30:00.000,12483,35
"575333",2011-11-09 13:54:00.000,13209,18
"560886",2011-07-21 16:27:00.000,16041,33
"577811",2011-11-22 08:54:00.000,16311,18
C567952,2011-09-23 08:26:00.000,18226,56
"561650",2011-07-28 15:31:00.000,15329,53
C579791,2011-11-30 15:43:00.000,15969,60
"536957",2010-12-03 12:43:00.000,17809,52
"547134",2011-03-21 11:57:00.000,15996,53
C571854,2011-10-19 13:24:00.000,15826,35
"554990",2011-05-29 13:57:00.000,16567,53
C543643,2011-02-10 17:44:00.000,16161,35
"550453",2011-04-18 12:58:00.000,16226,35
"545310",2011-03-01 13:45:00.000,15456,35
"580553",2011-12-05 10:14:00.000,12646,35
"564044",2011-08-22 12:58:00.000,16952,55
"575753",2011-11-11 10:41:00.000,17841,60
"556842",2011-06-15 11:29:00.000,13631,53
"573993",2011-11-02 11:23:00.000,16790,36
"537370",2010-12-06 12:44:00.000,13155,60
C565477,2011-09-05 10:58:00.000,13630,35
"551981",2011-05-05 13:53:00.000,13694,54
"579881",2011-11-30 17:22:00.000,12429,34
"547032",2011-03-20 10:24:00.000,13798,35
"565593",2011-09-05 14:07:00.000,17612,52
"555534",2011-06-05 12:12:00.000,14682,34
"573033",2011-10-27 13:41:00.000,14099,36
"581361",2011-12-08 12:31:00.000,17522,56
"549979",2011-04-13 15:06:00.000,17511,53
C536829,2010-12-02 17:36:00.000,13295,36
"569815",2011-10-06 11:53:00.000,15838,53
"564346",2011-08-24 14:54:00.000,15727,9
C560220,2011-07-15 15:22:00.000,14572,35
"547018",2011-03-18 14:53:00.000,17043,56
"550516",2011-04-18 17:32:00.000,14502,33
"547049",2011-03-20 11:56:00.000,17134,55
"544794",2011-02-23 12:50:00.000,13854,9
"556236",2011-06-09 15:34:00.000,16818,56
"559784",2011-07-12 12:07:00.000,16839,9
C575669,2011-11-10 15:00:00.000,12417,52
"537301",2010-12-06 11:38:00.000,15860,36
"537047",2010-12-05 11:02:00.000,13069,56
"565649",2011-09-05 16:27:00.000,16712,33
"537193",2010-12-05 13:49:00.000,15023,53
"553671",2011-05-18 12:37:00.000,13659,33
"556776",2011-06-14 12:24:00.000,14730,55
"566076",2011-09-09 09:13:00.000,12449,53
"553556",2011-05-17 16:48:00.000,17530,33
"559901",2011-07-13 12:53:00.000,18121,34
"554993",2011-05-29 14:13:00.000,17051,59
"567204",2011-09-19 10:43:00.000,15365,34
"554638",2011-05-25 11:59:00.000,14810,53
"550316",2011-04-17 11:45:00.000,16193,59
"552577",2011-05-10 12:28:00.000,13242,54
"554906",2011-05-27 11:41:00.000,14194,36
"538190",2010-12-10 10:47:00.000,17790,52
"555356",2011-06-02 13:29:00.000,16672,35
"574532",2011-11-04 14:19:00.000,15676,35
"577841",2011-11-22 10:35:00.000,14262,35
"576364",2011-11-14 17:40:00.000,15009,34
C564900,2011-08-31 11:34:00.000,12948,56
"579125",2011-11-28 12:19:00.000,14215,36
"566950",2011-09-15 16:34:00.000,17594,33
"568593",2011-09-28 10:54:00.000,13988,34
"554278",2011-05-23 13:25:00.000,13831,52
"567808",2011-09-22 12:24:00.000,17027,54
"577842",2011-11-22 10:39:00.000,16353,33
"569025",2011-09-30 10:08:00.000,18041,35
"552479",2011-05-09 15:51:00.000,12821,18
C538119,2010-12-09 15:34:00.000,13136,33
"574330",2011-11-04 09:10:00.000,12971,33
"576851",2011-11-16 15:41:00.000,15967,56
"542235",2011-01-26 13:56:00.000,15661,36
C564997,2011-08-31 16:13:00.000,15625,52
"572738",2011-10-25 15:39:00.000,14234,33
"540482",2011-01-07 15:48:00.000,14672,18
"553125",2011-05-13 12:13:00.000,17139,35
"570517",2011-10-11 10:41:00.000,13971,56
"578099",2011-11-23 08:05:00.000,12452,52
"569824",2011-10-06 12:22:00.000,17295,35
"545693",2011-03-06 14:09:00.000,16422,18
C565752,2011-09-06 12:58:00.000,17841,60
"579069",2011-11-28 10:31:00.000,14911,35
"564017",2011-08-22 11:44:00.000,14057,54
"576081",2011-11-14 08:16:00.000,15203,18
"566915",2011-09-15 14:22:00.000,16945,18
"568909",2011-09-29 13:38:00.000,16818,9
"570094",2011-10-07 11:56:00.000,16029,55
"571741",2011-10-19 10:36:00.000,15610,36
"542506",2011-01-28 12:06:00.000,16523,52
"557210",2011-06-17 11:49:00.000,18118,52
"537598",2010-12-07 12:37:00.000,14135,34
C564942,2011-08-31 13:19:00.000,18097,35
"562255",2011-08-03 15:02:00.000,16607,9
"576671",2011-11-16 11:55:00.000,14385,52
"539219",2010-12-16 12:55:00.000,17951,56
"542247",2011-01-26 15:49:00.000,12997,34
"576659",2011-11-16 11:09:00.000,15373,56
"553889",2011-05-19 16:31:00.000,13405,35
"565748",2011-09-06 12:38:00.000,14156,60
"580315",2011-12-02 15:22:00.000,14560,52
"577053",2011-11-17 14:17:00.000,13001,55
C545442,2011-03-02 16:17:00.000,17063,36
"536382",2010-12-01 09:45:00.000,16098,59
"566937",2011-09-15 15:44:00.000,12995,9
"580528",2011-12-04 15:28:00.000,14911,56
"576768",2011-11-16 13:13:00.000,13408,59
C578131,2011-11-23 10:49:00.000,13171,18
C543766,2011-02-11 15:18:00.000,13319,54
"553140",2011-05-13 12:53:00.000,15373,52
"564132",2011-08-23 10:56:00.000,12901,59
C537611,2010-12-07 13:25:00.000,17675,9
C545672,2011-03-06 10:13:00.000,15304,56
"539002",2010-12-15 12:30:00.000,14527,34
"563150",2011-08-12 11:41:00.000,15192,52
"578517",2011-11-24 13:53:00.000,16523,60
"563852",2011-08-19 15:18:00.000,12395,34
"578060",2011-11-22 15:22:00.000,17857,18
"558031",2011-06-24 12:14:00.000,14180,33
C559500,2011-07-08 14:27:00.000,14016,33
"569997",2011-10-07 08:08:00.000,12394,18
"567914",2011-09-22 17:14:00.000,12647,60
"564853",2011-08-31 08:55:00.000,12423,54
"575683",2011-11-10 15:51:00.000,17389,54
C573283,2011-10-28 13:57:00.000,18030,59
"568513",2011-09-27 12:36:00.000,13555,60
"553053",2011-05-13 10:20:00.000,12857,59
"548968",2011-04-05 10:58:00.000,12744,33
C550538,2011-04-19 11:26:00.000,17746,34
C542256,2011-01-26 17:04:00.000,17722,18
"569385",2011-10-03 16:48:00.000,14031,55
"578326",2011-11-23 17:45:00.000,16343,59
"549559",2011-04-10 13:25:00.000,12447,54
"565448",2011-09-04 15:21:00.000,16057,36
"552523",2011-05-09 16:38:00.000,15797,56
"559441",2011-07-08 12:22:00.000,12583,52
"569706",2011-10-05 16:31:00.000,13798,59
"544071",2011-02-15 14:30:00.000,16317,60
C572471,2011-10-24 13:33:00.000,17090,54
"550615",2011-04-19 12:41:00.000,16730,18
"552614",2011-05-10 12:51:00.000,14849,56
"576362",2011-11-14 17:11:00.000,14755,59
"552004",2011-05-05 16:31:00.000,17522,9
"558325",2011-06-28 11:56:00.000,14351,53
"551462",2011-04-28 16:11:00.000,15210,59
"551862",2011-05-04 16:07:00.000,17384,56
C564956,2011-08-31 13:41:00.000,16303,33
"548706",2011-04-03 11:51:00.000,13408,55
C571897,2011-10-19 14:19:00.000,16157,35
"567635",2011-09-21 13:41:00.000,16523,18
"566196",2011-09-09 13:47:00.000,14180,59
"552988",2011-05-12 15:17:00.000,14853,59
"577680",2011-11-21 10:51:00.000,17227,33
"570866",2011-10-12 15:49:00.000,17096,36
"536423",2010-12-01 12:08:00.000,18085,18
"572107",2011-10-20 17:13:00.000,15836,52
"572300",2011-10-23 14:40:00.000,18005,36
"561522",2011-07-27 17:08:00.000,17870,60
"562771",2011-08-09 12:00:00.000,13113,34
"576826",2011-11-16 14:28:00.000,12910,59
"575492",2011-11-10 08:06:00.000,18236,35
"581429",2011-12-08 15:41:00.000,16322,60
"545996",2011-03-08 14:12:00.000,14367,54
"560859",2011-07-21 13:28:00.000,13668,9
"556110",2011-06-09 08:45:00.000,13856,56
"542423",2011-01-28 09:09:00.000,15057,60
"568700",2011-09-28 15:02:00.000,16690,60
"550712",2011-04-20 11:06:00.000,15159,34
"545066",2011-02-27 14:44:00.000,13610,9
"575201",2011-11-09 09:52:00.000,13629,35
"550826",2011-04-21 10:12:00.000,17158,34
C562438,2011-08-04 17:58:00.000,14621,36
"557877",2011-06-23 13:13:00.000,15379,60
C565843,2011-09-07 12:15:00.000,14606,18
C546210,2011-03-10 11:31:00.000,14713,33
"547205",2011-03-21 14:00:00.000,16558,35
"536404",2010-12-01 11:29:00.000,16218,54
"536707",2010-12-02 12:33:00.000,12915,52
C577693,2011-11-21 11:48:00.000,12628,56
"581022",2011-12-07 10:25:00.000,12826,35
"574833",2011-11-07 11:29:00.000,12827,33
"571561",2011-10-18 10:02:00.000,14015,35
"551286",2011-04-27 14:16:00.000,13767,55
"556808",2011-06-14 15:45:00.000,17749,33
"536747",2010-12-02 13:44:00.000,17802,60
C554493,2011-05-24 13:59:00.000,16818,54
"537202",2010-12-05 14:25:00.000,14506,35
"546365",2011-03-11 11:35:00.000,12520,33
"571234",2011-10-14 14:28:00.000,15856,54
"567658",2011-09-21 14:50:00.000,14428,33
"551854",2011-05-04 14:55:00.000,13576,35
"553174",2011-05-15 11:04:00.000,16206,9
"569010",2011-09-30 07:36:00.000,14156,53
C543811,2011-02-13 14:28:00.000,15640,18
"567480",2011-09-20 13:38:00.000,17450,35
"573910",2011-11-01 15:34:00.000,13969,56
"577405",2011-11-20 10:29:00.000,14116,53
"558625",2011-06-30 17:29:00.000,14132,36
"574034",2011-11-02 12:45:00.000,17841,60
"553675",2011-05-18 12:52:00.000,13719,54
"542057",2011-01-25 11:57:00.000,15967,18
"537471",2010-12-07 10:51:00.000,14344,35
"546159",2011-03-10 09:41:00.000,16471,52
"548981",2011-04-05 12:24:00.000,15442,60
"542549",2011-01-28 14:45:00.000,15696,54
"546829",2011-03-17 12:00:00.000,14840,35
"547963",2011-03-28 15:42:00.000,13037,9
C546864,2011-03-17 15:42:00.000,13319,52
"575370",2011-11-09 15:11:00.000,13522,53
"563932",2011-08-21 15:50:00.000,14895,9
"579899",2011-12-01 08:33:00.000,15687,33
"539933",2010-12-23 11:24:00.000,15235,34
"539001",2010-12-15 12:29:00.000,16353,9
"555640",2011-06-06 13:06:00.000,14475,59
"571069",2011-10-13 15:15:00.000,13668,33
"575219",2011-11-09 11:17:00.000,17511,35
"558523",2011-06-30 10:44:00.000,17949,36
"556255",2011-06-09 17:27:00.000,18102,53
"549117",2011-04-06 12:56:00.000,13491,55
"541302",2011-01-17 14:18:00.000,13769,54
C575511,2011-11-10 10:33:00.000,14456,18
"568574",2011-09-28 09:15:00.000,13862,52
"545718",2011-03-07 10:22:00.000,12614,33
"578333",2011-11-24 08:50:00.000,12471,18
"578702",2011-11-25 10:58:00.000,15382,35
"556113",2011-06-09 09:32:00.000,13510,34
"578229",2011-11-23 11:54:00.000,16066,59
"538659",2010-12-13 15:36:00.000,14625,36
"570206",2011-10-09 10:13:00.000,15465,59
"575640",2011-11-10 14:01:00.000,13148,54
"575628",2011-11-10 13:31:00.000,12844,59
"554030",2011-05-20 13:56:00.000,16497,52
"556571",2011-06-13 13:13:00.000,13018,56
C559664,2011-07-11 13:34:00.000,18142,34
"569546",2011-10-04 16:39:00.000,15276,9
"570844",2011-10-12 14:28:00.000,15473,56
"575637",2011-11-10 13:46:00.000,16904,59
"547070",2011-03-20 13:58:00.000,16115,35
C559950,2011-07-14 10:47:00.000,14562,60
"564147",2011-08-23 12:21:00.000,14004,59
"555260",2011-06-01 15:34:00.000,13263,34
"574852",2011-11-07 12:04:00.000,15493,36
C566473,2011-09-12 18:25:00.000,16705,9
"553392",2011-05-16 16:44:00.000,16131,52
"555585",2011-06-06 09:12:00.000,16029,52
"536598",2010-12-02 07:48:00.000,13090,52
"561860",2011-07-29 17:28:00.000,17997,36
"539034",2010-12-15 14:29:00.000,16161,56
"548177",2011-03-29 14:31:00.000,12888,60
C579902,2011-12-01 08:39:00.000,13365,18
"556129",2011-06-09 10:46:00.000,14060,59
C561016,2011-07-22 16:41:00.000,14056,9
"557626",2011-06-21 14:29:00.000,14175,36
"563705",2011-08-18 14:33:00.000,17736,52
"549944",2011-04-13 12:23:00.000,14262,53
"540687",2011-01-10 17:18:00.000,15867,9
"563912",2011-08-21 12:58:00.000,17675,18
"546686",2011-03-16 09:52:00.000,14636,52
"577701",2011-11-21 12:11:00.000,13673,56
"565090",2011-09-01 10:28:00.000,17572,52
"550480",2011-04-18 14:05:00.000,13069,33
"547253",2011-03-22 10:44:00.000,13869,59
"580468",2011-12-04 12:31:00.000,12748,52
C569525,2011-10-04 14:48:00.000,16474,54
C551540,2011-05-03 08:47:00.000,14735,18
"538187",2010-12-10 10:27:00.000,16499,56
"578071",2011-11-22 15:52:00.000,13599,60
"552243",2011-05-06 19:37:00.000,12748,55
C538122,2010-12-09 15:38:00.000,14696,53
"546691",2011-03-16 10:45:00.000,15793,56
"546993",2011-03-18 13:19:00.000,17921,53
"544749",2011-02-23 10:57:00.000,15373,54
"563034",2011-08-11 14:53:00.000,17644,54
"580538",2011-12-05 08:38:00.000,14075,60
"560892",2011-07-21 17:08:00.000,13089,52
"562525",2011-08-05 13:35:00.000,18282,33
"570839",2011-10-12 14:08:00.000,14911,52
"578697",2011-11-25 10:03:00.000,14132,54
"572086",2011-10-20 14:30:00.000,13897,36
C558553,2011-06-30 12:44:00.000,17949,36
"544444",2011-02-20 10:51:00.000,13246,54
"546634",2011-03-15 12:10:00.000,14527,52
"576774",2011-11-16 13:21:00.000,13131,60
"571601",2011-10-18 10:53:00.000,17073,60
"539303",2010-12-16 17:34:00.000,16684,34
"537811",2010-12-08 13:30:00.000,17262,59
"563164",2011-08-12 12:18:00.000,16013,33
"561813",2011-07-29 15:25:00.000,13104,54
"552180",2011-05-06 13:35:00.000,18235,56
"571008",2011-10-13 12:07:00.000,17063,33
"566208",2011-09-09 15:03:00.000,16362,56
"543167",2011-02-04 08:56:00.000,17457,54
"550338",2011-04-17 15:33:00.000,12413,35
C540820,2011-01-11 13:09:00.000,15518,55
"566240",2011-09-11 11:29:00.000,14508,35
"556185",2011-06-09 11:40:00.000,16592,55
"579255",2011-11-28 17:09:00.000,14901,35
C564213,2011-08-24 09:15:00.000,15301,52
"554392",2011-05-24 12:04:00.000,14534,56
C568388,2011-09-27 10:05:00.000,14808,60
"569016",2011-09-30 09:20:00.000,14916,36
"546563",2011-03-15 10:49:00.000,15047,36
C580522,2011-12-04 14:59:00.000,13435,35
C562577,2011-08-07 13:09:00.000,15518,59
"539953",2010-12-23 12:03:00.000,12748,9
"574055",2011-11-02 14:08:00.000,16525,18
"557510",2011-06-20 16:19:00.000,17588,35
"568396",2011-09-27 10:24:00.000,16462,33
"577516",2011-11-20 13:08:00.000,16533,18
C566166,2011-09-09 11:59:00.000,14194,59
"543990",2011-02-15 09:59:00.000,15122,56
C566384,2011-09-12 12:41:00.000,17811,18
"576995",2011-11-17 11:59:00.000,16298,59
"542093",2011-01-25 12:46:00.000,17677,18
C577839,2011-11-22 10:33:00.000,16633,53
"558191",2011-06-27 12:16:00.000,16869,56
"545999",2011-03-08 14:44:00.000,13089,18
"580385",2011-12-04 10:11:00.000,16326,56
"568319",2011-09-26 13:35:00.000,17389,9
"574585",2011-11-06 09:34:00.000,17133,55
"578056",2011-11-22 15:04:00.000,16164,18
C546880,2011-03-17 17:16:00.000,13093,55
"540160",2011-01-05 11:50:00.000,15769,18
"541588",2011-01-19 14:43:00.000,14307,34
"576603",2011-11-15 15:22:00.000,14911,34
"573083",2011-10-27 14:22:00.000,13735,54
"567610",2011-09-21 11:30:00.000,17511,9
"547048",2011-03-20 11:52:00.000,14911,36
"539297",2010-12-16 17:20:00.000,17691,53
"539084",2010-12-16 09:31:00.000,13890,18
"577919",2011-11-22 11:58:00.000,17075,53
C551061,2011-04-26 12:13:00.000,16356,60
C539063,2010-12-15 16:50:00.000,15107,55
"552825",2011-05-11 13:18:00.000,15296,60
"560604",2011-07-20 09:23:00.000,15251,33
"545290",2011-03-01 12:01:00.000,14688,18
"575154",2011-11-08 16:15:00.000,12395,53
"574165",2011-11-03 11:36:00.000,14815,53
"552292",2011-05-08 14:02:00.000,15421,60
"564740",2011-08-28 14:39:00.000,14044,54
C571329,2011-10-17 11:32:00.000,17706,52
"556446",2011-06-10 15:33:00.000,15098,54
"581538",2011-12-09 11:34:00.000,14446,55
"570117",2011-10-07 12:42:00.000,15815,33
"562965",2011-08-11 10:45:00.000,18226,9
"555929",2011-06-08 08:12:00.000,16525,55
"559463",2011-07-08 13:23:00.000,17965,52
"565678",2011-09-06 10:04:00.000,15521,55
"543821",2011-02-14 09:24:00.000,17667,34
C575777,2011-11-11 11:15:00.000,13881,33
C561229,2011-07-26 10:18:00.000,17096,34
C545189,2011-02-28 15:19:00.000,17841,18
"545105",2011-02-28 11:58:00.000,12598,36
"561241",2011-07-26 11:00:00.000,13930,34
C566748,2011-09-14 15:37:00.000,12822,54
"562607",2011-08-08 11:45:00.000,12885,60
C556957,2011-06-16 09:04:00.000,12705,52
"542382",2011-01-27 14:10:00.000,14738,54
"581491",2011-12-09 10:02:00.000,12433,60
"545314",2011-03-01 14:11:00.000,12866,33
"540768",2011-01-11 10:38:00.000,17428,9
"572296",2011-10-23 14:28:00.000,13598,56
"558083",2011-06-26 11:47:00.000,17284,56
"567180",2011-09-18 14:56:00.000,17802,55
"579188",2011-11-28 15:34:00.000,12748,60
"553491",2011-05-17 12:44:00.000,15624,35
"550305",2011-04-17 10:27:00.000,17920,35
"573133",2011-10-27 16:58:00.000,15288,52
"551143",2011-04-26 13:25:00.000,13092,54
"543534",2011-02-09 13:25:00.000,13590,60
"547921",2011-03-28 13:28:00.000,14766,9
"544692",2011-02-23 09:14:00.000,17499,33
C571262,2011-10-16 10:52:00.000,12901,9
C574900,2011-11-07 15:11:00.000,17014,53
"580092",2011-12-01 14:38:00.000,13969,52
"552236",2011-05-06 16:29:00.000,16525,33
"557872",2011-06-23 12:42:00.000,14911,35
C559667,2011-07-11 13:38:00.000,13267,33
"558044",2011-06-24 13:29:00.000,13870,59
"575323",2011-11-09 13:37:00.000,15392,56
"548359",2011-03-30 15:31:00.000,14828,53
"541683",2011-01-20 15:01:00.000,14085,56
"569224",2011-10-02 14:00:00.000,15701,56
"565457",2011-09-05 09:07:00.000,14565,55
"536810",2010-12-02 16:50:00.000,15299,18
C565294,2011-09-02 12:00:00.000,12423,55
"547069",2011-03-20 13:52:00.000,16710,9
"551420",2011-04-28 14:00:00.000,17068,55
"561625",2011-07-28 14:03:00.000,16843,53
"567193",2011-09-19 09:27:00.000,18094,60
"536840",2010-12-02 18:27:00.000,12738,54
"573036",2011-10-27 13:44:00.000,12437,55
"542131",2011-01-25 15:55:00.000,16133,52
"541001",2011-01-13 10:28:00.000,16500,55
"566447",2011-09-12 15:43:00.000,12989,60
"557271",2011-06-19 11:41:00.000,17769,36
"559979",2011-07-14 11:20:00.000,14862,35
"547803",2011-03-25 13:23:00.000,13662,52
C546267,2011-03-10 15:02:00.000,15093,33
"567162",2011-09-18 11:13:00.000,16525,56
"551188",2011-04-27 10:03:00.000,15898,52
"566046",2011-09-08 14:02:00.000,12971,53
"553909",2011-05-19 19:00:00.000,12951,18
"574914",2011-11-07 16:16:00.000,17109,54
"543919",2011-02-14 14:03:00.000,13157,18
"543852",2011-02-14 11:57:00.000,14258,9
C561591,2011-07-28 11:17:00.000,15708,9
"538826",2010-12-14 12:58:00.000,12370,56
"580051",2011-12-01 12:55:00.000,12963,53
C537812,2010-12-08 13:33:00.000,14299,52
C557779,2011-06-22 15:12:00.000,13004,54
C574473,2011-11-04 12:05:00.000,15809,35
"558779",2011-07-04 10:42:00.000,16682,18
"554087",2011-05-22 12:03:00.000,13946,33
"557974",2011-06-24 10:31:00.000,14541,60
"563018",2011-08-11 12:53:00.000,13427,53
"537867",2010-12-08 16:48:00.000,16717,18
C570483,2011-10-10 17:01:00.000,13078,60
"564573",2011-08-26 11:19:00.000,14606,52
C547855,2011-03-27 12:13:00.000,14194,52
"545415",2011-03-02 13:03:00.000,15641,54
C546204,2011-03-10 11:13:00.000,13599,53
C575590,2011-11-10 12:08:00.000,15785,9
"576179",2011-11-14 11:09:00.000,13694,59
"578513",2011-11-24 13:32:00.000,16609,54
"552036",2011-05-05 19:16:00.000,12748,33
"545512",2011-03-03 12:00:00.000,17389,54
"545002",2011-02-25 12:43:00.000,13001,53
"549998",2011-04-14 08:49:00.000,17675,54
"543647",2011-02-10 19:49:00.000,12841,55
"555548",2011-06-05 13:16:00.000,17811,9
C552944,2011-05-12 11:40:00.000,17811,52
C560866,2011-07-21 14:04:00.000,14410,34
"541552",2011-01-19 11:15:00.000,15039,60
"537830",2010-12-08 14:46:00.000,13649,59
"574286",2011-11-03 15:02:00.000,17644,55
C554339,2011-05-23 17:39:00.000,15128,33
"544335",2011-02-17 19:21:00.000,14702,36
C555258,2011-06-01 15:29:00.000,12947,34
"552045",2011-05-06 09:22:00.000,18241,35
"577404",2011-11-20 10:16:00.000,17243,35
"558201",2011-06-27 13:12:00.000,15838,36
"543733",2011-02-11 12:16:00.000,12395,18
"570651",2011-10-11 13:34:00.000,14911,35
"557670",2011-06-22 10:11:00.000,12798,9
"570412",2011-10-10 13:12:00.000,16385,56
"539675",2010-12-21 10:51:00.000,12971,36
"570230",2011-10-09 13:41:00.000,18088,52
"548309",2011-03-30 12:02:00.000,16657,54
"540397",2011-01-06 18:57:00.000,13187,35
"568950",2011-09-29 15:25:00.000,12458,35
"569234",2011-10-02 15:33:00.000,17841,56
C546320,2011-03-11 09:39:00.000,12708,33
"577365",2011-11-18 16:19:00.000,17063,53
"541605",2011-01-20 09:03:00.000,13502,35
"557894",2011-06-23 14:13:00.000,14818,35
"546324",2011-03-11 09:54:00.000,13265,59
"545888",2011-03-07 16:14:00.000,13798,33
"559523",2011-07-08 17:19:00.000,13955,33
"576245",2011-11-14 13:40:00.000,12553,34
"560895",2011-07-21 17:12:00.000,13089,36
"566971",2011-09-16 09:03:00.000,12963,33
"563468",2011-08-16 14:55:00.000,16168,59
"550973",2011-04-21 17:06:00.000,14031,18
"537665",2010-12-07 17:19:00.000,16365,60
"567768",2011-09-22 11:17:00.000,15950,9
"547787",2011-03-25 11:57:00.000,13139,35
"544187",2011-02-16 16:31:00.000,14107,18
"554647",2011-05-25 12:39:00.000,14705,35
C573187,2011-10-28 11:38:00.000,12709,59
"548992",2011-04-05 13:52:00.000,13089,56
C564063,2011-08-22 15:00:00.000,16184,59
"538507",2010-12-12 13:26:00.000,15547,56
"573361",2011-10-30 12:53:00.000,14456,54
"572475",2011-10-24 13:37:00.000,15271,60
"559932",2011-07-14 09:26:00.000,17389,52
"576855",2011-11-16 15:51:00.000,17757,60
"563837",2011-08-19 13:03:00.000,15078,35
"564321",2011-08-24 13:22:00.000,15059,53
"560776",2011-07-21 08:44:00.000,13995,33
"541848",2011-01-23 13:31:00.000,17611,52
"580106",2011-12-01 15:28:00.000,16169,59
"538065",2010-12-09 13:57:00.000,13982,54
"565416",2011-09-04 12:00:00.000,12710,35
"576660",2011-11-16 11:16:00.000,15110,56
"560640",2011-07-20 10:59:00.000,13854,33
"570670",2011-10-11 14:39:00.000,14624,9
"578541",2011-11-24 15:01:00.000,14277,18
"571178",2011-10-14 10:38:00.000,14089,9
"543590",2011-02-10 11:44:00.000,17377,54
"579514",2011-11-29 17:12:00.000,16688,56
"549837",2011-04-12 13:38:00.000,16705,9
"538525",2010-12-13 09:39:00.000,12540,34
"550377",2011-04-18 11:45:00.000,13082,59
"559063",2011-07-06 10:10:00.000,17220,59
"546786",2011-03-17 09:57:00.000,16523,60
"574879",2011-11-07 13:22:00.000,13014,9
"553722",2011-05-18 16:37:00.000,12999,35
"554542",2011-05-25 08:32:00.000,15194,36
C579521,2011-11-29 18:19:00.000,12748,60
"577048",2011-11-17 13:50:00.000,13247,60
"580615",2011-12-05 12:05:00.000,16873,52
"557625",2011-06-21 14:23:00.000,15159,54
"566480",2011-09-13 09:17:00.000,16451,33
"562885",2011-08-10 11:30:00.000,14024,33
"541873",2011-01-24 09:52:00.000,14368,53
"565287",2011-09-02 11:42:00.000,12483,34
"553229",2011-05-16 10:50:00.000,15039,18
"551775",2011-05-04 11:21:00.000,12886,18
"556478",2011-06-12 12:34:00.000,13069,54
"553657",2011-05-18 11:28:00.000,14583,18
"554699",2011-05-26 09:17:00.000,12613,18
"577824",2011-11-22 09:42:00.000,15845,55
"554370",2011-05-24 10:35:00.000,13267,55
"580879",2011-12-06 12:18:00.000,17346,53
"579453",2011-11-29 14:03:00.000,12748,18
"568428",2011-09-27 11:27:00.000,14419,55
"554264",2011-05-23 12:35:00.000,15602,56
"577687",2011-11-21 11:16:00.000,12583,33
C537414,2010-12-06 15:09:00.000,16861,60
"553377",2011-05-16 14:58:00.000,14888,36
"572079",2011-10-20 14:11:00.000,14484,54
"581486",2011-12-09 09:38:00.000,17001,56
"581195",2011-12-07 17:22:00.000,12935,56
"577524",2011-11-20 13:33:00.000,16905,52
"580877",2011-12-06 12:15:00.000,17250,33
"576845",2011-11-16 15:34:00.000,12991,35
C549252,2011-04-07 12:18:00.000,16584,59
"561520",2011-07-27 17:03:00.000,17870,56
"578526",2011-11-24 14:22:00.000,13995,36
"577696",2011-11-21 11:57:00.000,16406,60
"571428",2011-10-17 12:47:00.000,17534,55
"547076",2011-03-20 14:37:00.000,15140,35
"554598",2011-05-25 11:12:00.000,13263,36
"551815",2011-05-04 11:46:00.000,18065,35
"551529",2011-05-01 13:18:00.000,12524,56
"581438",2011-12-08 16:29:00.000,12955,52
"563076",2011-08-11 16:12:00.000,14646,60
"563440",2011-08-16 13:12:00.000,13189,34
"549235",2011-04-07 11:16:00.000,15530,52
"550350",2011-04-18 10:04:00.000,15491,35
"556927",2011-06-15 14:47:00.000,14156,55
"580865",2011-12-06 11:58:00.000,17914,36
"551530",2011-05-01 13:26:00.000,12748,9
"579693",2011-11-30 14:09:00.000,15712,59
"569357",2011-10-03 14:52:00.000,15930,56
"537847",2010-12-08 15:33:00.000,14766,60
"580511",2011-12-04 13:54:00.000,12560,55
"541686",2011-01-20 15:42:00.000,16912,53
"560302",2011-07-18 10:43:00.000,14397,36
"581018",2011-12-07 10:09:00.000,13743,56
"580540",2011-12-05 08:49:00.000,13417,18
"550280",2011-04-15 13:31:00.000,13048,53
"546117",2011-03-09 13:56:00.000,16771,34
"559831",2011-07-13 09:58:00.000,14709,52
"555096",2011-05-31 13:32:00.000,12682,54
"579153",2011-11-28 13:26:00.000,12660,33
"550675",2011-04-20 10:39:00.000,15260,54
"569324",2011-10-03 12:32:00.000,16912,55
"571006",2011-10-13 12:06:00.000,17063,9
"580370",2011-12-02 16:46:00.000,16954,9
"555815",2011-06-07 11:47:00.000,13089,59
C546206,2011-03-10 11:15:00.000,13014,56
"558755",2011-07-03 12:21:00.000,14053,9
"574653",2011-11-06 11:30:00.000,12619,60
"537163",2010-12-05 13:21:00.000,17863,59
"563098",2011-08-12 09:14:00.000,14911,53
C543052,2011-02-03 10:20:00.000,14180,52
"542099",2011-01-25 13:10:00.000,13703,18
"576861",2011-11-16 16:00:00.000,18041,9
"575049",2011-11-08 12:13:00.000,12721,33
"559148",2011-07-06 14:41:00.000,12450,60
"573142",2011-10-27 17:48:00.000,18035,54
C569941,2011-10-06 18:06:00.000,16909,56
"580727",2011-12-05 17:17:00.000,14096,60
C580918,2011-12-06 14:01:00.000,16779,53
C552024,2011-05-05 18:01:00.000,14961,60
"580235",2011-12-02 12:17:00.000,16333,54
"559909",2011-07-13 14:28:00.000,18245,52
"560888",2011-07-21 16:33:00.000,15380,36
"570430",2011-10-10 14:25:00.000,15886,33
"581116",2011-12-07 12:21:00.000,17232,54
"557276",2011-06-19 12:05:00.000,16931,60
"557058",2011-06-16 14:47:00.000,16843,54
"542993",2011-02-02 12:02:00.000,16156,34
"580021",2011-12-01 11:43:00.000,14047,54
"579629",2011-11-30 12:16:00.000,14963,34
"537682",2010-12-08 10:13:00.000,13599,53
C576565,2011-11-15 13:39:00.000,13066,36
C551139,2011-04-26 13:10:00.000,17061,55
C559952,2011-07-14 10:57:00.000,17696,18
"538195",2010-12-10 10:52:00.000,15061,18
"573375",2011-10-30 13:42:00.000,15521,60
"566243",2011-09-11 11:57:00.000,15502,33
C555252,2011-06-01 15:13:00.000,12987,60
"549447",2011-04-08 13:20:00.000,17268,54
"567524",2011-09-21 08:55:00.000,15696,18
C544901,2011-02-24 13:02:00.000,15078,54
C568575,2011-09-28 09:22:00.000,13134,33
C566011,2011-09-08 12:11:00.000,14688,9
"539105",2010-12-16 10:43:00.000,14825,53
C581012,2011-12-07 09:24:00.000,13014,34
"571938",2011-10-20 09:32:00.000,13669,18
"576672",2011-11-16 11:59:00.000,12731,36
"564642",2011-08-26 13:22:00.000,13527,33
"550129",2011-04-14 13:17:00.000,13001,53
"551001",2011-04-26 09:31:00.000,13408,35
"540690",2011-01-11 08:45:00.000,13473,56
"569148",2011-09-30 15:52:00.000,16613,35
"572108",2011-10-20 18:08:00.000,15814,36
"555592",2011-06-06 10:04:00.000,14215,60
C546664,2011-03-15 14:41:00.000,16061,59
"569897",2011-10-06 16:01:00.000,17813,34
"573584",2011-10-31 14:36:00.000,16705,59
"570594",2011-10-11 11:43:00.000,13517,60
"564967",2011-08-31 15:13:00.000,17659,60
C539956,2010-12-23 12:55:00.000,12980,18
"536530",2010-12-01 13:21:00.000,17905,56
"539327",2010-12-17 09:24:00.000,12600,60
"536732",2010-12-02 12:47:00.000,15544,54
"569790",2011-10-06 11:42:00.000,15910,54
C537157,2010-12-05 13:09:00.000,15880,18
"569850",2011-10-06 13:59:00.000,16432,56
"563835",2011-08-19 12:53:00.000,13242,56
"576349",2011-11-14 15:41:00.000,16519,54
"556302",2011-06-10 10:24:00.000,15267,54
C554871,2011-05-27 10:58:00.000,18225,36
"562158",2011-08-03 11:45:00.000,15039,52
"538639",2010-12-13 14:24:00.000,17179,18
"561399",2011-07-27 10:53:00.000,15125,56
C577075,2011-11-17 15:08:00.000,14456,36
"555347",2011-06-02 12:04:00.000,14389,36
"547919",2011-03-28 12:52:00.000,13760,52
"546761",2011-03-16 14:02:00.000,17858,18
"565409",2011-09-04 11:15:00.000,16761,9
"549901",2011-04-12 16:17:00.000,17180,60
"553500",2011-05-17 12:58:00.000,17504,54
"559353",2011-07-07 17:56:00.000,13302,33
"567958",2011-09-23 09:00:00.000,12619,56
"554039",2011-05-20 14:27:00.000,15095,56
"559925",2011-07-13 16:47:00.000,17644,55
"552246",2011-05-06 19:44:00.000,12748,56
C560474,2011-07-19 10:46:00.000,12705,33
"564310",2011-08-24 12:51:00.000,15769,53
"561062",2011-07-24 13:56:00.000,16668,35
"576928",2011-11-17 11:04:00.000,14102,35
"580319",2011-12-02 15:39:00.000,15078,55
C580770,2011-12-06 10:56:00.000,13255,54
"554016",2011-05-20 13:14:00.000,13243,18
C568532,2011-09-27 13:54:00.000,14356,54
"575731",2011-11-10 20:01:00.000,13230,60
"542932",2011-02-02 10:54:00.000,13089,33
C553486,2011-05-17 12:29:00.000,17423,52
"577331",2011-11-18 14:23:00.000,14667,59
"580126",2011-12-01 17:20:00.000,12562,59
"553044",2011-05-13 09:24:00.000,12682,56
"572333",2011-10-24 10:23:00.000,13704,34
"559050",2011-07-05 16:08:00.000,13694,9
"554368",2011-05-24 10:33:00.000,13267,56
"537817",2010-12-08 13:53:00.000,18269,54
"572741",2011-10-25 15:47:00.000,14341,54
"558197",2011-06-27 12:45:00.000,14298,60
"580155",2011-12-02 10:30:00.000,13183,9
C556530,2011-06-13 11:42:00.000,18109,55
"543455",2011-02-08 12:38:00.000,17858,55
"538008",2010-12-09 12:17:00.000,12683,55
"566431",2011-09-12 14:39:00.000,18180,9
C546889,2011-03-17 18:16:00.000,13971,18
"545426",2011-03-02 14:41:00.000,15189,53
"536983",2010-12-03 14:30:00.000,12712,52
"577484",2011-11-20 11:52:00.000,13536,59
"573745",2011-11-01 08:53:00.000,17419,53
"564538",2011-08-25 15:21:00.000,13408,56
"541989",2011-01-25 08:21:00.000,13615,35
"580389",2011-12-04 10:35:00.000,12952,55
"574839",2011-11-07 11:40:00.000,15493,9
"565200",2011-09-01 16:30:00.000,17576,59
"564197",2011-08-23 17:13:00.000,13425,59
"580154",2011-12-02 10:24:00.000,12569,33
"573982",2011-11-02 11:07:00.000,12901,59
"562096",2011-08-02 13:16:00.000,15311,59
"566108",2011-09-09 10:47:00.000,16027,35
C540555,2011-01-10 09:56:00.000,16279,9
"551013",2011-04-26 10:54:00.000,15108,53
"581279",2011-12-08 11:35:00.000,12437,35
"545648",2011-03-04 13:09:00.000,17325,54
"565769",2011-09-06 14:32:00.000,16175,34
"547714",2011-03-25 08:43:00.000,15815,55
"563356",2011-08-15 14:44:00.000,16210,60
"552183",2011-05-06 13:43:00.000,17604,60
"567578",2011-09-21 10:47:00.000,12701,53
"571408",2011-10-17 12:22:00.000,15012,9
"557428",2011-06-20 12:24:00.000,17857,53
C555860,2011-06-07 14:24:00.000,16763,18
"562573",2011-08-07 12:40:00.000,13248,36
C564748,2011-08-30 08:00:00.000,14911,53
"566426",2011-09-12 14:23:00.000,17865,33
"546738",2011-03-16 11:57:00.000,16422,35
"565515",2011-09-05 11:51:00.000,17491,33
"581324",2011-12-08 11:53:00.000,14217,59
"564248",2011-08-24 10:37:00.000,13798,35
C537379,2010-12-06 13:12:00.000,15882,53
"538347",2010-12-10 14:54:00.000,17220,53
C574483,2011-11-04 12:48:00.000,14359,59
"575185",2011-11-09 08:50:00.000,14051,52
C569974,2011-10-06 19:24:00.000,14092,9
"578668",2011-11-24 17:11:00.000,12971,33
"567625",2011-09-21 12:55:00.000,13627,52
C538798,2010-12-14 11:45:00.000,17041,59
"554369",2011-05-24 10:34:00.000,13267,56
C547797,2011-03-25 12:34:00.000,17460,59
"571660",2011-10-18 12:49:00.000,16191,55
"556886",2011-06-15 12:34:00.000,12624,9
C560733,2011-07-20 14:55:00.000,15298,9
"570229",2011-10-09 13:30:00.000,15756,35
"566311",2011-09-12 09:41:00.000,15980,9
"537691",2010-12-08 10:39:00.000,13842,9
"542065",2011-01-25 12:03:00.000,14527,52
C571336,2011-10-17 11:43:00.000,16652,9
"544332",2011-02-17 17:34:00.000,17419,54
"559532",2011-07-10 12:07:00.000,14808,56
"560089",2011-07-14 16:45:00.000,12748,33
"568131",2011-09-23 16:05:00.000,16872,9
"554381",2011-05-24 11:46:00.000,16709,54
"556045",2011-06-08 12:54:00.000,15764,33
"545534",2011-03-03 14:05:00.000,17652,33
"575933",2011-11-13 10:41:00.000,14911,60
"536989",2010-12-03 15:10:00.000,17238,9
"576141",2011-11-14 10:47:00.000,14911,54
"544477",2011-02-21 10:07:00.000,16029,56
C567360,2011-09-19 16:37:00.000,13860,36
"563450",2011-08-16 14:33:00.000,16523,60
"576520",2011-11-15 12:33:00.000,14467,52
"572775",2011-10-26 10:43:00.000,13126,53
"546883",2011-03-17 18:03:00.000,13707,9
"542608",2011-01-30 13:51:00.000,16770,60
C569786,2011-10-06 11:40:00.000,17813,59
"545184",2011-02-28 15:00:00.000,13292,54
"541916",2011-01-24 11:34:00.000,17861,36
"540363",2011-01-06 15:54:00.000,12971,35
"539752",2010-12-21 15:43:00.000,12515,35
"580529",2011-12-04 15:35:00.000,14658,53
"581164",2011-12-07 14:34:00.000,14395,34
"567666",2011-09-21 15:23:00.000,12520,60
"560299",2011-07-18 10:28:00.000,17593,54
"565792",2011-09-07 09:37:00.000,14397,9
"561677",2011-07-28 18:23:00.000,15311,59
"548558",2011-04-01 10:05:00.000,13626,52
"571724",2011-10-19 08:20:00.000,12572,55
"542428",2011-01-28 10:00:00.000,17404,35
"537884",2010-12-09 09:30:00.000,15694,52
"581193",2011-12-07 17:05:00.000,17097,34
C540379,2011-01-06 17:34:00.000,15101,60
"544998",2011-02-25 11:56:00.000,14470,34
"566722",2011-09-14 12:51:00.000,13408,9
"556784",2011-06-14 13:15:00.000,14461,33
"580696",2011-12-05 16:04:00.000,17757,33
"552062",2011-05-06 10:45:00.000,13117,59
"574269",2011-11-03 14:27:00.000,15570,36
"541251",2011-01-16 13:25:00.000,15046,52
"552176",2011-05-06 13:25:00.000,17516,35
"539213",2010-12-16 12:23:00.000,12877,60
"538260",2010-12-10 12:42:00.000,18178,33
C538114,2010-12-09 15:29:00.000,14217,56
"567799",2011-09-22 12:01:00.000,13089,34
"549569",2011-04-10 15:15:00.000,15547,34
"566264",2011-09-11 13:07:00.000,14606,59
"553979",2011-05-20 11:07:00.000,15694,55
"552859",2011-05-11 16:10:00.000,13069,56
"537372",2010-12-06 12:52:00.000,16919,34
"568364",2011-09-26 15:43:00.000,16999,35
"549054",2011-04-06 10:21:00.000,17719,33
"575889",2011-11-11 14:09:00.000,16433,33
C559033,2011-07-05 14:54:00.000,17389,9
"558419",2011-06-29 11:41:00.000,17702,53
C537805,2010-12-08 13:18:00.000,15311,18
"537375",2010-12-06 12:55:00.000,17019,9
C569990,2011-10-06 20:11:00.000,15505,35
"552703",2011-05-10 16:00:00.000,14462,33
"563261",2011-08-15 12:38:00.000,16836,53
"544656",2011-02-22 13:02:00.000,17442,9
"563094",2011-08-11 17:35:00.000,14525,60
C551196,2011-04-27 11:26:00.000,17069,34
"577840",2011-11-22 10:34:00.000,17324,56
"580910",2011-12-06 13:29:00.000,13225,18
C549582,2011-04-11 09:45:00.000,12656,18
"579287",2011-11-29 10:58:00.000,13496,18
"557144",2011-06-17 10:17:00.000,13113,33
"579711",2011-11-30 14:17:00.000,15060,60
"572191",2011-10-21 11:18:00.000,17377,55
"578084",2011-11-22 16:34:00.000,12465,60
"567912",2011-09-22 17:07:00.000,15555,59
"552566",2011-05-10 11:56:00.000,13694,9
"557147",2011-06-17 10:51:00.000,12408,55
C556327,2011-06-10 11:22:00.000,17659,35
"543188",2011-02-04 11:45:00.000,12567,35
C567682,2011-09-21 16:28:00.000,17997,60
"541876",2011-01-24 10:05:00.000,12951,9
"538198",2010-12-10 11:01:00.000,17827,35
"579404",2011-11-29 12:21:00.000,14126,55
"570235",2011-10-09 14:30:00.000,13193,52
"581034",2011-12-07 10:48:00.000,17049,60
"569515",2011-10-04 13:58:00.000,15181,33
"561039",2011-07-24 12:02:00.000,16525,18
"579516",2011-11-29 17:52:00.000,17841,35
"580736",2011-12-06 08:55:00.000,12716,53
"562002",2011-08-01 13:48:00.000,14567,36
"564653",2011-08-26 14:23:00.000,14776,54
"555859",2011-06-07 14:22:00.000,17987,34
C546131,2011-03-09 15:08:00.000,16057,54
"543994",2011-02-15 10:41:00.000,12931,34
"547486",2011-03-23 11:18:00.000,13576,36
"557055",2011-06-16 14:45:00.000,12621,9
"548188",2011-03-29 15:12:00.000,13263,60
"580876",2011-12-06 12:12:00.000,14071,54
"557414",2011-06-20 11:42:00.000,15840,54
"544661",2011-02-22 13:59:00.000,15303,18
"553526",2011-05-17 14:54:00.000,16266,53
C543729,2011-02-11 11:55:00.000,15796,35
"552065",2011-05-06 11:20:00.000,16729,54
"542901",2011-02-01 14:29:00.000,14217,18
"542709",2011-01-31 13:17:00.000,15144,52
"551956",2011-05-05 12:22:00.000,15021,18
"574242",2011-11-03 12:46:00.000,17653,18
"548979",2011-04-05 12:12:00.000,13798,36
C540270,2011-01-06 11:40:00.000,14680,33
"565454",2011-09-04 16:08:00.000,17410,9
"538593",2010-12-13 11:51:00.000,16701,59
"544894",2011-02-24 12:09:00.000,15805,53
"559884",2011-07-13 11:34:00.000,16843,9
"552888",2011-05-12 10:23:00.000,15061,35
"553765",2011-05-19 10:43:00.000,17245,60
"569134",2011-09-30 14:07:00.000,15411,33
"563754",2011-08-19 10:56:00.000,15396,60
"559902",2011-07-13 13:14:00.000,14502,60
"562596",2011-08-08 09:22:00.000,16145,35
"542081",2011-01-25 12:21:00.000,15213,53
"563367",2011-08-16 08:58:00.000,16133,9
"561022",2011-07-24 10:24:00.000,14800,9
"553942",2011-05-20 10:37:00.000,18055,36
"565542",2011-09-05 12:06:00.000,16820,52
"574913",2011-11-07 16:00:00.000,13323,56
"552693",2011-05-10 15:22:00.000,12748,55
"549301",2011-04-08 08:24:00.000,16643,54
C541824,2011-01-21 16:58:00.000,15939,35
"545914",2011-03-08 11:39:00.000,13340,52
"568553",2011-09-27 15:17:00.000,15674,34
"554708",2011-05-26 10:25:00.000,16449,33
"575132",2011-11-08 14:44:00.000,18177,54
"547334",2011-03-22 11:43:00.000,15044,18
"566237",2011-09-11 11:24:00.000,13742,60
"552550",2011-05-10 10:43:00.000,13881,34
"566938",2011-09-15 15:48:00.000,14557,55
"563589",2011-08-17 19:40:00.000,17450,54
"558108",2011-06-26 15:35:00.000,12548,33
"553550",2011-05-17 16:21:00.000,13631,53
C562889,2011-08-10 12:07:00.000,18172,9
C553877,2011-05-19 14:47:00.000,13319,53
"545545",2011-03-03 15:02:00.000,17841,33
"542914",2011-02-01 16:03:00.000,16161,18
C547574,2011-03-24 10:13:00.000,14223,33
"538710",2010-12-14 10:48:00.000,18075,59
"576403",2011-11-15 10:56:00.000,15214,56
"578303",2011-11-23 15:39:00.000,14733,33
"562108",2011-08-02 15:40:00.000,17809,35
"545073",2011-02-28 09:26:00.000,14036,56
"556780",2011-06-14 12:46:00.000,14524,18
"565594",2011-09-05 14:11:00.000,13510,55
"577341",2011-11-18 15:00:00.000,16279,18
"571242",2011-10-14 15:04:00.000,17809,52
"580109",2011-12-01 15:46:00.000,17350,33
C578164,2011-11-23 11:34:00.000,14032,36
"552952",2011-05-12 12:10:00.000,13837,35
"568728",2011-09-28 16:42:00.000,17513,54
"537655",2010-12-07 16:20:00.000,15081,52
"562112",2011-08-02 15:53:00.000,18236,60
"560281",2011-07-17 15:59:00.000,17984,52
"568392",2011-09-27 10:08:00.000,14272,36
"549787",2011-04-12 11:58:00.000,13268,54
"550803",2011-04-20 15:25:00.000,18177,60
"580157",2011-12-02 10:35:00.000,14083,52
C562121,2011-08-02 17:15:00.000,16523,36
"572127",2011-10-21 09:20:00.000,14911,60
"565118",2011-09-01 11:33:00.000,15039,34
"545017",2011-02-25 13:51:00.000,12361,52
"540990",2011-01-12 16:51:00.000,17048,56
C559495,2011-07-08 13:54:00.000,14267,18
"571841",2011-10-19 12:21:00.000,17625,33
"566567",2011-09-13 12:37:00.000,16161,53
C554847,2011-05-26 19:56:00.000,12909,9
C572117,2011-10-20 19:19:00.000,17603,52
C539273,2010-12-16 15:30:00.000,13209,36
"547653",2011-03-24 12:21:00.000,16745,9
C575670,2011-11-10 15:02:00.000,13081,55
C543755,2011-02-11 14:48:00.000,14304,56
"550907",2011-04-21 12:35:00.000,13798,52
"559109",2011-07-06 11:52:00.000,15021,9
"559026",2011-07-05 14:20:00.000,16146,55
C545673,2011-03-06 10:14:00.000,14745,60
"560996",2011-07-22 13:53:00.000,17625,56
"576198",2011-11-14 12:12:00.000,17538,36
"565738",2011-09-06 12:30:00.000,14667,9
C558354,2011-06-28 14:57:00.000,14854,53
"561631",2011-07-28 14:27:00.000,14911,54
"569558",2011-10-05 08:53:00.000,14936,18
"541991",2011-01-25 09:11:00.000,12417,59
"580351",2011-12-02 15:55:00.000,12962,9
C558202,2011-06-27 13:24:00.000,17841,56
"538155",2010-12-09 16:52:00.000,16907,59
"577532",2011-11-20 14:01:00.000,16666,56
"569243",2011-10-03 09:44:00.000,13344,54
"570846",2011-10-12 14:33:00.000,13983,33
"538753",2010-12-14 11:29:00.000,14901,56
"542128",2011-01-25 15:13:00.000,12609,33
"578017",2011-11-22 13:07:00.000,13569,9
"537836",2010-12-08 14:58:00.000,14866,35
"572459",2011-10-24 12:53:00.000,14911,56
"572302",2011-10-23 14:47:00.000,15427,59
"572762",2011-10-26 09:50:00.000,15240,54
"571235",2011-10-14 14:37:00.000,15078,59
"552242",2011-05-06 19:22:00.000,12748,56
"575486",2011-11-09 17:07:00.000,14911,52
"557134",2011-06-17 09:12:00.000,17306,54
"552059",2011-05-06 10:37:00.000,17470,54
"544062",2011-02-15 13:19:00.000,15311,54
"569008",2011-09-29 18:53:00.000,15114,36
C560317,2011-07-18 10:54:00.000,15527,55
"549813",2011-04-12 12:16:00.000,17972,53
"560095",2011-07-14 17:14:00.000,17848,54
C571320,2011-10-17 10:57:00.000,13089,56
"576383",2011-11-15 09:31:00.000,12883,60
"570016",2011-10-07 10:06:00.000,14911,56
"538852",2010-12-14 13:33:00.000,17372,18
"557330",2011-06-20 10:20:00.000,14291,34
"550152",2011-04-14 14:43:00.000,17362,56
"577822",2011-11-22 09:34:00.000,14607,55
C560909,2011-07-21 17:56:00.000,13590,9
"544368",2011-02-18 11:27:00.000,14057,56
"573371",2011-10-30 13:34:00.000,13113,9
"577023",2011-11-17 12:43:00.000,16186,36
"563233",2011-08-14 15:56:00.000,17988,52
"557527",2011-06-21 09:44:00.000,13941,59
"549278",2011-04-07 13:16:00.000,16255,36
"568366",2011-09-26 15:47:00.000,14217,52
"560236",2011-07-17 11:26:00.000,15206,18
C556793,2011-06-14 13:54:00.000,12818,18
"581177",2011-12-07 15:23:00.000,14032,18
C553028,2011-05-12 19:39:00.000,15194,53
"572194",2011-10-21 11:43:00.000,17832,55
"558107",2011-06-26 15:09:00.000,17811,52
C540938,2011-01-12 12:10:00.000,15061,36
"540184",2011-01-05 13:40:00.000,15266,60
"563846",2011-08-19 14:43:00.000,16672,35
"579708",2011-11-30 14:16:00.000,12682,59
C548375,2011-03-30 16:39:00.000,14256,35
"542921",2011-02-02 07:58:00.000,15838,35
"566298",2011-09-11 15:52:00.000,14030,18
"550030",2011-04-14 11:28:00.000,17315,52
"575499",2011-11-10 09:56:00.000,16003,60
"551192",2011-04-27 10:54:00.000,16188,35
"579462",2011-11-29 14:43:00.000,13211,54
"543547",2011-02-09 16:57:00.000,17358,56
"577088",2011-11-17 15:59:00.000,15267,18
"541845",2011-01-23 12:41:00.000,15167,34
"575179",2011-11-09 08:11:00.000,14284,54
C579992,2011-12-01 11:21:00.000,13408,60
"554271",2011-05-23 13:06:00.000,16422,59
"552646",2011-05-10 13:26:00.000,14078,56
"551959",2011-05-05 12:38:00.000,13883,36
"558057",2011-06-24 14:57:00.000,15665,53
"542004",2011-01-25 11:08:00.000,12971,34
"546569",2011-03-15 10:53:00.000,14016,33
"572868",2011-10-26 13:20:00.000,17564,53
"562570",2011-08-07 12:10:00.000,14079,18
C545457,2011-03-02 17:18:00.000,17428,34
"564636",2011-08-26 12:44:00.000,17146,36
C574524,2011-11-04 13:53:00.000,17841,36
"558731",2011-07-01 14:53:00.000,13285,18
"557954",2011-06-23 18:44:00.000,15023,56
"546828",2011-03-17 11:56:00.000,13185,9
"574015",2011-11-02 12:03:00.000,15576,9
"571104",2011-10-13 15:58:00.000,18130,52
"573510",2011-10-31 12:21:00.000,14808,60
"553540",2011-05-17 15:32:00.000,17511,18
"579768",2011-11-30 15:08:00.000,14911,33
"560601",2011-07-19 17:17:00.000,16764,35
"541274",2011-01-17 11:24:00.000,15696,52
"567976",2011-09-23 10:26:00.000,13127,59
"580033",2011-12-01 12:18:00.000,14282,9
"574687",2011-11-06 13:02:00.000,17581,34
"575075",2011-11-08 13:19:00.000,13975,55
"549743",2011-04-12 10:05:00.000,16186,36
"566048",2011-09-08 14:21:00.000,16558,53
"567483",2011-09-20 13:45:00.000,16584,54
"577092",2011-11-17 16:35:00.000,15136,56
"566188",2011-09-09 13:14:00.000,14312,53
"577104",2011-11-17 17:13:00.000,12747,60
"570521",2011-10-11 10:43:00.000,12371,35
"565209",2011-09-01 16:59:00.000,15910,34
"537897",2010-12-09 10:37:00.000,12683,55
C549731,2011-04-11 16:36:00.000,13266,34
"562908",2011-08-10 12:48:00.000,16839,53
"573386",2011-10-30 14:27:00.000,17183,54
"580137",2011-12-01 19:54:00.000,17566,59
"569097",2011-09-30 12:06:00.000,12731,53
"568537",2011-09-27 14:04:00.000,15061,36
C557660,2011-06-21 17:43:00.000,13999,18
"540411",2011-01-07 10:24:00.000,16551,56
"560241",2011-07-17 12:02:00.000,13967,35
"558362",2011-06-28 15:14:00.000,16029,54
"547568",2011-03-24 09:50:00.000,13341,34
"546528",2011-03-14 13:04:00.000,15311,59
"566441",2011-09-12 15:23:00.000,17719,35
"576094",2011-11-14 09:12:00.000,16401,52
C567704,2011-09-22 09:41:00.000,17716,53
"561396",2011-07-27 10:40:00.000,13458,36
"562200",2011-08-03 12:21:00.000,17719,33
C546735,2011-03-16 11:50:00.000,16029,54
"562595",2011-08-07 15:52:00.000,17602,56
"537244",2010-12-06 10:20:00.000,17674,18
"577730",2011-11-21 12:59:00.000,17253,18
"567660",2011-09-21 15:02:00.000,17731,53
C567198,2011-09-19 10:11:00.000,14159,55
"566124",2011-09-09 11:15:00.000,16515,53
"555112",2011-05-31 14:48:00.000,17725,34
"577407",2011-11-20 10:37:00.000,14739,9
C541501,2011-01-18 15:26:00.000,13458,9
"540120",2011-01-05 10:08:00.000,17675,36
"542636",2011-01-31 10:44:00.000,18239,53
"568320",2011-09-26 13:35:00.000,17674,59
"543449",2011-02-08 12:12:00.000,16553,53
C563948,2011-08-22 10:30:00.000,13089,53
"544463",2011-02-20 14:31:00.000,12988,60
"551028",2011-04-26 11:30:00.000,13842,53
"573284",2011-10-28 14:27:00.000,13812,33
"574485",2011-11-04 12:56:00.000,13798,54
"580046",2011-12-01 12:42:00.000,16156,55
"562088",2011-08-02 12:35:00.000,13094,56
"555472",2011-06-03 11:46:00.000,16701,34
"570266",2011-10-10 10:10:00.000,15125,55
"568142",2011-09-25 11:22:00.000,16744,53
"546521",2011-03-14 12:34:00.000,16013,54
"547045",2011-03-20 11:37:00.000,17856,52
"574033",2011-11-02 12:44:00.000,16558,52
"564364",2011-08-24 16:24:00.000,15434,60
"564231",2011-08-24 10:22:00.000,13468,9
"549835",2011-04-12 13:24:00.000,17511,34
"542141",2011-01-26 08:38:00.000,14548,60
"558714",2011-07-01 13:17:00.000,17888,60
"541431",2011-01-18 10:01:00.000,12346,54
"550625",2011-04-19 14:02:00.000,12619,52
"579285",2011-11-29 10:56:00.000,14180,35
C578144,2011-11-23 11:06:00.000,16201,36
"549310",2011-04-08 09:20:00.000,16325,34
C564996,2011-08-31 16:10:00.000,17677,52
"538470",2010-12-12 12:34:00.000,15224,59
"574723",2011-11-06 14:45:00.000,15150,56
C561649,2011-07-28 15:27:00.000,15746,35
"543043",2011-02-02 17:15:00.000,17848,54
"567186",2011-09-18 16:04:00.000,17073,53
"569522",2011-10-04 14:41:00.000,12664,60
"553042",2011-05-13 09:01:00.000,15845,54
"576386",2011-11-15 09:42:00.000,13777,60
"551821",2011-05-04 12:20:00.000,16942,53
"552890",2011-05-12 10:45:00.000,14233,52
"568397",2011-09-27 10:24:00.000,15745,33
"545339",2011-03-02 08:26:00.000,14292,18
"538596",2010-12-13 12:10:00.000,17990,52
"537210",2010-12-05 15:15:00.000,15953,59
"555491",2011-06-03 14:10:00.000,16525,36
"541291",2011-01-17 13:25:00.000,14667,53
"566452",2011-09-12 16:14:00.000,14901,55
"556576",2011-06-13 13:55:00.000,14606,33
"564432",2011-08-25 11:40:00.000,13517,33
"575218",2011-11-09 11:16:00.000,16592,54
"577735",2011-11-21 13:14:00.000,14482,59
"557313",2011-06-19 15:56:00.000,13524,18
"550342",2011-04-17 15:55:00.000,13018,33
"547875",2011-03-27 15:40:00.000,13408,56
"568193",2011-09-25 14:37:00.000,17107,60
"559985",2011-07-14 11:46:00.000,16488,55
"581571",2011-12-09 12:00:00.000,15311,56
"568954",2011-09-29 15:32:00.000,13576,56
"564669",2011-08-26 15:38:00.000,16872,59
"536613",2010-12-02 09:44:00.000,17855,18
"581467",2011-12-08 19:24:00.000,13077,18
"562540",2011-08-05 15:38:00.000,17400,35
"550938",2011-04-21 15:16:00.000,16019,36
"565648",2011-09-05 16:22:00.000,18196,60
"575755",2011-11-11 10:45:00.000,17015,55
"576564",2011-11-15 13:32:00.000,15311,56
C568879,2011-09-29 12:38:00.000,14680,54
"551563",2011-05-03 10:55:00.000,16210,34
"546462",2011-03-14 10:55:00.000,12845,53
"554092",2011-05-22 12:41:00.000,17176,52
"557026",2011-06-16 13:14:00.000,16571,52
"562566",2011-08-07 10:55:00.000,16954,54
C559705,2011-07-12 09:58:00.000,15719,59
"547884",2011-03-28 09:07:00.000,13481,59
"572319",2011-10-23 16:19:00.000,14704,18
"565324",2011-09-02 13:18:00.000,13232,18
"572472",2011-10-24 13:34:00.000,14139,53
"564173",2011-08-23 14:23:00.000,12567,53
C542097,2011-01-25 12:52:00.000,14215,18
"555578",2011-06-05 15:54:00.000,15301,18
"562598",2011-08-08 10:00:00.000,15152,36
"569727",2011-10-06 09:37:00.000,12500,59
"545707",2011-03-07 09:35:00.000,13881,53
C538530,2010-12-13 10:26:00.000,14796,36
"580164",2011-12-02 11:16:00.000,18097,34
"547914",2011-03-28 12:35:00.000,12594,9
"537896",2010-12-09 10:33:00.000,18071,54
"548868",2011-04-04 14:28:00.000,13015,36
"555836",2011-06-07 12:36:00.000,13098,9
"576932",2011-11-17 11:12:00.000,15443,55
"550992",2011-04-21 19:05:00.000,14512,60
C564941,2011-08-31 13:18:00.000,13709,36
C567964,2011-09-23 09:20:00.000,12995,18
"543191",2011-02-04 11:54:00.000,13137,55
"565470",2011-09-05 10:06:00.000,12576,36
C543368,2011-02-07 14:46:00.000,18245,59
"573551",2011-10-31 13:35:00.000,15044,59
"569716",2011-10-06 08:17:00.000,15804,52
"561614",2011-07-28 12:50:00.000,13871,54
"556190",2011-06-09 12:01:00.000,15780,33
"551125",2011-04-26 12:47:00.000,17277,60
"568204",2011-09-25 15:25:00.000,13670,53
"559422",2011-07-08 12:00:00.000,12553,18
"572295",2011-10-23 13:49:00.000,16686,34
C559531,2011-07-10 12:07:00.000,14808,9
"568727",2011-09-28 16:38:00.000,15796,35
"568313",2011-09-26 12:56:00.000,14908,36
"568551",2011-09-27 14:58:00.000,14883,9
"543648",2011-02-11 08:45:00.000,15114,59
"555160",2011-06-01 09:18:00.000,14646,9
"547800",2011-03-25 12:55:00.000,14504,54
"554099",2011-05-22 13:20:00.000,16341,59
C581071,2011-12-07 11:27:00.000,12375,55
"577801",2011-11-21 17:04:00.000,17629,60
"539561",2010-12-20 11:41:00.000,16422,54
"567657",2011-09-21 14:43:00.000,12523,56
"581461",2011-12-08 18:51:00.000,13318,55
"576060",2011-11-13 15:25:00.000,13681,35
"541473",2011-01-18 11:30:00.000,17491,34
"538296",2010-12-10 13:06:00.000,13148,60
"547510",2011-03-23 13:42:00.000,15245,9
"559699",2011-07-12 08:52:00.000,12682,53
"573393",2011-10-30 15:08:00.000,14158,33
C569951,2011-10-06 18:29:00.000,16394,59
"577726",2011-11-21 12:40:00.000,15676,60
"569914",2011-10-06 16:54:00.000,14257,60
C575052,2011-11-08 12:17:00.000,14232,33
"549012",2011-04-05 14:51:00.000,16394,53
"543005",2011-02-02 12:42:00.000,16378,18
"556216",2011-06-09 14:15:00.000,15252,60
"537215",2010-12-05 15:38:00.000,12747,54
"575222",2011-11-09 11:33:00.000,16880,35
"548408",2011-03-31 10:26:00.000,17438,60
C542078,2011-01-25 12:11:00.000,12854,9
"546861",2011-03-17 15:03:00.000,14911,59
"542602",2011-01-30 12:09:00.000,15579,56
C574347,2011-11-04 10:28:00.000,12500,35
"556442",2011-06-10 15:22:00.000,15098,59
"575508",2011-11-10 10:32:00.000,14646,55
"536416",2010-12-01 11:58:00.000,13255,36
C550825,2011-04-21 10:00:00.000,18177,34
"571065",2011-10-13 14:59:00.000,12613,36
"541126",2011-01-14 10:10:00.000,15626,34
"545872",2011-03-07 14:51:00.000,15752,53
"572035",2011-10-20 12:03:00.000,14646,36
"544337",2011-02-18 08:34:00.000,13425,9
"556206",2011-06-09 13:46:00.000,14911,59
"565214",2011-09-01 17:20:00.000,14911,52
"571446",2011-10-17 13:46:00.000,14911,34
"553374",2011-05-16 14:51:00.000,14489,9
"560731",2011-07-20 14:54:00.000,16149,34
"546436",2011-03-14 09:42:00.000,14962,35
"567962",2011-09-23 09:19:00.000,15838,52
"548617",2011-04-01 11:50:00.000,16592,55
C542799,2011-02-01 11:12:00.000,14606,59
"539379",2010-12-17 11:43:00.000,15780,55
"562710",2011-08-08 14:37:00.000,14298,35
"547039",2011-03-20 10:51:00.000,14560,60
"544802",2011-02-23 13:57:00.000,13149,52
"571312",2011-10-17 10:42:00.000,12474,52
"548410",2011-03-31 10:29:00.000,12731,36
"559505",2011-07-08 15:16:00.000,16398,33
"568214",2011-09-26 07:35:00.000,12823,34
"555515",2011-06-05 10:47:00.000,17690,59
"541093",2011-01-13 13:21:00.000,12471,54
"549933",2011-04-13 11:04:00.000,15230,56
"560010",2011-07-14 12:48:00.000,13178,55
"554050",2011-05-20 14:54:00.000,18048,54
"541590",2011-01-19 14:50:00.000,13310,56
"580542",2011-12-05 09:04:00.000,15358,36
"539011",2010-12-15 13:25:00.000,14201,59
C542261,2011-01-26 17:13:00.000,17306,53
"572652",2011-10-25 12:11:00.000,15805,18
"572073",2011-10-20 13:46:00.000,13263,34
"547154",2011-03-21 12:06:00.000,15299,35
"559982",2011-07-14 11:34:00.000,12915,18
"567424",2011-09-20 11:16:00.000,16369,36
"549754",2011-04-12 11:32:00.000,13700,35
"548005",2011-03-29 10:49:00.000,14128,60
"578011",2011-11-22 12:52:00.000,15150,36
"566305",2011-09-12 09:26:00.000,14110,36
"572308",2011-10-23 15:27:00.000,12748,9
"556882",2011-06-15 12:21:00.000,14395,36
"540402",2011-01-07 09:31:00.000,16567,59
"564330",2011-08-24 13:57:00.000,13411,56
C556535,2011-06-13 12:23:00.000,17169,54
"548336",2011-03-30 14:06:00.000,13082,36
"555257",2011-06-01 15:28:00.000,17596,53
"538999",2010-12-15 12:09:00.000,16003,52
"575918",2011-11-11 16:58:00.000,17191,56
"550608",2011-04-19 12:19:00.000,12901,53
"553710",2011-05-18 15:35:00.000,17338,60
"569690",2011-10-05 15:04:00.000,15351,9
"574701",2011-11-06 13:54:00.000,15426,36
"544162",2011-02-16 13:00:00.000,14959,9
C549013,2011-04-05 14:52:00.000,15648,9
"567977",2011-09-23 10:31:00.000,17388,56
"539094",2010-12-16 10:12:00.000,13021,35
"558761",2011-07-03 12:52:00.000,15033,18
"576859",2011-11-16 15:56:00.000,18167,56
"563730",2011-08-18 17:43:00.000,14221,35
"579510",2011-11-29 16:44:00.000,14554,59
C572991,2011-10-27 10:56:00.000,17672,33
"572763",2011-10-26 09:54:00.000,12812,60
C547858,2011-03-27 12:16:00.000,14911,59
"560500",2011-07-19 11:08:00.000,17975,54
"561488",2011-07-27 13:51:00.000,16609,54
"571158",2011-10-14 10:25:00.000,14606,18
C569988,2011-10-06 19:57:00.000,17231,35
C572473,2011-10-24 13:34:00.000,18188,33
"566396",2011-09-12 12:51:00.000,14292,9
"574072",2011-11-02 14:58:00.000,15414,34
C554849,2011-05-26 19:58:00.000,17865,36
"573576",2011-10-31 14:09:00.000,14096,60
"554702",2011-05-26 09:45:00.000,15805,52
"554080",2011-05-22 11:42:00.000,16931,59
"539046",2010-12-15 15:50:00.000,17980,53
"552264",2011-05-08 11:38:00.000,14959,9
"552184",2011-05-06 13:43:00.000,13741,54
"566295",2011-09-11 15:44:00.000,15547,18
"563243",2011-08-15 10:29:00.000,18241,54
"577721",2011-11-21 12:24:00.000,13167,36
"566934",2011-09-15 15:34:00.000,18102,9
C562808,2011-08-09 15:10:00.000,18282,18
"569339",2011-10-03 14:18:00.000,15299,60
"556906",2011-06-15 13:07:00.000,12843,52
"546036",2011-03-09 09:52:00.000,14645,54
"545901",2011-03-07 17:52:00.000,15834,36
C557943,2011-06-23 16:09:00.000,14217,59
"551618",2011-05-03 11:42:00.000,16013,53
C547031,2011-03-20 10:17:00.000,15465,34
C570194,2011-10-07 15:36:00.000,16918,36
"572322",2011-10-24 09:34:00.000,13138,52
"581003",2011-12-07 08:38:00.000,14911,35
"579517",2011-11-29 18:02:00.000,12748,34
"573579",2011-10-31 14:19:00.000,15033,36
"562521",2011-08-05 12:48:00.000,17457,52
C567767,2011-09-22 10:58:00.000,17460,18
C561370,2011-07-26 16:22:00.000,17693,33
"566061",2011-09-08 15:36:00.000,13267,18
"552815",2011-05-11 12:46:00.000,17677,36
"557010",2011-06-16 11:48:00.000,14289,9
"575611",2011-11-10 12:46:00.000,17861,52
"576600",2011-11-15 15:08:00.000,18181,33
"546791",2011-03-17 10:38:00.000,17716,36
"573123",2011-10-27 16:23:00.000,13654,33
"571142",2011-10-14 10:21:00.000,14567,52
"578044",2011-11-22 14:41:00.000,13488,56
"552284",2011-05-08 12:48:00.000,18149,55
"545429",2011-03-02 14:46:00.000,15031,54
"539551",2010-12-20 11:38:00.000,12721,53
"537053",2010-12-05 11:38:00.000,16168,35
C552049,2011-05-06 10:00:00.000,17548,54
"553221",2011-05-16 09:58:00.000,16607,36
"544075",2011-02-15 14:50:00.000,14156,53
"557489",2011-06-20 14:58:00.000,12490,36
"567944",2011-09-22 19:54:00.000,14562,35
C546932,2011-03-18 11:01:00.000,16297,54
C571619,2011-10-18 10:58:00.000,16140,53
"577856",2011-11-22 11:19:00.000,12490,33
"581443",2011-12-08 16:58:00.000,13026,54
"544391",2011-02-18 11:53:00.000,15755,56
C543980,2011-02-14 16:39:00.000,14189,34
"570864",2011-10-12 15:41:00.000,16945,59
"542528",2011-01-28 13:04:00.000,13141,33
C559666,2011-07-11 13:37:00.000,14389,52
"539636",2010-12-20 15:15:00.000,12481,9
"544092",2011-02-16 09:03:00.000,17512,56
"555979",2011-06-08 11:18:00.000,15039,60
"555565",2011-06-05 15:06:00.000,15298,55
C538701,2010-12-14 10:25:00.000,16863,9
"563850",2011-08-19 15:06:00.000,15311,9
"543735",2011-02-11 12:32:00.000,16191,33
"568797",2011-09-29 10:22:00.000,13694,60
"570699",2011-10-12 09:20:00.000,15421,54
"562341",2011-08-04 12:13:00.000,15005,54
"554280",2011-05-23 13:35:00.000,14817,59
"578441",2011-11-24 12:24:00.000,17133,54
"544317",2011-02-17 14:51:00.000,18138,36
C553910,2011-05-19 19:02:00.000,18168,35
C551712,2011-05-03 15:04:00.000,13267,55
"577030",2011-11-17 12:59:00.000,14060,59
"562421",2011-08-04 16:41:00.000,15241,35
C579876,2011-11-30 17:02:00.000,18059,55
"543165",2011-02-03 19:58:00.000,13230,56
"568154",2011-09-25 12:06:00.000,13787,53
"537441",2010-12-06 17:26:00.000,13564,33
"577541",2011-11-20 14:31:00.000,16899,53
"581379",2011-12-08 12:50:00.000,13954,9
"576511",2011-11-15 12:07:00.000,13846,33
"554091",2011-05-22 12:35:00.000,13657,55
"543650",2011-02-11 09:17:00.000,12980,60
"546848",2011-03-17 12:53:00.000,13533,34
"550974",2011-04-21 17:10:00.000,13862,34
"538843",2010-12-14 13:18:00.000,16033,35
"578901",2011-11-27 11:47:00.000,17812,55
"571108",2011-10-13 16:24:00.000,14555,18
"579003",2011-11-28 08:48:00.000,14741,60
"571099",2011-10-13 15:43:00.000,13911,35
"557888",2011-06-23 13:51:00.000,14656,56
"544474",2011-02-21 09:52:00.000,12423,34
"557788",2011-06-22 16:32:00.000,14088,55
"567794",2011-09-22 11:41:00.000,17581,52
"550634",2011-04-19 15:02:00.000,14298,36
"580670",2011-12-05 14:26:00.000,18044,53
"544471",2011-02-21 08:50:00.000,18094,56
"547503",2011-03-23 12:44:00.000,13132,52
C561104,2011-07-25 11:36:00.000,12576,36
"550775",2011-04-20 13:18:00.000,15805,35
C560242,2011-07-17 12:03:00.000,14659,60
"580622",2011-12-05 12:09:00.000,17006,56
C541503,2011-01-18 15:31:00.000,15291,52
"579936",2011-12-01 10:07:00.000,12901,9
C544433,2011-02-18 15:59:00.000,15601,54
"574070",2011-11-02 14:52:00.000,16748,56
"557569",2011-06-21 10:46:00.000,12474,55
"551412",2011-04-28 13:31:00.000,15508,60
"570649",2011-10-11 13:12:00.000,17659,56
"548634",2011-04-01 12:26:00.000,12877,54
"570795",2011-10-12 12:16:00.000,17193,35
"540940",2011-01-12 12:12:00.000,18109,18
"557009",2011-06-16 11:38:00.000,14321,54
"549257",2011-04-07 12:29:00.000,14465,36
"566583",2011-09-13 13:55:00.000,15343,54
"540635",2011-01-10 12:03:00.000,14229,59
"543675",2011-02-11 11:31:00.000,16013,53
"560255",2011-07-17 13:08:00.000,16054,56
"538968",2010-12-15 11:34:00.000,15384,36
C562651,2011-08-08 13:25:00.000,16951,53
"563498",2011-08-16 16:17:00.000,17719,33
"546029",2011-03-09 08:59:00.000,15206,34
"546310",2011-03-10 16:26:00.000,15291,33
"550651",2011-04-19 16:52:00.000,15436,59
"562450",2011-08-05 08:40:00.000,12562,52
"560240",2011-07-17 11:59:00.000,15716,33
"568686",2011-09-28 14:26:00.000,16115,9
"566872",2011-09-15 13:28:00.000,16729,60
C567953,2011-09-23 08:28:00.000,18198,53
"560646",2011-07-20 11:28:00.000,18102,34
"537623",2010-12-07 14:31:00.000,15858,59
"573144",2011-10-27 17:57:00.000,18035,52
"569480",2011-10-04 12:42:00.000,13408,59
C580989,2011-12-06 16:42:00.000,12709,60
"569262",2011-10-03 11:36:00.000,14815,34
"566591",2011-09-13 14:53:00.000,16036,52
C551508,2011-04-28 18:16:00.000,13102,52
"571628",2011-10-18 11:13:00.000,15311,35
C573010,2011-10-27 12:29:00.000,13735,59
"573094",2011-10-27 14:39:00.000,15707,55
C540378,2011-01-06 17:32:00.000,13715,55
C538099,2010-12-09 14:58:00.000,15279,35
C567535,2011-09-21 09:50:00.000,15253,33
"550160",2011-04-14 15:46:00.000,17930,53
"558192",2011-06-27 12:23:00.000,16029,9
"558900",2011-07-04 16:06:00.000,15349,34
"578681",2011-11-25 08:41:00.000,13579,9
"576900",2011-11-17 08:53:00.000,15489,52
C574503,2011-11-04 13:19:00.000,16191,35
"537037",2010-12-05 10:03:00.000,17243,52
"573100",2011-10-27 14:49:00.000,17528,56
"549289",2011-04-07 18:09:00.000,14395,35
"540073",2011-01-04 14:47:00.000,16814,60
"556684",2011-06-14 09:57:00.000,12901,33
"547068",2011-03-20 13:48:00.000,13985,53
"580737",2011-12-06 09:05:00.000,14140,56
"538830",2010-12-14 13:01:00.000,14298,56
"545524",2011-03-03 12:53:00.000,17374,9
"570422",2011-10-10 13:37:00.000,14132,35
"536614",2010-12-02 09:44:00.000,17850,36
"541591",2011-01-19 14:52:00.000,15831,60
"566592",2011-09-13 14:53:00.000,15201,59
C544840,2011-02-24 11:06:00.000,16719,54
"541247",2011-01-16 12:44:00.000,12989,55
C538891,2010-12-14 16:39:00.000,16233,60
"555588",2011-06-06 09:16:00.000,16849,56
"570852",2011-10-12 14:48:00.000,13078,53
"545668",2011-03-04 17:02:00.000,14031,52
"544893",2011-02-24 12:01:00.000,17865,60
C569490,2011-10-04 13:15:00.000,12457,18
C548513,2011-03-31 15:54:00.000,13777,53
"546687",2011-03-16 09:58:00.000,16040,53
C538111,2010-12-09 15:24:00.000,17950,33
C576868,2011-11-16 16:19:00.000,18263,60
C576325,2011-11-14 15:13:00.000,15050,35
"563714",2011-08-18 15:51:00.000,14565,9
"536831",2010-12-02 17:40:00.000,16029,35
"576148",2011-11-14 10:50:00.000,15671,34
"555525",2011-06-05 11:40:00.000,14709,35
"554955",2011-05-27 14:55:00.000,17412,54
"576065",2011-11-13 15:42:00.000,15005,33
"536590",2010-12-01 16:52:00.000,13065,18
"580045",2011-12-01 12:39:00.000,13090,53
"579954",2011-12-01 11:10:00.000,16701,9
"564543",2011-08-25 15:49:00.000,16818,52
"578192",2011-11-23 11:42:00.000,16954,56
"572561",2011-10-25 08:51:00.000,13652,52
"581494",2011-12-09 10:13:00.000,12518,55
"568177",2011-09-25 13:30:00.000,13536,53
"569124",2011-09-30 13:15:00.000,15172,35
"563078",2011-08-11 16:30:00.000,15955,35
C570845,2011-10-12 14:29:00.000,17017,55
"564052",2011-08-22 13:40:00.000,15033,9
"572209",2011-10-21 12:08:00.000,18102,36
"540247",2011-01-05 15:56:00.000,15464,18
"559044",2011-07-05 15:37:00.000,17306,35
"548988",2011-04-05 13:07:00.000,17618,53
C570684,2011-10-11 16:24:00.000,14535,35
"575392",2011-11-09 15:42:00.000,14234,34
"573545",2011-10-31 13:12:00.000,16969,35
"563576",2011-08-17 15:06:00.000,12748,55
"580520",2011-12-04 14:55:00.000,13521,18
"576792",2011-11-16 14:11:00.000,17596,59
C572993,2011-10-27 10:58:00.000,16690,59
"569240",2011-10-03 09:30:00.000,18059,33
"578362",2011-11-24 10:39:00.000,12913,36
C539291,2010-12-16 16:42:00.000,18075,59
"548709",2011-04-03 12:46:00.000,17744,9
"563036",2011-08-11 14:55:00.000,14868,18
"555103",2011-05-31 13:58:00.000,17454,54
"573907",2011-11-01 15:17:00.000,13021,53
"572126",2011-10-21 09:04:00.000,16313,52
"564966",2011-08-31 15:08:00.000,17677,60
"564189",2011-08-23 15:34:00.000,14769,18
"568877",2011-09-29 12:31:00.000,14680,60
"547945",2011-03-28 14:59:00.000,14851,56
"547674",2011-03-24 13:59:00.000,15835,34
"569569",2011-10-05 09:59:00.000,18061,52
"537848",2010-12-08 15:35:00.000,13777,18
"539315",2010-12-16 18:23:00.000,18260,55
"540002",2011-01-04 10:23:00.000,16656,55
"573295",2011-10-28 15:54:00.000,14440,35
C540112,2011-01-04 17:14:00.000,15973,9
"546541",2011-03-14 15:11:00.000,14911,36
"545933",2011-03-08 12:04:00.000,13908,52
C540503,2011-01-09 10:59:00.000,13668,52
"541842",2011-01-23 12:07:00.000,16085,59
"552716",2011-05-11 09:36:00.000,12921,56
"570499",2011-10-11 09:19:00.000,12772,9
"571899",2011-10-19 14:22:00.000,16885,9
"559542",2011-07-10 13:32:00.000,17126,35
"560856",2011-07-21 13:06:00.000,16607,53
"560300",2011-07-18 10:29:00.000,14911,53
"553195",2011-05-15 13:45:00.000,12599,53
"567905",2011-09-22 16:37:00.000,12952,34
"540188",2011-01-05 13:57:00.000,16771,60
"557889",2011-06-23 13:51:00.000,12412,9
"580112",2011-12-01 15:56:00.000,13089,53
"568399",2011-09-27 10:26:00.000,16145,18
"561696",2011-07-29 10:06:00.000,13277,36
C546897,2011-03-17 18:25:00.000,18183,59
C569994,2011-10-06 20:33:00.000,15606,55
"547406",2011-03-23 08:26:00.000,16948,59
"564904",2011-08-31 12:11:00.000,15984,18
"556238",2011-06-09 15:35:00.000,13397,33
"574703",2011-11-06 13:59:00.000,15426,33
"554641",2011-05-25 12:06:00.000,17770,18
"576846",2011-11-16 15:35:00.000,13500,60
"574466",2011-11-04 11:53:00.000,18172,60
"561968",2011-08-01 13:29:00.000,16332,52
"557774",2011-06-22 15:00:00.000,13695,34
"542724",2011-01-31 14:59:00.000,16779,33
"541673",2011-01-20 13:02:00.000,14735,33
"542780",2011-02-01 09:38:00.000,17675,33
"571912",2011-10-19 15:26:00.000,17512,60
C556640,2011-06-13 15:44:00.000,13148,53
"550781",2011-04-20 13:43:00.000,13097,55
"557267",2011-06-19 11:23:00.000,16805,52
"546015",2011-03-08 16:48:00.000,14336,9
"550957",2011-04-21 16:37:00.000,18283,9
"546751",2011-03-16 12:45:00.000,13668,54
"577837",2011-11-22 10:30:00.000,14834,59
"576894",2011-11-17 08:35:00.000,12681,18
"578246",2011-11-23 12:38:00.000,13991,35
"578815",2011-11-25 13:42:00.000,13860,52
"562880",2011-08-10 10:53:00.000,15838,9
"581477",2011-12-09 08:59:00.000,13426,9
C551017,2011-04-26 11:16:00.000,17975,56
"543288",2011-02-07 10:14:00.000,17302,9
"539446",2010-12-17 15:58:00.000,12705,18
"550774",2011-04-20 13:18:00.000,14626,56
"548864",2011-04-04 14:00:00.000,15756,34
"571504",2011-10-17 15:19:00.000,16133,60
"572852",2011-10-26 12:24:00.000,12879,18
"536535",2010-12-01 13:38:00.000,15605,35
"557743",2011-06-22 11:59:00.000,18155,55
"541706",2011-01-21 10:35:00.000,18061,60
C574512,2011-11-04 13:28:00.000,12577,35
"559419",2011-07-08 11:41:00.000,16029,34
"571890",2011-10-19 14:05:00.000,16826,59
"553868",2011-05-19 14:24:00.000,16998,59
"571913",2011-10-19 15:29:00.000,18210,52
"576640",2011-11-16 09:44:00.000,13894,55
"572121",2011-10-20 19:51:00.000,17092,59
"558868",2011-07-04 12:47:00.000,13266,36
"572744",2011-10-25 16:14:00.000,14085,53
"553496",2011-05-17 12:47:00.000,14410,33
"546165",2011-03-10 10:08:00.000,18183,53
C574078,2011-11-02 16:16:00.000,14911,60
"555098",2011-05-31 13:39:00.000,16333,18
"560927",2011-07-22 09:55:00.000,13078,54
"569661",2011-10-05 13:10:00.000,17483,34
"569140",2011-09-30 14:59:00.000,14503,36
"571058",2011-10-13 14:18:00.000,13853,52
"545559",2011-03-03 15:31:00.000,15005,36
C559470,2011-07-08 13:38:00.000,15615,9
C541201,2011-01-14 12:05:00.000,13081,33
"578633",2011-11-24 16:31:00.000,16616,59
"571279",2011-10-16 12:54:00.000,16466,55
"568417",2011-09-27 11:10:00.000,14911,9
"579673",2011-11-30 12:59:00.000,18283,60
C571856,2011-10-19 13:37:00.000,17063,34
"550193",2011-04-15 09:27:00.000,13952,36
"566047",2011-09-08 14:19:00.000,17370,36
"543280",2011-02-06 14:56:00.000,14438,56
"559554",2011-07-11 10:12:00.000,14258,53
"563430",2011-08-16 11:50:00.000,14918,35
"565381",2011-09-02 15:23:00.000,16173,36
"576922",2011-11-17 10:51:00.000,17613,18
"547489",2011-03-23 11:44:00.000,17830,60
"557858",2011-06-23 11:51:00.000,14159,54
"578816",2011-11-25 13:44:00.000,14111,54
"555949",2011-06-08 10:50:00.000,16626,53
"541978",2011-01-24 14:46:00.000,13551,18
"563662",2011-08-18 11:40:00.000,12729,35
"542903",2011-02-01 14:46:00.000,15107,53
"567189",2011-09-19 09:10:00.000,17069,53
"546105",2011-03-09 12:21:00.000,14662,33
"538355",2010-12-10 15:49:00.000,17912,53
"574468",2011-11-04 11:54:00.000,18172,9
"541841",2011-01-23 11:53:00.000,14450,59
"579473",2011-11-29 15:17:00.000,13198,34
"574881",2011-11-07 13:30:00.000,12832,9
"581572",2011-12-09 12:08:00.000,16705,9
"554665",2011-05-25 14:44:00.000,14336,52
"562585",2011-08-07 14:27:00.000,14053,59
"579854",2011-11-30 16:26:00.000,14713,53
"571551",2011-10-18 08:28:00.000,15637,35
C552722,2011-05-11 10:17:00.000,12720,35
"575734",2011-11-11 08:39:00.000,12384,60
"565084",2011-09-01 09:39:00.000,17306,33
"572068",2011-10-20 13:20:00.000,13159,33
"562373",2011-08-04 14:33:00.000,16672,35
"565736",2011-09-06 12:27:00.000,13784,36
"561007",2011-07-22 15:21:00.000,15640,59
"563659",2011-08-18 11:00:00.000,13694,55
"556461",2011-06-12 10:15:00.000,13798,36
"550637",2011-04-19 15:39:00.000,14415,35
"576598",2011-11-15 15:05:00.000,13437,54
"559254",2011-07-07 11:56:00.000,16814,54
"536388",2010-12-01 09:59:00.000,16250,60
"538086",2010-12-09 14:44:00.000,12872,35
"552871",2011-05-12 08:52:00.000,12693,54
"560879",2011-07-21 15:23:00.000,16654,35
"536620",2010-12-02 10:27:00.000,14135,34
"541202",2011-01-14 12:09:00.000,17581,34
"557146",2011-06-17 10:44:00.000,17139,56
"568531",2011-09-27 13:49:00.000,16713,33
"566932",2011-09-15 15:29:00.000,17576,36
"568552",2011-09-27 15:16:00.000,14824,35
"537055",2010-12-05 11:45:00.000,16814,54
"577302",2011-11-18 12:57:00.000,17904,55
C557054,2011-06-16 14:43:00.000,17828,33
"574024",2011-11-02 12:23:00.000,17410,54
C547798,2011-03-25 12:43:00.000,17204,35
"538371",2010-12-12 11:07:00.000,15570,52
"553931",2011-05-20 10:27:00.000,14911,53
"563544",2011-08-17 12:10:00.000,17937,59
"546765",2011-03-16 14:37:00.000,12437,54
"550918",2011-04-21 14:03:00.000,17630,18
"569027",2011-09-30 10:19:00.000,13089,34
"556290",2011-06-10 09:23:00.000,17088,60
C566941,2011-09-15 16:14:00.000,13136,36
"556811",2011-06-14 16:52:00.000,14997,55
"555653",2011-06-06 14:12:00.000,17673,35
"549299",2011-04-08 08:20:00.000,13995,18
C572532,2011-10-24 16:03:00.000,12380,59
"537130",2010-12-05 12:23:00.000,17796,53
"565993",2011-09-08 11:46:00.000,13013,55
"578109",2011-11-23 09:22:00.000,14020,53
"575955",2011-11-13 12:05:00.000,14044,9
C562845,2011-08-10 09:21:00.000,14903,9
C537143,2010-12-05 12:58:00.000,12748,59
"576606",2011-11-15 15:33:00.000,13410,9
"560364",2011-07-18 12:15:00.000,16705,52
"541949",2011-01-24 12:08:00.000,18136,55
"558701",2011-07-01 12:34:00.000,16866,52
"538268",2010-12-10 12:45:00.000,18065,9
"550915",2011-04-21 13:30:00.000,13263,35
"542503",2011-01-28 11:58:00.000,16327,35
"541972",2011-01-24 13:58:00.000,12935,35
"559889",2011-07-13 11:48:00.000,12678,53
"561030",2011-07-24 11:25:00.000,16407,18
"541125",2011-01-14 10:06:00.000,12474,56
"562907",2011-08-10 12:44:00.000,14116,59
"544602",2011-02-22 09:01:00.000,13767,9
"568213",2011-09-25 16:06:00.000,15214,36
C537039,2010-12-05 10:25:00.000,15708,55
"561675",2011-07-28 17:33:00.000,17483,34
"537761",2010-12-08 11:43:00.000,13126,35
"567200",2011-09-19 10:15:00.000,16460,56
"538497",2010-12-12 12:44:00.000,14684,36
"574035",2011-11-02 12:45:00.000,14606,52
C539037,2010-12-15 14:42:00.000,12666,35
"561053",2011-07-24 13:13:00.000,16684,35
"539222",2010-12-16 13:00:00.000,14621,9
"565931",2011-09-08 10:35:00.000,12683,9
"542538",2011-01-28 13:54:00.000,15079,55
"554060",2011-05-20 16:55:00.000,18008,36
"536569",2010-12-01 15:35:00.000,16274,52
"561088",2011-07-25 09:50:00.000,15144,56
"544887",2011-02-24 11:54:00.000,17364,55
"539408",2010-12-17 12:56:00.000,12720,54
"548256",2011-03-30 10:50:00.000,17775,34
"538370",2010-12-12 11:06:00.000,16923,56
"569007",2011-09-29 18:51:00.000,17552,56
"550359",2011-04-18 10:41:00.000,17841,35
"577497",2011-11-20 12:22:00.000,17555,54
"574045",2011-11-02 13:18:00.000,13854,60
"579193",2011-11-28 15:47:00.000,12657,18
C562962,2011-08-11 10:26:00.000,17579,9
"571190",2011-10-14 11:43:00.000,17771,59
"544286",2011-02-17 12:29:00.000,13151,59
"544035",2011-02-15 11:30:00.000,13893,33
"546776",2011-03-16 16:08:00.000,17460,56
"559673",2011-07-11 14:10:00.000,13224,53
C551585,2011-05-03 11:23:00.000,12483,34
"580723",2011-12-05 17:09:00.000,15856,34
"542520",2011-01-28 12:21:00.000,15547,53
"564747",2011-08-28 16:09:00.000,14869,35
"556116",2011-06-09 09:44:00.000,15214,35
"555917",2011-06-07 16:21:00.000,17854,56
"575168",2011-11-08 17:19:00.000,15290,9
"551289",2011-04-27 14:18:00.000,18226,59
"565147",2011-09-01 13:53:00.000,16187,34
"546405",2011-03-11 16:05:00.000,17351,60
"575143",2011-11-08 15:37:00.000,13643,53
"551983",2011-05-05 14:32:00.000,17735,34
"552182",2011-05-06 13:38:00.000,14180,56
C545513,2011-03-03 12:02:00.000,15932,33
"536394",2010-12-01 10:39:00.000,13408,52
"557019",2011-06-16 12:45:00.000,15907,53
"559606",2011-07-11 11:38:00.000,14606,53
"571696",2011-10-18 14:47:00.000,15604,9
"548549",2011-03-31 19:55:00.000,16365,59
"550830",2011-04-21 10:29:00.000,13534,36
"552576",2011-05-10 12:26:00.000,13242,53
"539309",2010-12-16 17:49:00.000,16945,18
"577729",2011-11-21 12:53:00.000,15179,52
"578275",2011-11-23 13:46:00.000,15916,59
"556229",2011-06-09 14:43:00.000,12839,9
"564641",2011-08-26 13:16:00.000,13489,53
"539658",2010-12-21 09:34:00.000,17213,9
"575504",2011-11-10 10:29:00.000,14895,56
"561669",2011-07-28 17:09:00.000,12507,59
"553213",2011-05-16 09:49:00.000,13408,59
"559507",2011-07-08 15:22:00.000,15920,36
"565207",2011-09-01 16:46:00.000,16764,9
"572303",2011-10-23 14:56:00.000,18109,53
"561657",2011-07-28 16:04:00.000,17071,35
"546403",2011-03-11 15:22:00.000,16766,53
"550613",2011-04-19 12:26:00.000,16180,56
"562894",2011-08-10 12:35:00.000,12571,56
"540004",2011-01-04 10:37:00.000,13094,33
"573292",2011-10-28 15:10:00.000,14416,55
"561201",2011-07-25 15:08:00.000,14692,34
"550287",2011-04-15 14:15:00.000,14211,34
"537351",2010-12-06 12:23:00.000,16898,54
"539984",2010-12-23 14:58:00.000,14911,33
"559509",2011-07-08 15:25:00.000,15920,55
C566741,2011-09-14 14:55:00.000,15618,35
C560558,2011-07-19 13:22:00.000,12921,55
"553891",2011-05-19 16:47:00.000,16839,59
"568795",2011-09-29 10:19:00.000,17870,52
"571916",2011-10-19 15:34:00.000,14776,60
C543792,2011-02-11 17:14:00.000,13725,34
"562518",2011-08-05 12:30:00.000,16818,9
"561118",2011-07-25 12:25:00.000,15781,56
"550937",2011-04-21 15:16:00.000,13223,56
"568062",2011-09-23 13:18:00.000,14014,56
"577751",2011-11-21 14:34:00.000,12904,53
"561331",2011-07-26 14:24:00.000,16809,54
"549360",2011-04-08 11:23:00.000,17035,9
"568667",2011-09-28 13:00:00.000,14606,54
"543983",2011-02-15 09:20:00.000,16979,18
"542350",2011-01-27 12:11:00.000,16949,34
"561468",2011-07-27 13:00:00.000,12709,54
"576615",2011-11-15 16:42:00.000,17231,9
"538661",2010-12-13 15:42:00.000,15194,56
"567172",2011-09-18 13:29:00.000,18194,52
"575088",2011-11-08 14:00:00.000,13272,36
C551511,2011-04-28 19:49:00.000,14311,34
"541816",2011-01-21 15:56:00.000,17799,35
"561877",2011-07-31 12:16:00.000,16401,9
"561880",2011-07-31 12:44:00.000,13722,9
"545909",2011-03-08 09:45:00.000,15819,36
C539983,2010-12-23 14:49:00.000,15856,55
"548313",2011-03-30 12:15:00.000,15353,18
"580169",2011-12-02 11:38:00.000,17949,53
"580331",2011-12-02 15:53:00.000,13017,59
"578551",2011-11-24 15:05:00.000,12937,34
C565016,2011-08-31 16:28:00.000,15764,36
"568893",2011-09-29 13:03:00.000,15712,55
"560025",2011-07-14 13:00:00.000,18283,36
C549269,2011-04-07 12:47:00.000,16701,54
"545026",2011-02-25 14:51:00.000,15939,52
"538815",2010-12-14 12:30:00.000,18219,9
"546860",2011-03-17 14:47:00.000,18198,54
C540177,2011-01-05 12:42:00.000,16316,55
"573112",2011-10-27 15:33:00.000,16416,18
"555942",2011-06-08 10:14:00.000,15743,53
C541897,2011-01-24 11:30:00.000,15039,33
"576412",2011-11-15 11:21:00.000,13455,52
"555422",2011-06-03 10:37:00.000,12779,35
"554859",2011-05-27 10:16:00.000,14828,36
"543668",2011-02-11 11:17:00.000,18118,53
C542748,2011-01-31 16:53:00.000,15881,59
"574827",2011-11-07 11:09:00.000,14080,55
"541677",2011-01-20 14:01:00.000,12747,52
"566847",2011-09-15 11:57:00.000,15005,33
"568221",2011-09-26 10:05:00.000,14911,59
"580159",2011-12-02 10:45:00.000,17942,59
C573030,2011-10-27 13:34:00.000,15468,35
"540169",2011-01-05 12:20:00.000,14527,54
"543589",2011-02-10 11:41:00.000,17381,18
"565723",2011-09-06 11:29:00.000,14408,60
"564631",2011-08-26 11:54:00.000,17451,34
C575065,2011-11-08 12:40:00.000,13924,59
"570656",2011-10-11 14:10:00.000,16120,60
"576061",2011-11-13 15:29:00.000,13146,18
"559653",2011-07-11 12:49:00.000,14552,59
"574702",2011-11-06 13:54:00.000,15839,53
"570861",2011-10-12 15:27:00.000,14775,52
"553829",2011-05-19 11:28:00.000,16455,59
"550298",2011-04-15 16:11:00.000,17346,56
C575572,2011-11-10 11:33:00.000,17528,36
"565309",2011-09-02 12:25:00.000,15311,55
"551869",2011-05-04 16:36:00.000,16767,53
"554656",2011-05-25 13:36:00.000,17663,36
"539322",2010-12-16 19:22:00.000,14713,52
"552885",2011-05-12 10:15:00.000,14646,34
C566960,2011-09-15 17:02:00.000,12616,18
"554792",2011-05-26 12:38:00.000,12547,53
"552239",2011-05-06 16:54:00.000,14056,36
"569106",2011-09-30 12:36:00.000,17376,55
"546384",2011-03-11 13:03:00.000,15311,36
C550814,2011-04-20 16:41:00.000,16611,18
C571285,2011-10-16 14:26:00.000,16533,56
"564174",2011-08-23 14:25:00.000,14191,60
"537781",2010-12-08 12:46:00.000,17341,56
C541090,2011-01-13 12:52:00.000,17406,53
C569128,2011-09-30 13:34:00.000,15034,36
"547105",2011-03-21 11:20:00.000,13854,18
C557791,2011-06-22 16:36:00.000,14099,9
"578420",2011-11-24 11:57:00.000,16326,59
"540261",2011-01-06 09:57:00.000,13089,34
C546191,2011-03-10 10:57:00.000,16422,36
"575848",2011-11-11 12:10:00.000,14178,33
"556112",2011-06-09 09:28:00.000,13265,53
"549312",2011-04-08 09:26:00.000,14217,36
C557405,2011-06-20 11:28:00.000,12708,35
"553897",2011-05-19 17:23:00.000,14911,52
"581445",2011-12-08 17:12:00.000,17405,52
C539110,2010-12-16 11:10:00.000,16470,60
"574994",2011-11-08 11:03:00.000,17870,52
"544165",2011-02-16 13:11:00.000,14210,52
"553206",2011-05-16 08:16:00.000,14156,56
"551424",2011-04-28 14:34:00.000,12748,35
C539596,2010-12-20 13:51:00.000,13694,59
"555734",2011-06-07 08:21:00.000,17696,56
"568706",2011-09-28 15:32:00.000,14911,18
"541280",2011-01-17 11:57:00.000,15296,54
"546401",2011-03-11 15:14:00.000,17994,35
C559502,2011-07-08 14:53:00.000,13338,34
"547790",2011-03-25 12:04:00.000,12545,54
C571637,2011-10-18 11:55:00.000,14688,35
"574592",2011-11-06 10:49:00.000,14820,60
"560249",2011-07-17 12:26:00.000,17571,18
"543284",2011-02-07 09:36:00.000,14410,18
"579916",2011-12-01 08:57:00.000,15187,55
"561797",2011-07-29 13:37:00.000,13178,60
"557310",2011-06-19 15:33:00.000,13240,35
C538642,2010-12-13 14:37:00.000,12476,34
"557020",2011-06-16 12:51:00.000,13246,9
"553537",2011-05-17 15:25:00.000,14032,34
C546501,2011-03-14 11:45:00.000,12584,33
"578468",2011-11-24 12:33:00.000,16482,35
C557941,2011-06-23 16:00:00.000,12901,53
"574698",2011-11-06 13:48:00.000,14039,54
"553936",2011-05-20 10:32:00.000,15078,54
"543914",2011-02-14 13:19:00.000,14715,33
"573394",2011-10-30 15:10:00.000,13089,9
"565426",2011-09-04 12:41:00.000,12851,55
"577520",2011-11-20 13:20:00.000,14553,33
"569826",2011-10-06 12:25:00.000,18161,34
"575089",2011-11-08 14:02:00.000,13437,18
"573349",2011-10-30 12:28:00.000,17609,54
"580405",2011-12-04 12:02:00.000,14720,55
"579545",2011-11-30 10:18:00.000,13098,52
"566730",2011-09-14 13:31:00.000,14606,59
C554864,2011-05-27 10:36:00.000,15122,36
"580393",2011-12-04 10:51:00.000,16438,54
"538156",2010-12-09 16:53:00.000,15555,55
C539054,2010-12-15 16:34:00.000,17044,60
C550812,2011-04-20 16:28:00.000,15655,52
C574339,2011-11-04 10:07:00.000,14629,35
C560044,2011-07-14 14:47:00.000,14258,34
"557900",2011-06-23 14:36:00.000,13098,59
C573084,2011-10-27 14:24:00.000,13587,9
"561045",2011-07-24 12:29:00.000,17522,52
"551158",2011-04-26 15:00:00.000,16823,54
"577528",2011-11-20 13:45:00.000,15745,36
"569129",2011-09-30 13:40:00.000,15034,60
"536994",2010-12-03 15:25:00.000,14898,18
"568517",2011-09-27 12:52:00.000,14456,60
"574951",2011-11-08 09:44:00.000,15763,9
"569486",2011-10-04 12:51:00.000,15339,52
"563365",2011-08-16 08:50:00.000,15373,56
"560115",2011-07-15 10:05:00.000,17841,53
"568224",2011-09-26 10:22:00.000,17377,60
"563615",2011-08-18 09:01:00.000,16945,59
"545764",2011-03-07 12:00:00.000,13408,52
"549925",2011-04-13 10:12:00.000,16333,55
"548511",2011-03-31 15:43:00.000,14056,36
"561600",2011-07-28 11:29:00.000,15861,59
"577820",2011-11-22 09:24:00.000,13408,52
"541294",2011-01-17 13:59:00.000,14898,60
C563655,2011-08-18 10:44:00.000,15311,33
C559498,2011-07-08 14:06:00.000,15078,53
"572913",2011-10-26 16:21:00.000,15993,36
"547870",2011-03-27 14:18:00.000,13668,52
"580721",2011-12-05 16:57:00.000,15274,36
C539059,2010-12-15 16:43:00.000,14829,33
"573022",2011-10-27 12:42:00.000,16011,59
C562687,2011-08-08 13:53:00.000,15157,54
"538312",2010-12-10 13:48:00.000,16727,55
"574726",2011-11-06 14:56:00.000,14664,53
C558469,2011-06-29 15:31:00.000,17757,60
"553177",2011-05-15 11:23:00.000,13094,54
"562538",2011-08-05 15:07:00.000,15505,36
"555638",2011-06-06 12:51:00.000,15150,59
"566402",2011-09-12 13:34:00.000,14997,56
"545186",2011-02-28 15:05:00.000,17841,60
"577785",2011-11-21 16:25:00.000,16369,35
"578020",2011-11-22 13:20:00.000,16979,9
"536847",2010-12-03 09:31:00.000,17135,18
C541959,2011-01-24 12:35:00.000,14692,60
"580975",2011-12-06 15:28:00.000,12989,34
"554093",2011-05-22 12:49:00.000,14837,55
"576180",2011-11-14 11:11:00.000,13694,54
"561057",2011-07-24 13:18:00.000,17935,34
C567358,2011-09-19 16:31:00.000,16428,52
"561783",2011-07-29 12:50:00.000,16062,33
"554850",2011-05-27 09:15:00.000,17739,54
C538110,2010-12-09 15:24:00.000,17307,36
"559819",2011-07-12 16:58:00.000,12682,34
C579758,2011-11-30 14:58:00.000,14644,60
"552853",2011-05-11 15:13:00.000,16712,53
"544478",2011-02-21 10:11:00.000,16333,56
"538854",2010-12-14 13:44:00.000,13102,52
"568874",2011-09-29 12:16:00.000,14524,9
"545708",2011-03-07 09:39:00.000,14915,9
"574743",2011-11-06 16:14:00.000,15351,33
"557667",2011-06-22 08:30:00.000,15606,36
"548551",2011-04-01 08:56:00.000,14886,33
"569890",2011-10-06 15:46:00.000,14738,52
"568061",2011-09-23 13:12:00.000,16910,59
"579124",2011-11-28 12:14:00.000,15721,55
"565851",2011-09-07 13:06:00.000,14911,33
"546677",2011-03-15 16:29:00.000,18144,18
C569942,2011-10-06 18:08:00.000,14907,35
"576860",2011-11-16 15:58:00.000,17602,18
C564571,2011-08-26 11:14:00.000,14606,9
"561816",2011-07-29 15:46:00.000,16184,59
"558049",2011-06-24 14:16:00.000,15850,34
"546429",2011-03-13 15:25:00.000,17611,53
"543479",2011-02-08 15:42:00.000,16998,36
"565565",2011-09-05 12:20:00.000,14534,56
"563171",2011-08-12 12:46:00.000,16317,60
"553040",2011-05-13 08:58:00.000,15981,60
"572666",2011-10-25 13:03:00.000,15134,52
"561773",2011-07-29 12:41:00.000,17841,35
C555487,2011-06-03 13:21:00.000,16484,33
"552453",2011-05-09 14:10:00.000,12840,55
"545433",2011-03-02 15:15:00.000,17923,36
"541946",2011-01-24 11:50:00.000,17591,53
"543518",2011-02-09 11:21:00.000,12753,36
C555727,2011-06-06 16:24:00.000,15737,60
"564560",2011-08-26 09:55:00.000,16184,52
"575659",2011-11-10 14:35:00.000,13576,35
"549990",2011-04-13 17:31:00.000,16678,53
"573955",2011-11-02 10:51:00.000,14216,52
"561512",2011-07-27 15:09:00.000,14534,18
"547816",2011-03-25 14:30:00.000,12748,36
"580911",2011-12-06 13:30:00.000,14503,34
"559366",2011-07-08 09:03:00.000,13102,55
C554537,2011-05-24 17:45:00.000,16057,36
"537200",2010-12-05 14:17:00.000,15867,33
"551054",2011-04-26 11:44:00.000,12429,54
"557306",2011-06-19 14:47:00.000,18062,18
"580872",2011-12-06 12:02:00.000,18283,18
"542430",2011-01-28 10:10:00.000,13552,18
"545526",2011-03-03 13:14:00.000,17789,18
"542892",2011-02-01 13:28:00.000,13784,56
"537619",2010-12-07 13:53:00.000,13786,34
C548982,2011-04-05 12:27:00.000,15018,55
C546881,2011-03-17 17:17:00.000,15159,54
"579432",2011-11-29 13:12:00.000,15311,33
C555889,2011-06-07 16:01:00.000,13476,59
"549966",2011-04-13 14:17:00.000,16224,18
"561325",2011-07-26 13:46:00.000,17596,60
"555004",2011-05-31 09:37:00.000,13549,52
"547657",2011-03-24 12:58:00.000,13871,35
"553037",2011-05-13 08:10:00.000,12471,59
"567454",2011-09-20 12:12:00.000,15839,60
"558626",2011-06-30 17:34:00.000,12569,59
"537054",2010-12-05 11:40:00.000,16931,52
C564081,2011-08-22 17:10:00.000,17949,9
"539043",2010-12-15 15:45:00.000,12928,60
"578810",2011-11-25 13:27:00.000,16814,56
"538056",2010-12-09 13:34:00.000,17198,52
C574912,2011-11-07 15:51:00.000,13324,52
"554347",2011-05-24 08:21:00.000,16523,54
"558045",2011-06-24 13:35:00.000,12615,55
"554325",2011-05-23 15:38:00.000,12621,33
"547872",2011-03-27 14:34:00.000,16777,34
C579752,2011-11-30 14:46:00.000,13777,35
"563246",2011-08-15 10:57:00.000,13089,59
C558575,2011-06-30 14:58:00.000,12674,56
"580264",2011-12-02 12:46:00.000,18144,33
"576563",2011-11-15 13:27:00.000,17564,59
"565414",2011-09-04 11:54:00.000,15046,56
"560546",2011-07-19 12:38:00.000,17867,34
"538095",2010-12-09 14:55:00.000,17097,59
"554372",2011-05-24 10:50:00.000,13842,9
"563924",2011-08-21 14:32:00.000,15984,34
"544633",2011-02-22 10:59:00.000,17315,34
"575656",2011-11-10 14:29:00.000,13319,60
"568984",2011-09-29 15:57:00.000,17813,35
C545507,2011-03-03 11:43:00.000,12565,59
"564302",2011-08-24 12:00:00.000,15932,36
"575061",2011-11-08 12:29:00.000,14524,60
"544810",2011-02-23 15:53:00.000,17675,54
"556819",2011-06-15 10:21:00.000,12682,53
"539266",2010-12-16 15:07:00.000,17068,36
"568917",2011-09-29 14:11:00.000,15955,36
"573408",2011-10-30 15:59:00.000,16190,9
"542919",2011-02-01 16:47:00.000,15971,56
"574278",2011-11-03 14:42:00.000,15814,36
"553196",2011-05-15 14:15:00.000,17114,54
"555507",2011-06-03 16:39:00.000,16186,33
C562522,2011-08-05 12:49:00.000,13813,18
"545295",2011-03-01 12:09:00.000,12709,60
"556477",2011-06-12 12:20:00.000,12841,9
"552448",2011-05-09 13:45:00.000,18120,36
"560603",2011-07-20 08:59:00.000,18180,36
"548211",2011-03-30 09:06:00.000,14646,60
C541009,2011-01-13 10:56:00.000,17581,36
C569975,2011-10-06 19:25:00.000,14333,55
"572451",2011-10-24 12:36:00.000,12921,53
"567709",2011-09-22 09:53:00.000,15239,35
C540097,2011-01-04 15:46:00.000,15373,54
"558480",2011-06-30 08:17:00.000,15271,9
"581358",2011-12-08 12:30:00.000,17436,36
"580778",2011-12-06 11:07:00.000,16949,34
"563895",2011-08-21 10:35:00.000,18229,56
"547567",2011-03-24 09:44:00.000,17644,56
"575050",2011-11-08 12:14:00.000,16505,18
"568703",2011-09-28 15:21:00.000,12748,52
"536794",2010-12-02 15:40:00.000,13767,9
"556790",2011-06-14 13:48:00.000,15656,60
C579934,2011-12-01 09:44:00.000,14860,60
C569955,2011-10-06 18:35:00.000,17644,56
"538346",2010-12-10 14:53:00.000,17865,36
"536616",2010-12-02 10:10:00.000,17925,59
"541672",2011-01-20 13:02:00.000,14735,56
"536639",2010-12-02 11:45:00.000,15111,35
"546902",2011-03-17 18:30:00.000,14298,9
"554645",2011-05-25 12:34:00.000,17770,35
"546924",2011-03-18 10:06:00.000,14059,52
"543389",2011-02-08 09:56:00.000,17841,36
"547061",2011-03-20 13:21:00.000,12407,9
"552283",2011-05-08 12:48:00.000,13468,35
"554968",2011-05-27 16:24:00.000,17961,33
C542912,2011-02-01 15:49:00.000,13141,52
"571260",2011-10-16 10:41:00.000,16206,33
"552867",2011-05-12 08:36:00.000,15513,35
C551330,2011-04-27 16:17:00.000,17115,54
C543765,2011-02-11 15:16:00.000,16265,56
"559921",2011-07-13 15:42:00.000,13667,60
"567470",2011-09-20 12:39:00.000,16624,53
C561328,2011-07-26 13:54:00.000,12471,59
"541207",2011-01-14 12:27:00.000,17685,53
"558870",2011-07-04 12:58:00.000,14145,54
"570855",2011-10-12 14:56:00.000,17314,55
C547847,2011-03-27 12:04:00.000,14232,60
"560634",2011-07-20 10:51:00.000,16133,33
"536761",2010-12-02 14:30:00.000,13491,55
"538014",2010-12-09 12:49:00.000,14440,18
C548713,2011-04-03 14:53:00.000,17337,34
"539098",2010-12-16 10:28:00.000,14841,18
"564572",2011-08-26 11:18:00.000,15078,54
"542223",2011-01-26 12:43:00.000,14233,60
C556643,2011-06-13 15:48:00.000,17841,33
"555720",2011-06-06 15:46:00.000,16611,54
"552786",2011-05-11 12:14:00.000,16029,36
"552318",2011-05-08 16:13:00.000,17231,60
"553099",2011-05-13 11:56:00.000,13798,52
C547594,2011-03-24 11:19:00.000,12693,36
"568165",2011-09-25 12:42:00.000,17131,54
"574446",2011-11-04 11:43:00.000,15722,36
"576214",2011-11-14 12:49:00.000,15863,60
"572123",2011-10-21 08:40:00.000,14646,36
"549911",2011-04-13 08:26:00.000,14060,60
"573830",2011-11-01 11:35:00.000,16960,54
C562221,2011-08-03 14:22:00.000,16525,34
"544694",2011-02-23 09:30:00.000,17706,18
"567294",2011-09-19 12:06:00.000,13774,54
"564146",2011-08-23 12:18:00.000,15838,53
C562188,2011-08-03 12:16:00.000,12748,54
"538872",2010-12-14 15:13:00.000,13097,35
"554534",2011-05-24 17:34:00.000,16923,53
"576622",2011-11-15 17:11:00.000,14217,9
"570008",2011-10-07 09:30:00.000,13359,9
"544652",2011-02-22 12:53:00.000,13694,33
"561231",2011-07-26 10:20:00.000,15855,52
"577749",2011-11-21 14:26:00.000,16242,9
"572034",2011-10-20 12:00:00.000,14447,18
"569688",2011-10-05 14:55:00.000,15048,54
C547582,2011-03-24 11:06:00.000,12474,54
"560736",2011-07-20 15:33:00.000,15260,56
"553060",2011-05-13 10:44:00.000,15826,35
"545071",2011-02-27 15:59:00.000,15996,18
"580290",2011-12-02 13:35:00.000,17221,54
C566961,2011-09-15 17:04:00.000,13319,60
"547906",2011-03-28 12:13:00.000,14410,52
"581021",2011-12-07 10:24:00.000,14769,35
"571291",2011-10-16 15:44:00.000,13610,56
"556489",2011-06-12 13:59:00.000,14704,54
"571697",2011-10-18 14:49:00.000,12759,60
"579126",2011-11-28 12:19:00.000,13798,52
"545304",2011-03-01 12:51:00.000,16212,34
"562371",2011-08-04 14:30:00.000,13709,56
"559061",2011-07-06 10:04:00.000,17220,34
C573099,2011-10-27 14:47:00.000,12921,53
"540456",2011-01-07 12:14:00.000,13534,36
"574011",2011-11-02 11:52:00.000,16884,52
"544200",2011-02-17 10:08:00.000,12494,54
"544678",2011-02-22 16:15:00.000,13077,18
"561033",2011-07-24 11:40:00.000,14443,52
"545904",2011-03-08 08:52:00.000,13468,53
C547229,2011-03-21 15:49:00.000,17213,36
"576346",2011-11-14 15:37:00.000,13835,9
"565217",2011-09-01 17:40:00.000,13099,54
"569399",2011-10-04 08:29:00.000,17381,34
"572203",2011-10-21 12:05:00.000,17068,36
"562053",2011-08-02 12:11:00.000,16701,54
"543693",2011-02-11 11:40:00.000,12897,54
"558058",2011-06-24 15:00:00.000,14766,60
"539257",2010-12-16 14:29:00.000,16210,55
"567542",2011-09-21 10:16:00.000,16626,54
"546790",2011-03-17 10:26:00.000,14713,60
"564529",2011-08-25 14:51:00.000,14111,52
"548726",2011-04-04 09:38:00.000,13767,36
"561032",2011-07-24 11:37:00.000,13029,53
"552905",2011-05-12 11:10:00.000,15974,60
"551258",2011-04-27 12:02:00.000,12621,55
"564353",2011-08-24 15:08:00.000,15764,36
"560576",2011-07-19 14:59:00.000,17287,35
"553052",2011-05-13 10:14:00.000,15251,9
"578316",2011-11-23 16:43:00.000,14189,36
"565807",2011-09-07 10:55:00.000,14334,34
"576689",2011-11-16 12:18:00.000,16657,59
"545057",2011-02-27 12:49:00.000,13630,54
"537825",2010-12-08 14:36:00.000,15005,36
"543481",2011-02-08 16:25:00.000,14606,36
"540561",2011-01-10 10:32:00.000,13004,52
"564181",2011-08-23 14:53:00.000,13862,53
"572853",2011-10-26 12:28:00.000,17712,52
"541846",2011-01-23 12:43:00.000,13050,18
"579427",2011-11-29 13:04:00.000,16479,52
"577834",2011-11-22 10:21:00.000,17528,52
"540467",2011-01-07 13:39:00.000,18198,55
C575079,2011-11-08 13:28:00.000,14911,53
"556889",2011-06-15 12:39:00.000,16644,18
"576355",2011-11-14 16:28:00.000,13089,52
"543618",2011-02-10 14:49:00.000,13468,53
"567323",2011-09-19 14:23:00.000,17557,18
"572946",2011-10-27 10:36:00.000,13988,52
"536740",2010-12-02 13:08:00.000,15827,52
C571319,2011-10-17 10:50:00.000,17164,53
"552971",2011-05-12 13:41:00.000,14738,34
C571678,2011-10-18 13:33:00.000,12679,18
C550423,2011-04-18 12:06:00.000,14403,60
"561384",2011-07-27 09:01:00.000,13194,33
"536576",2010-12-01 16:11:00.000,13777,56
"577754",2011-11-21 14:47:00.000,18139,18
"542388",2011-01-27 14:45:00.000,14239,18
"538368",2010-12-12 10:57:00.000,15503,18
"552304",2011-05-08 15:15:00.000,12748,59
"548038",2011-03-29 12:03:00.000,15696,9
"555931",2011-06-08 08:31:00.000,17828,18
"568178",2011-09-25 13:32:00.000,18155,35
"553869",2011-05-19 14:27:00.000,15394,9
C572546,2011-10-24 16:50:00.000,17481,52
"560279",2011-07-17 15:47:00.000,14198,52
"549526",2011-04-08 15:49:00.000,13630,59
"572726",2011-10-25 15:19:00.000,16056,36
"558311",2011-06-28 11:22:00.000,14646,36
"562366",2011-08-04 14:01:00.000,17692,9
"571940",2011-10-20 09:57:00.000,15301,59
"537464",2010-12-07 10:14:00.000,14907,52
"560109",2011-07-15 09:00:00.000,13491,54
"545166",2011-02-28 14:03:00.000,17027,52
"543912",2011-02-14 12:53:00.000,16701,35
"563350",2011-08-15 14:10:00.000,14498,56
"561819",2011-07-29 15:59:00.000,13928,33
"570211",2011-10-09 11:15:00.000,13558,52
"577469",2011-11-20 11:25:00.000,15009,9
"562043",2011-08-02 10:19:00.000,15342,18
C541790,2011-01-21 13:07:00.000,14175,9
"537365",2010-12-06 12:38:00.000,15078,35
"542673",2011-01-31 12:18:00.000,14527,56
"569204",2011-10-02 10:43:00.000,16591,35
"577938",2011-11-22 12:07:00.000,15525,34
"542667",2011-01-31 12:16:00.000,17068,53
"572291",2011-10-23 12:46:00.000,16931,53
"579149",2011-11-28 13:21:00.000,13844,60
"539294",2010-12-16 16:45:00.000,15532,36
"551996",2011-05-05 15:44:00.000,16628,60
"575139",2011-11-08 15:26:00.000,16863,55
"545797",2011-03-07 12:17:00.000,16225,59
"549936",2011-04-13 11:29:00.000,15465,18
C560654,2011-07-20 11:40:00.000,16255,54
"545883",2011-03-07 15:40:00.000,15974,56
"575339",2011-11-09 14:29:00.000,15555,53
"538630",2010-12-13 13:25:00.000,14565,33
"580357",2011-12-02 16:07:00.000,15856,56
C537132,2010-12-05 12:29:00.000,15221,34
"554810",2011-05-26 13:16:00.000,14816,35
"547583",2011-03-24 11:07:00.000,12901,33
"571413",2011-10-17 12:33:00.000,13923,33
"541414",2011-01-17 16:14:00.000,18212,55
C543741,2011-02-11 13:37:00.000,13021,60
"542422",2011-01-27 19:33:00.000,14702,54
"541485",2011-01-18 13:05:00.000,18118,60
"553235",2011-05-16 11:13:00.000,13018,52
"541258",2011-01-16 15:30:00.000,13634,35
"543264",2011-02-04 16:34:00.000,13069,9
"553739",2011-05-19 09:23:00.000,14895,60
"581113",2011-12-07 12:19:00.000,14534,36
"546153",2011-03-10 07:42:00.000,13538,55
C568419,2011-09-27 11:16:00.000,13694,36
C544436,2011-02-18 16:52:00.000,18172,36
"575583",2011-11-10 11:55:00.000,14456,56
C572485,2011-10-24 13:50:00.000,14952,34
"548658",2011-04-01 14:19:00.000,15179,18
"539093",2010-12-16 10:10:00.000,15482,55
"555159",2011-06-01 09:06:00.000,15124,9
"574695",2011-11-06 13:37:00.000,17114,18
"549665",2011-04-11 12:17:00.000,14541,55
"542691",2011-01-31 12:34:00.000,13408,52
"539571",2010-12-20 12:06:00.000,15078,56
"565967",2011-09-08 11:27:00.000,14646,33
C559803,2011-07-12 13:49:00.000,16701,59
"574479",2011-11-04 12:39:00.000,18035,18
"578101",2011-11-23 08:39:00.000,13089,33
"550006",2011-04-14 10:10:00.000,17841,54
"542207",2011-01-26 11:34:00.000,16422,56
"563149",2011-08-12 11:41:00.000,13695,36
"577097",2011-11-17 16:42:00.000,17243,54
"561799",2011-07-29 13:46:00.000,15776,60
C545277,2011-03-01 11:31:00.000,12933,55
"581457",2011-12-08 18:43:00.000,18102,33
"566253",2011-09-11 12:15:00.000,13527,55
"574885",2011-11-07 14:01:00.000,12472,56
"571715",2011-10-18 17:04:00.000,17576,60
"580882",2011-12-06 12:20:00.000,12971,9
"541657",2011-01-20 12:11:00.000,16321,9
"552127",2011-05-06 11:47:00.000,17174,54
"549907",2011-04-12 16:30:00.000,13484,34
"537846",2010-12-08 15:25:00.000,15347,59
"560523",2011-07-19 11:56:00.000,15462,9
"546784",2011-03-17 09:49:00.000,18189,34
"546681",2011-03-16 08:29:00.000,16297,59
"579180",2011-11-28 15:09:00.000,13881,60
"574284",2011-11-03 15:01:00.000,17644,52
"568381",2011-09-27 09:24:00.000,14321,54
"537685",2010-12-08 10:21:00.000,18077,33
"541266",2011-01-16 16:25:00.000,15673,35
C539271,2010-12-16 15:28:00.000,14639,55
"553154",2011-05-13 14:57:00.000,17061,54
"566598",2011-09-13 15:35:00.000,12664,54
"571310",2011-10-17 10:17:00.000,13394,53
"570834",2011-10-12 13:31:00.000,13865,9
"537117",2010-12-05 12:09:00.000,16353,54
"581252",2011-12-08 11:02:00.000,14129,53
"555701",2011-06-06 14:34:00.000,14498,54
"562340",2011-08-04 12:05:00.000,13985,33
"579161",2011-11-28 13:56:00.000,17379,33
"571911",2011-10-19 15:15:00.000,17562,34
"576930",2011-11-17 11:09:00.000,14834,33
C549253,2011-04-07 12:20:00.000,12408,56
"581580",2011-12-09 12:20:00.000,12748,60
"540953",2011-01-12 13:16:00.000,14587,52
"574084",2011-11-02 17:09:00.000,14528,9
"577552",2011-11-20 15:27:00.000,14282,59
"576514",2011-11-15 12:13:00.000,13950,55
"574016",2011-11-02 12:04:00.000,18105,35
"574082",2011-11-02 16:37:00.000,16205,54
C538702,2010-12-14 10:28:00.000,13008,55
"562614",2011-08-08 12:15:00.000,17961,55
"580880",2011-12-06 12:19:00.000,14121,55
"547656",2011-03-24 12:53:00.000,13263,34
"570420",2011-10-10 13:33:00.000,17841,53
"551533",2011-05-01 14:58:00.000,15407,60
C538500,2010-12-12 12:51:00.000,13715,33
"567482",2011-09-20 13:42:00.000,16464,53
"550917",2011-04-21 13:40:00.000,17381,33
C567685,2011-09-21 16:35:00.000,16394,36
"580531",2011-12-04 15:47:00.000,12569,36
"547729",2011-03-25 10:52:00.000,15529,54
"560554",2011-07-19 13:01:00.000,16232,35
"580482",2011-12-04 12:44:00.000,16033,52
C544655,2011-02-22 12:57:00.000,13113,53
"576634",2011-11-16 09:28:00.000,13297,35
"547772",2011-03-25 11:34:00.000,17979,55
"561205",2011-07-25 15:48:00.000,17693,9
"558878",2011-07-04 13:53:00.000,16385,56
"560845",2011-07-21 12:29:00.000,15570,56
"554487",2011-05-24 13:27:00.000,16919,35
"536407",2010-12-01 11:34:00.000,17850,35
"544638",2011-02-22 11:33:00.000,14688,18
"568164",2011-09-25 12:39:00.000,14561,59
"577286",2011-11-18 12:39:00.000,14606,35
"569557",2011-10-05 08:52:00.000,14936,56
C538734,2010-12-14 11:24:00.000,16810,34
"568568",2011-09-28 08:48:00.000,14412,18
C566036,2011-09-08 13:21:00.000,17811,34
"553145",2011-05-13 13:50:00.000,14342,9
"572519",2011-10-24 14:56:00.000,15046,34
"567632",2011-09-21 13:33:00.000,13946,55
C541735,2011-01-21 11:35:00.000,12626,55
C580072,2011-12-01 14:02:00.000,16240,35
"536617",2010-12-02 10:17:00.000,13941,59
"543306",2011-02-07 11:56:00.000,16686,35
"577522",2011-11-20 13:23:00.000,15988,52
"565450",2011-09-04 15:22:00.000,17722,52
"552726",2011-05-11 10:31:00.000,14920,34
"551274",2011-04-27 12:57:00.000,14235,33
C550771,2011-04-20 13:11:00.000,17856,33
C538124,2010-12-09 15:43:00.000,15329,9
C541826,2011-01-21 17:04:00.000,18260,36
"552884",2011-05-12 10:15:00.000,12395,56
"565865",2011-09-07 15:07:00.000,12637,55
"545021",2011-02-25 14:11:00.000,17663,52
"558747",2011-07-03 10:11:00.000,15465,54
C544827,2011-02-24 09:45:00.000,17147,55
"560254",2011-07-17 13:07:00.000,16678,18
"546990",2011-03-18 12:59:00.000,14315,59
C543605,2011-02-10 14:11:00.000,13110,34
C568694,2011-09-28 14:55:00.000,16321,35
"540506",2011-01-09 11:12:00.000,17796,34
"572235",2011-10-21 14:42:00.000,16293,33
"563908",2011-08-21 12:21:00.000,18109,33
"536525",2010-12-01 12:54:00.000,14078,34
"538810",2010-12-14 12:18:00.000,14871,52
C559140,2011-07-06 13:42:00.000,13420,35
"543808",2011-02-13 13:22:00.000,17454,18
"561671",2011-07-28 17:17:00.000,12830,36
"569689",2011-10-05 14:56:00.000,13709,60
"556746",2011-06-14 12:08:00.000,17644,33
"540163",2011-01-05 11:52:00.000,13089,55
"564482",2011-08-25 13:40:00.000,13149,54
"549995",2011-04-14 08:32:00.000,16131,59
"577519",2011-11-20 13:20:00.000,15044,35
"575897",2011-11-11 14:53:00.000,15492,35
"548869",2011-04-04 14:31:00.000,17114,9
"564167",2011-08-23 13:50:00.000,17735,54
"550949",2011-04-21 16:01:00.000,17961,60
"564821",2011-08-30 12:16:00.000,14078,60
"579538",2011-11-30 10:04:00.000,14062,18
"550218",2011-04-15 11:15:00.000,14408,55
"559202",2011-07-07 10:40:00.000,13583,18
"581123",2011-12-07 12:34:00.000,15750,33
"552826",2011-05-11 13:20:00.000,14277,9
C557060,2011-06-16 14:54:00.000,17725,35
"541992",2011-01-25 09:31:00.000,16029,33
C569421,2011-10-04 10:37:00.000,15339,53
"560504",2011-07-19 11:47:00.000,13081,53
"559513",2011-07-08 15:56:00.000,14534,60
"562018",2011-08-01 14:29:00.000,17282,18
C555563,2011-06-05 14:48:00.000,17841,18
"537133",2010-12-05 12:29:00.000,18156,35
"538591",2010-12-13 11:44:00.000,14741,55
"578119",2011-11-23 10:09:00.000,17769,9
C554345,2011-05-23 17:47:00.000,13767,59
"569677",2011-10-05 14:14:00.000,15106,59
C565597,2011-09-05 14:29:00.000,12709,9
"550149",2011-04-14 14:37:00.000,13069,36
"554765",2011-05-26 11:38:00.000,16837,59
"562599",2011-08-08 10:01:00.000,13013,18
"563213",2011-08-14 12:55:00.000,16115,55
"570246",2011-10-09 16:22:00.000,16921,9
"555920",2011-06-07 16:35:00.000,18102,9
"536833",2010-12-02 17:48:00.000,18239,52
"559122",2011-07-06 12:22:00.000,15159,34
"537676",2010-12-08 09:53:00.000,12386,52
"549957",2011-04-13 13:45:00.000,13539,9
"543392",2011-02-08 10:15:00.000,16839,55
C540895,2011-01-12 11:45:00.000,17095,18
"573141",2011-10-27 17:35:00.000,16680,55
"566427",2011-09-12 14:24:00.000,17433,34
"557518",2011-06-20 17:14:00.000,15280,52
C569963,2011-10-06 18:45:00.000,13131,60
"545580",2011-03-04 08:43:00.000,13931,53
C536622,2010-12-02 10:37:00.000,12471,34
"557749",2011-06-22 12:44:00.000,13477,9
"537815",2010-12-08 13:49:00.000,17676,18
"557752",2011-06-22 12:57:00.000,14092,56
"575041",2011-11-08 12:01:00.000,17289,35
C570012,2011-10-07 09:53:00.000,15344,56
"569244",2011-10-03 09:45:00.000,13344,60
C566280,2011-09-11 14:12:00.000,12748,36
"553741",2011-05-19 09:37:00.000,12520,52
C572736,2011-10-25 15:37:00.000,15836,59
C549822,2011-04-12 12:35:00.000,12854,52
"574547",2011-11-04 15:08:00.000,17841,9
"578022",2011-11-22 13:25:00.000,17371,35
C547228,2011-03-21 15:48:00.000,16626,55
"577741",2011-11-21 13:40:00.000,12921,18
"547863",2011-03-27 13:07:00.000,12728,56
"551717",2011-05-03 15:59:00.000,13263,52
"575976",2011-11-13 13:26:00.000,15271,33
"543610",2011-02-10 14:30:00.000,16425,35
"575036",2011-11-08 11:45:00.000,15249,60
"564078",2011-08-22 15:43:00.000,17083,35
"557627",2011-06-21 14:30:00.000,12583,56
"580661",2011-12-05 13:52:00.000,17218,35
"564477",2011-08-25 12:59:00.000,13854,56
"580284",2011-12-02 13:21:00.000,15311,54
"559360",2011-07-07 19:54:00.000,14657,34
"557143",2011-06-17 10:12:00.000,13090,53
"548618",2011-04-01 11:50:00.000,15197,60
"572651",2011-10-25 12:06:00.000,17350,60
"554160",2011-05-23 11:49:00.000,17841,35
"542631",2011-01-31 10:09:00.000,12841,33
C563604,2011-08-18 06:28:00.000,15251,55
"542623",2011-01-31 09:41:00.000,17239,18
"566206",2011-09-09 15:00:00.000,16362,52
"558076",2011-06-24 17:35:00.000,14031,18
"543982",2011-02-15 08:21:00.000,15358,52
"562810",2011-08-09 15:22:00.000,16656,55
C563109,2011-08-12 10:31:00.000,12656,53
"542605",2011-01-30 12:42:00.000,17796,52
"567478",2011-09-20 13:21:00.000,12584,35
"536984",2010-12-03 14:35:00.000,17841,60
"564066",2011-08-22 15:05:00.000,17703,36
"566425",2011-09-12 14:22:00.000,16458,35
"540149",2011-01-05 11:00:00.000,12921,9
"579921",2011-12-01 09:03:00.000,16839,33
"566395",2011-09-12 12:48:00.000,14952,59
C550668,2011-04-20 09:49:00.000,12457,52
"546111",2011-03-09 12:39:00.000,14165,56
C580826,2011-12-06 11:37:00.000,17490,33
"537447",2010-12-07 09:21:00.000,13963,59
"539440",2010-12-17 15:15:00.000,16607,36
"551887",2011-05-05 09:29:00.000,12593,33
"547366",2011-03-22 13:02:00.000,12831,54
"565087",2011-09-01 10:03:00.000,13276,18
C550358,2011-04-18 10:37:00.000,13113,60
C564907,2011-08-31 12:24:00.000,18225,53
"542228",2011-01-26 13:37:00.000,13113,54
"537981",2010-12-09 11:35:00.000,17857,34
"544793",2011-02-23 12:41:00.000,13694,56
"540093",2011-01-04 15:24:00.000,16725,18
C550010,2011-04-14 10:29:00.000,15299,53
"542587",2011-01-28 15:53:00.000,14401,55
"560239",2011-07-17 11:50:00.000,13507,53
"542272",2011-01-27 09:42:00.000,16496,52
"543485",2011-02-09 10:19:00.000,15843,54
"540370",2011-01-06 16:25:00.000,13094,35
"560265",2011-07-17 13:48:00.000,17863,18
"537044",2010-12-05 10:52:00.000,18055,54
"581449",2011-12-08 17:37:00.000,12748,18
C569972,2011-10-06 19:21:00.000,13317,56
"562490",2011-08-05 12:06:00.000,14720,9
C576856,2011-11-16 15:51:00.000,16912,52
"565452",2011-09-04 15:52:00.000,15187,53
"577308",2011-11-18 13:14:00.000,15088,9
"561672",2011-07-28 17:18:00.000,12830,36
"580601",2011-12-05 11:13:00.000,12841,18
"563023",2011-08-11 13:39:00.000,14639,54
"581013",2011-12-07 09:32:00.000,17017,60
"549249",2011-04-07 12:04:00.000,12423,54
"578678",2011-11-24 19:59:00.000,17841,36
"565436",2011-09-04 13:45:00.000,14189,36
"575898",2011-11-11 15:08:00.000,16368,54
"554284",2011-05-23 14:14:00.000,17686,52
C580698,2011-12-05 16:12:00.000,17426,35
"580295",2011-12-02 13:49:00.000,17841,9
C543838,2011-02-14 10:59:00.000,15827,35
C539090,2010-12-16 09:48:00.000,16996,9
"556531",2011-06-13 11:49:00.000,15491,34
"579678",2011-11-30 13:22:00.000,18230,18
"548371",2011-03-30 16:28:00.000,17757,18
"537217",2010-12-05 15:40:00.000,15502,52
"538812",2010-12-14 12:25:00.000,18044,33
"576865",2011-11-16 16:08:00.000,12748,36
"537433",2010-12-06 16:36:00.000,12913,34
"575164",2011-11-08 16:55:00.000,18216,60
"578634",2011-11-24 16:34:00.000,16566,18
"571505",2011-10-17 15:19:00.000,17244,56
"543379",2011-02-07 15:37:00.000,18102,18
"567889",2011-09-22 15:39:00.000,16633,53
"567184",2011-09-18 15:41:00.000,16033,35
"562143",2011-08-03 10:41:00.000,16422,59
"543777",2011-02-11 16:19:00.000,15406,9
"539570",2010-12-20 12:05:00.000,15078,59
"577296",2011-11-18 12:47:00.000,17286,55
"542891",2011-02-01 13:26:00.000,16705,33
"574715",2011-11-06 14:33:00.000,14135,52
"580684",2011-12-05 15:15:00.000,13305,59
"545991",2011-03-08 13:12:00.000,15311,52
"537646",2010-12-07 15:39:00.000,17591,59
"553720",2011-05-18 16:26:00.000,13417,52
"556044",2011-06-08 12:50:00.000,15764,35
"540504",2011-01-09 11:02:00.000,13668,55
"578789",2011-11-25 12:17:00.000,16161,33
"544806",2011-02-23 14:50:00.000,15932,60
"540170",2011-01-05 12:21:00.000,13767,53
"557492",2011-06-20 15:08:00.000,13717,60
"559887",2011-07-13 11:44:00.000,13263,18
"579449",2011-11-29 13:57:00.000,17101,54
"557063",2011-06-16 15:01:00.000,17368,36
"553579",2011-05-18 10:39:00.000,13767,34
"580675",2011-12-05 14:35:00.000,15640,52
"559809",2011-07-12 14:57:00.000,16409,55
"540630",2011-01-10 11:59:00.000,17849,56
"575184",2011-11-09 08:41:00.000,16839,33
"567816",2011-09-22 12:34:00.000,17243,60
C574337,2011-11-04 10:03:00.000,16979,35
"552244",2011-05-06 19:39:00.000,12748,34
"574529",2011-11-04 14:06:00.000,17233,34
C553026,2011-05-12 19:35:00.000,15249,9
"557430",2011-06-20 12:27:00.000,16013,9
"579165",2011-11-28 14:01:00.000,13389,60
"557598",2011-06-21 11:33:00.000,14667,53
"580906",2011-12-06 13:10:00.000,13104,18
"574832",2011-11-07 11:29:00.000,17183,52
"567514",2011-09-20 15:10:00.000,16928,54
"538871",2010-12-14 15:02:00.000,14051,18
"572297",2011-10-23 14:30:00.000,15953,56
"555751",2011-06-07 11:07:00.000,16462,36
"571498",2011-10-17 15:06:00.000,17841,55
"578305",2011-11-23 15:44:00.000,14088,54
C555643,2011-06-06 13:22:00.000,16520,18
"574737",2011-11-06 15:53:00.000,14868,9
"544482",2011-02-21 10:41:00.000,16656,60
"555392",2011-06-02 16:59:00.000,14221,59
C541502,2011-01-18 15:30:00.000,18190,33
"553565",2011-05-18 09:01:00.000,17505,53
"539654",2010-12-20 17:05:00.000,17340,60
"558372",2011-06-28 15:47:00.000,16200,33
"554323",2011-05-23 15:33:00.000,16729,60
"565350",2011-09-02 14:42:00.000,14178,55
"537153",2010-12-05 13:03:00.000,16718,54
"542146",2011-01-26 09:27:00.000,13405,34
"554274",2011-05-23 13:12:00.000,16266,18
"547654",2011-03-24 12:32:00.000,14527,36
"547689",2011-03-24 14:55:00.000,17757,34
"564322",2011-08-24 13:23:00.000,13694,52
"539664",2010-12-21 10:30:00.000,14135,35
"548952",2011-04-05 10:46:00.000,15572,35
"546560",2011-03-15 10:26:00.000,12931,54
"538517",2010-12-12 16:05:00.000,17618,34
"547845",2011-03-27 11:51:00.000,16434,18
C563605,2011-08-18 06:29:00.000,14112,59
"540357",2011-01-06 15:14:00.000,13093,34
C576360,2011-11-14 17:10:00.000,14910,18
"557524",2011-06-21 09:18:00.000,12748,59
"551721",2011-05-03 16:49:00.000,14711,59
C558129,2011-06-27 11:18:00.000,12919,34
"541410",2011-01-17 16:06:00.000,13089,53
"539666",2010-12-21 10:41:00.000,16029,33
"536856",2010-12-03 10:26:00.000,13370,34
"547666",2011-03-24 13:23:00.000,14235,52
"538908",2010-12-15 10:41:00.000,16954,36
"556097",2011-06-08 15:31:00.000,15809,36
"551882",2011-05-05 09:13:00.000,13873,52
"546088",2011-03-09 11:44:00.000,12881,56
"560186",2011-07-15 11:57:00.000,17266,9
"562569",2011-08-07 12:05:00.000,17323,18
"539491",2010-12-20 10:09:00.000,14646,9
"574882",2011-11-07 13:45:00.000,13599,35
"553689",2011-05-18 14:07:00.000,17389,56
"574228",2011-11-03 12:18:00.000,16678,54
"545711",2011-03-07 09:52:00.000,16136,35
"544660",2011-02-22 13:47:00.000,15078,52
"555521",2011-06-05 11:21:00.000,13576,9
"551392",2011-04-28 12:07:00.000,13229,53
"560863",2011-07-21 13:53:00.000,12748,60
"552732",2011-05-11 10:47:00.000,17428,55
C537684,2010-12-08 10:18:00.000,14901,53
"576187",2011-11-14 11:25:00.000,17228,35
"575080",2011-11-08 13:29:00.000,14676,18
"556118",2011-06-09 09:54:00.000,13811,36
"540525",2011-01-09 13:02:00.000,16833,35
"548496",2011-03-31 13:40:00.000,12678,36
"573418",2011-10-31 09:35:00.000,15360,59
"545571",2011-03-03 16:34:00.000,17700,9
"557130",2011-06-17 08:09:00.000,14005,54
"568492",2011-09-27 11:58:00.000,18278,18
"578265",2011-11-23 13:28:00.000,13018,9
"546390",2011-03-11 14:03:00.000,14083,56
"545058",2011-02-27 13:03:00.000,13767,18
"572189",2011-10-21 11:08:00.000,15286,35
"538363",2010-12-10 17:14:00.000,18016,36
"570883",2011-10-13 09:55:00.000,13477,34
"567802",2011-09-22 12:06:00.000,14299,36
"576056",2011-11-13 15:04:00.000,17720,53
C558726,2011-07-01 14:32:00.000,16422,9
C559474,2011-07-08 13:41:00.000,13078,54
C571316,2011-10-17 10:47:00.000,15091,55
"575643",2011-11-10 14:09:00.000,13267,52
"562882",2011-08-10 11:23:00.000,12384,36
"579163",2011-11-28 13:59:00.000,15838,52
"576610",2011-11-15 16:19:00.000,15679,59
"553520",2011-05-17 14:32:00.000,17238,18
C559473,2011-07-08 13:40:00.000,13769,18
C569913,2011-10-06 16:50:00.000,14217,34
C549921,2011-04-13 09:53:00.000,15109,59
"578926",2011-11-27 12:24:00.000,18156,59
"547883",2011-03-28 08:40:00.000,14755,18
"552533",2011-05-10 09:41:00.000,13767,60
"569780",2011-10-06 11:38:00.000,13199,54
"564323",2011-08-24 13:24:00.000,13694,9
"571847",2011-10-19 12:39:00.000,15220,33
"559544",2011-07-10 13:52:00.000,17126,34
"557070",2011-06-16 15:28:00.000,14755,18
"567373",2011-09-20 09:31:00.000,16700,60
"574324",2011-11-04 07:46:00.000,16684,59
"580175",2011-12-02 11:45:00.000,14126,55
"572567",2011-10-25 10:27:00.000,12398,52
"536526",2010-12-01 12:58:00.000,14001,34
C556414,2011-06-10 12:14:00.000,13985,36
"565760",2011-09-06 13:47:00.000,12720,34
"541273",2011-01-17 11:21:00.000,13155,55
"542534",2011-01-28 13:27:00.000,13707,36
"545819",2011-03-07 12:31:00.000,16356,54
"551653",2011-05-03 12:03:00.000,13282,55
"580656",2011-12-05 13:40:00.000,15621,59
"578698",2011-11-25 10:20:00.000,12620,9
"571298",2011-10-17 08:14:00.000,15769,55
"552279",2011-05-08 12:38:00.000,15117,54
"568687",2011-09-28 14:26:00.000,16321,59
"564398",2011-08-25 10:55:00.000,18241,9
"572811",2011-10-26 11:14:00.000,16071,52
"552341",2011-05-09 12:05:00.000,17949,34
"568680",2011-09-28 14:10:00.000,18265,53
"549909",2011-04-12 16:43:00.000,15777,35
"549444",2011-04-08 13:00:00.000,16013,18
C543773,2011-02-11 15:47:00.000,12410,18
"564943",2011-08-31 13:23:00.000,17706,60
"575305",2011-11-09 12:45:00.000,14188,52
"543275",2011-02-06 12:49:00.000,13584,52
"547833",2011-03-25 17:34:00.000,16780,18
"561686",2011-07-29 08:29:00.000,13148,33
"564627",2011-08-26 11:47:00.000,15132,54
"577633",2011-11-21 10:35:00.000,14194,36
"546377",2011-03-11 12:13:00.000,15049,35
"565421",2011-09-04 12:10:00.000,16744,53
"542213",2011-01-26 12:15:00.000,13837,35
"571745",2011-10-19 10:48:00.000,14911,9
"556264",2011-06-09 18:42:00.000,16107,18
"544612",2011-02-22 10:43:00.000,18087,18
"573747",2011-11-01 09:14:00.000,13697,53
"539567",2010-12-20 11:58:00.000,13104,35
"538352",2010-12-10 15:21:00.000,16565,18
C545866,2011-03-07 14:27:00.000,17841,56
"544111",2011-02-16 11:18:00.000,16126,56
"552845",2011-05-11 14:37:00.000,14646,59
"563035",2011-08-11 14:54:00.000,17790,36
"578106",2011-11-23 09:02:00.000,16133,52
"536738",2010-12-02 13:06:00.000,15827,33
"537067",2010-12-05 11:57:00.000,14813,56
"551860",2011-05-04 15:41:00.000,15508,59
"551059",2011-04-26 12:08:00.000,13668,56
"580559",2011-12-05 10:24:00.000,15628,35
"553192",2011-05-15 13:27:00.000,15333,60
"554162",2011-05-23 11:52:00.000,16722,33
"573332",2011-10-30 11:28:00.000,15059,9
"559315",2011-07-07 13:52:00.000,13456,55
"551284",2011-04-27 14:05:00.000,15005,55
"576357",2011-11-14 16:57:00.000,15660,59
"577479",2011-11-20 11:34:00.000,14911,18
"541950",2011-01-24 12:13:00.000,15498,56
"572669",2011-10-25 13:10:00.000,16549,55
"564050",2011-08-22 13:32:00.000,17160,18
"578232",2011-11-23 12:13:00.000,17135,9
"539264",2010-12-16 15:02:00.000,15224,33
"564471",2011-08-25 12:26:00.000,12583,36
"559913",2011-07-13 15:05:00.000,14221,54
"555263",2011-06-01 15:47:00.000,15192,59
"551278",2011-04-27 13:13:00.000,12483,56
"565431",2011-09-04 13:15:00.000,14965,60
C574828,2011-11-07 11:12:00.000,16232,9
"566770",2011-09-15 08:55:00.000,15304,59
"571044",2011-10-13 13:24:00.000,14421,59
C543195,2011-02-04 12:29:00.000,13113,59
"581027",2011-12-07 10:43:00.000,17091,54
"546120",2011-03-09 14:23:00.000,16945,59
"557880",2011-06-23 13:16:00.000,14911,53
C539710,2010-12-21 12:35:00.000,14769,34
"553978",2011-05-20 11:03:00.000,16182,54
"566492",2011-09-13 10:34:00.000,12679,60
"540358",2011-01-06 15:25:00.000,13599,36
"577162",2011-11-18 10:24:00.000,13323,36
"580596",2011-12-05 11:01:00.000,15392,59
"572718",2011-10-25 14:56:00.000,15656,59
"580916",2011-12-06 13:45:00.000,13685,59
"581183",2011-12-07 16:24:00.000,12569,54
"545416",2011-03-02 13:35:00.000,17770,35
"570218",2011-10-09 12:20:00.000,16873,36
"550802",2011-04-20 15:21:00.000,17120,18
"544311",2011-02-17 14:19:00.000,17841,53
"560232",2011-07-17 11:08:00.000,14810,59
"546667",2011-03-15 15:31:00.000,14735,34
"577108",2011-11-17 17:34:00.000,15983,18
"561096",2011-07-25 10:28:00.000,16099,18
"579008",2011-11-28 09:12:00.000,17739,52
"550764",2011-04-20 12:26:00.000,14527,36
"543024",2011-02-02 14:39:00.000,13777,33
"560602",2011-07-20 08:48:00.000,13629,9
"542411",2011-01-27 16:43:00.000,15864,59
C569908,2011-10-06 16:41:00.000,16782,18
C562154,2011-08-03 11:23:00.000,13520,35
"558200",2011-06-27 13:00:00.000,15976,53
"548550",2011-04-01 08:22:00.000,18161,59
"559535",2011-07-10 12:16:00.000,17841,52
"567659",2011-09-21 14:55:00.000,17475,18
"540405",2011-01-07 09:50:00.000,14828,55
"563563",2011-08-17 14:03:00.000,16029,60
"562610",2011-08-08 11:56:00.000,16333,55
C567177,2011-09-18 13:42:00.000,15533,60
"565329",2011-09-02 13:54:00.000,14606,59
"574935",2011-11-07 16:54:00.000,13199,18
"544465",2011-02-20 15:06:00.000,13168,53
"569470",2011-10-04 12:25:00.000,17673,35
"547370",2011-03-22 13:32:00.000,14711,53
"549007",2011-04-05 14:38:00.000,17470,54
"581398",2011-12-08 13:26:00.000,17243,55
"573324",2011-10-30 10:56:00.000,16235,56
"555572",2011-06-05 15:37:00.000,12449,54
"538356",2010-12-10 15:56:00.000,14062,59
"536633",2010-12-02 11:20:00.000,14901,52
"576558",2011-11-15 13:07:00.000,17086,52
"580060",2011-12-01 13:25:00.000,14287,60
"540997",2011-01-13 09:55:00.000,17368,33
"563695",2011-08-18 13:17:00.000,13617,9
C547961,2011-03-28 15:30:00.000,15032,54
"562791",2011-08-09 14:18:00.000,17730,35
"570827",2011-10-12 13:14:00.000,15831,35
"545536",2011-03-03 14:12:00.000,12417,56
"554854",2011-05-27 09:39:00.000,16369,59
C542383,2011-01-27 14:26:00.000,14299,56
"581419",2011-12-08 15:03:00.000,15484,60
"575502",2011-11-10 10:10:00.000,16700,60
C538723,2010-12-14 11:12:00.000,12434,56
"567979",2011-09-23 10:44:00.000,14215,18
C562613,2011-08-08 12:11:00.000,15228,36
"544411",2011-02-18 14:18:00.000,13799,59
C560396,2011-07-18 13:49:00.000,18087,9
"561603",2011-07-28 12:06:00.000,14855,55
"570983",2011-10-13 11:57:00.000,14963,36
"558441",2011-06-29 12:59:00.000,14606,9
C573086,2011-10-27 14:27:00.000,13991,59
"544283",2011-02-17 12:27:00.000,13668,60
"549728",2011-04-11 16:15:00.000,17799,18
"577985",2011-11-22 12:25:00.000,15116,54
"578279",2011-11-23 13:53:00.000,14735,55
"577209",2011-11-18 11:49:00.000,15621,18
"573896",2011-11-01 14:03:00.000,13755,9
"549316",2011-04-08 09:54:00.000,12705,59
"536861",2010-12-03 10:44:00.000,12427,60
"554628",2011-05-25 11:26:00.000,15039,33
"536384",2010-12-01 09:53:00.000,18074,60
"549297",2011-04-08 07:49:00.000,18061,60
C545828,2011-03-07 13:05:00.000,15189,36
"539447",2010-12-17 16:00:00.000,12395,34
"539272",2010-12-16 15:29:00.000,15759,36
"578855",2011-11-27 11:15:00.000,14878,9
"553706",2011-05-18 15:23:00.000,13854,59
"549432",2011-04-08 12:20:00.000,14264,54
"561601",2011-07-28 11:35:00.000,18151,33
"537239",2010-12-06 10:05:00.000,18219,53
"542355",2011-01-27 12:23:00.000,14970,59
"542154",2011-01-26 10:49:00.000,15777,54
"553182",2011-05-15 12:21:00.000,17107,53
"574866",2011-11-07 12:34:00.000,12748,33
"539635",2010-12-20 15:14:00.000,14051,60
"569254",2011-10-03 11:00:00.000,18116,9
C577388,2011-11-18 16:58:00.000,14911,56
C541586,2011-01-19 14:36:00.000,12383,52
"559339",2011-07-07 16:49:00.000,13752,60
"543813",2011-02-13 15:02:00.000,16897,53
"561695",2011-07-29 10:00:00.000,14005,60
"555157",2011-06-01 07:38:00.000,15643,59
"538087",2010-12-09 14:44:00.000,17339,55
"550331",2011-04-17 13:43:00.000,15555,9
"560392",2011-07-18 13:30:00.000,13911,53
"550493",2011-04-18 14:50:00.000,15311,60
"568898",2011-09-29 13:17:00.000,13354,55
"579408",2011-11-29 12:34:00.000,14701,60
"568995",2011-09-29 16:53:00.000,16779,52
"552333",2011-05-09 10:38:00.000,15039,36
"575951",2011-11-13 11:54:00.000,13450,36
"539211",2010-12-16 12:15:00.000,16743,9
"536992",2010-12-03 15:16:00.000,15769,59
"569364",2011-10-03 15:10:00.000,13167,53
"569656",2011-10-05 12:59:00.000,14434,33
"566162",2011-09-09 11:46:00.000,15249,55
"567967",2011-09-23 09:39:00.000,15858,60
"544301",2011-02-17 12:59:00.000,14606,56
"579173",2011-11-28 14:37:00.000,17359,18
"560267",2011-07-17 14:05:00.000,13880,34
"577032",2011-11-17 13:07:00.000,13160,55
"547507",2011-03-23 13:39:00.000,16859,52
C560902,2011-07-21 17:45:00.000,17593,9
"543113",2011-02-03 13:06:00.000,13047,35
"569252",2011-10-03 10:38:00.000,14333,56
C578274,2011-11-23 13:42:00.000,17828,35
"562920",2011-08-10 14:13:00.000,14495,36
"575855",2011-11-11 12:24:00.000,14527,34
"565676",2011-09-06 09:53:00.000,15513,36
"549831",2011-04-12 13:10:00.000,14844,59
"555941",2011-06-08 10:10:00.000,12726,56
"552947",2011-05-12 11:57:00.000,16943,34
"575037",2011-11-08 11:51:00.000,16066,36
"554816",2011-05-26 14:01:00.000,17550,59
"538174",2010-12-10 09:35:00.000,12471,54
"551727",2011-05-04 08:40:00.000,14245,59
"580512",2011-12-04 13:55:00.000,12673,52
"544112",2011-02-16 11:37:00.000,15039,53
C545556,2011-03-03 15:21:00.000,15005,34
"537233",2010-12-06 09:37:00.000,17428,53
"576624",2011-11-15 17:14:00.000,16156,35
"552186",2011-05-06 13:53:00.000,12921,53
"541111",2011-01-13 15:13:00.000,15687,9
"570885",2011-10-13 10:20:00.000,14211,60
C559808,2011-07-12 14:49:00.000,13743,35
"564727",2011-08-28 12:31:00.000,16686,55
"563560",2011-08-17 14:00:00.000,12971,53
"536387",2010-12-01 09:58:00.000,16029,35
"580665",2011-12-05 14:06:00.000,16684,56
"537446",2010-12-07 09:13:00.000,18055,55
"567531",2011-09-21 09:37:00.000,14397,33
"571636",2011-10-18 11:41:00.000,13509,35
"550330",2011-04-17 13:27:00.000,15827,53
"546523",2011-03-14 12:42:00.000,13319,55
"565243",2011-09-02 10:20:00.000,16735,34
"555003",2011-05-31 09:36:00.000,12787,53
"569337",2011-10-03 14:09:00.000,17396,53
"563355",2011-08-15 14:39:00.000,14156,54
"570124",2011-10-07 13:11:00.000,16989,35
"567328",2011-09-19 14:43:00.000,14356,56
"579470",2011-11-29 15:06:00.000,16549,59
"557967",2011-06-24 09:40:00.000,17704,59
"575331",2011-11-09 13:52:00.000,13209,52
"551893",2011-05-05 10:07:00.000,17675,34
"578662",2011-11-24 16:51:00.000,17516,35
C568418,2011-09-27 11:11:00.000,15763,18
"575668",2011-11-10 14:59:00.000,18283,59
"556573",2011-06-13 13:32:00.000,14667,54
"552544",2011-05-10 10:29:00.000,13320,33
"559036",2011-07-05 15:14:00.000,12637,33
C544679,2011-02-22 16:15:00.000,12616,59
C543445,2011-02-08 11:45:00.000,12662,59
"569678",2011-10-05 14:16:00.000,17816,18
"562923",2011-08-10 14:34:00.000,16996,33
"552827",2011-05-11 13:20:00.000,18144,60
C575666,2011-11-10 14:55:00.000,18092,9
"545595",2011-03-04 10:39:00.000,14570,54
C549955,2011-04-13 13:38:00.000,12359,54
"550968",2011-04-21 16:59:00.000,14961,53
"554603",2011-05-25 11:14:00.000,14593,59
"558959",2011-07-05 10:54:00.000,16103,56
"541648",2011-01-20 11:15:00.000,17811,52
"563590",2011-08-17 20:02:00.000,17450,54
"542584",2011-01-28 15:21:00.000,18016,34
"540182",2011-01-05 13:29:00.000,14739,56
"549718",2011-04-11 15:03:00.000,13846,18
C563773,2011-08-19 11:18:00.000,13048,35
"555388",2011-06-02 15:48:00.000,17719,60
"575491",2011-11-09 17:47:00.000,15531,36
"580763",2011-12-06 10:36:00.000,16013,52
"558992",2011-07-05 11:36:00.000,14223,53
"541986",2011-01-24 15:59:00.000,17001,36
"578154",2011-11-23 11:30:00.000,15117,55
"565685",2011-09-06 10:53:00.000,15671,52
C549544,2011-04-10 11:15:00.000,15311,55
"547726",2011-03-25 10:49:00.000,16029,59
"547563",2011-03-24 08:56:00.000,15651,54
C544829,2011-02-24 09:53:00.000,17314,60
"548172",2011-03-29 14:13:00.000,15738,9
"547580",2011-03-24 10:48:00.000,13488,34
C541512,2011-01-18 16:52:00.000,17576,52
"581334",2011-12-08 12:07:00.000,17841,36
"571654",2011-10-18 12:17:00.000,18118,54
"538862",2010-12-14 14:11:00.000,16710,59
"547664",2011-03-24 13:16:00.000,13069,9
"568158",2011-09-25 12:22:00.000,16133,18
"544169",2011-02-16 13:44:00.000,13078,59
"571681",2011-10-18 13:44:00.000,16734,35
C551863,2011-05-04 16:12:00.000,16145,35
"563268",2011-08-15 12:47:00.000,13940,18
C543671,2011-02-11 11:24:00.000,18087,56
"558030",2011-06-24 12:00:00.000,16419,33
"565463",2011-09-05 09:45:00.000,13748,56
"566033",2011-09-08 13:07:00.000,16031,36
"537204",2010-12-05 14:45:00.000,15555,36
"550610",2011-04-19 12:22:00.000,14502,60
"558687",2011-07-01 11:43:00.000,12598,53
"574939",2011-11-07 17:16:00.000,17109,59
"559510",2011-07-08 15:29:00.000,14961,55
"565726",2011-09-06 11:58:00.000,14360,56
"552447",2011-05-09 13:43:00.000,16729,34
"546319",2011-03-11 09:23:00.000,17949,54
"573074",2011-10-27 14:03:00.000,16265,36
"565449",2011-09-04 15:21:00.000,16057,52
"566786",2011-09-15 10:29:00.000,13518,59
"540098",2011-01-04 15:50:00.000,16241,9
"556910",2011-06-15 13:25:00.000,12748,34
"578690",2011-11-25 09:36:00.000,17302,59
C550751,2011-04-20 11:48:00.000,15465,56
"557115",2011-06-16 16:47:00.000,14107,34
"554840",2011-05-26 17:16:00.000,12684,52
"562042",2011-08-02 10:19:00.000,13075,52
C542138,2011-01-25 17:21:00.000,17368,53
"554070",2011-05-22 11:06:00.000,13555,9
"564023",2011-08-22 12:16:00.000,17562,33
"560911",2011-07-21 18:00:00.000,17961,53
"559910",2011-07-13 14:29:00.000,18245,53
"569250",2011-10-03 10:18:00.000,16747,60
"550988",2011-04-21 18:10:00.000,14231,18
"558483",2011-06-30 09:59:00.000,18171,36
"536797",2010-12-02 15:49:00.000,16770,53
"556048",2011-06-08 13:00:00.000,15609,52
C554136,2011-05-23 10:02:00.000,14239,55
C551683,2011-05-03 12:47:00.000,13209,36
"574667",2011-11-06 12:12:00.000,15514,60
"575728",2011-11-10 19:40:00.000,14911,36
"552631",2011-05-10 12:55:00.000,12684,52
"550198",2011-04-15 10:19:00.000,13120,59
"573309",2011-10-28 16:37:00.000,17272,36
C553517,2011-05-17 14:09:00.000,14209,56
"567381",2011-09-20 10:12:00.000,17450,33
C563838,2011-08-19 13:13:00.000,18241,52
"550755",2011-04-20 12:01:00.000,17548,60
"537467",2010-12-07 10:36:00.000,16059,52
"562355",2011-08-04 13:25:00.000,14768,54
"554822",2011-05-26 14:17:00.000,12937,53
"549300",2011-04-08 08:21:00.000,13362,52
"548991",2011-04-05 13:48:00.000,16915,9
"542147",2011-01-26 10:02:00.000,12782,52
"550656",2011-04-20 08:07:00.000,17652,9
"546315",2011-03-11 08:31:00.000,16558,35
"557849",2011-06-23 10:52:00.000,17613,35
"549125",2011-04-06 14:13:00.000,14964,56
C554527,2011-05-24 17:25:00.000,15251,54
"573315",2011-10-28 17:27:00.000,17839,60
"553173",2011-05-13 17:34:00.000,17400,35
"539077",2010-12-16 08:05:00.000,13089,9
"558084",2011-06-26 11:47:00.000,14837,35
"579455",2011-11-29 14:14:00.000,15239,55
"559424",2011-07-08 12:14:00.000,18121,60
"570673",2011-10-11 14:54:00.000,15351,33
"556039",2011-06-08 12:40:00.000,13001,54
"576219",2011-11-14 12:58:00.000,15838,53
"573035",2011-10-27 13:43:00.000,12433,18
"545229",2011-03-01 09:52:00.000,16915,34
"543048",2011-02-03 09:58:00.000,12600,34
"552731",2011-05-11 10:43:00.000,12372,35
"538655",2010-12-13 15:16:00.000,17375,55
"565443",2011-09-04 14:22:00.000,12567,9
"540059",2011-01-04 14:33:00.000,17457,35
"555862",2011-06-07 14:28:00.000,12757,54
"546928",2011-03-18 10:16:00.000,17685,9
C571635,2011-10-18 11:39:00.000,16393,9
"579181",2011-11-28 15:10:00.000,13881,56
"573399",2011-10-30 15:35:00.000,13949,55
"536824",2010-12-02 17:24:00.000,13798,59
"580887",2011-12-06 12:26:00.000,13755,52
"571214",2011-10-14 12:56:00.000,14390,33
C566180,2011-09-09 12:52:00.000,16173,36
"548276",2011-03-30 11:39:00.000,17863,34
C567351,2011-09-19 16:05:00.000,15251,9
C536548,2010-12-01 14:33:00.000,12472,53
"563896",2011-08-21 10:44:00.000,17061,54
"548400",2011-03-30 17:33:00.000,17400,59
C580913,2011-12-06 13:41:00.000,17857,36
"563167",2011-08-12 12:37:00.000,14696,52
"569248",2011-10-03 10:09:00.000,12886,9
C553230,2011-05-16 11:09:00.000,14201,55
"545398",2011-03-02 11:43:00.000,13722,35
"564749",2011-08-30 08:15:00.000,12708,33
"538992",2010-12-15 11:56:00.000,15950,60
"571017",2011-10-13 12:17:00.000,15116,33
"539106",2010-12-16 10:51:00.000,16705,60
"571317",2011-10-17 10:48:00.000,17377,60
C543112,2011-02-03 12:59:00.000,14133,9
"574962",2011-11-08 10:26:00.000,15194,35
"547414",2011-03-23 09:54:00.000,17733,52
"553048",2011-05-13 10:02:00.000,14291,54
"564716",2011-08-28 11:02:00.000,14810,35
"544309",2011-02-17 14:17:00.000,15785,59
C538805,2010-12-14 11:57:00.000,14708,18
"560917",2011-07-21 18:21:00.000,17949,36
"552198",2011-05-06 14:47:00.000,15552,36
"561636",2011-07-28 14:36:00.000,12910,18
"547702",2011-03-24 16:45:00.000,14911,9
"581251",2011-12-08 11:02:00.000,18210,33
"579393",2011-11-29 12:07:00.000,12627,59
"551535",2011-05-01 15:33:00.000,17615,53
"541854",2011-01-23 14:58:00.000,18283,55
"575367",2011-11-09 15:05:00.000,15114,36
"559988",2011-07-14 12:17:00.000,15402,52
"570826",2011-10-12 13:14:00.000,16753,36
"572217",2011-10-21 13:03:00.000,15311,9
"551880",2011-05-05 09:05:00.000,17374,56
"547081",2011-03-20 15:07:00.000,14205,34
"550783",2011-04-20 13:58:00.000,13485,35
"565513",2011-09-05 11:51:00.000,14401,33
"543474",2011-02-08 15:09:00.000,14415,54
"537751",2010-12-08 11:04:00.000,17706,36
"539456",2010-12-17 17:23:00.000,16885,54
"544931",2011-02-24 18:59:00.000,13501,54
"578247",2011-11-23 12:39:00.000,14581,18
"563373",2011-08-16 10:02:00.000,12569,18
"560268",2011-07-17 14:07:00.000,13880,35
"580905",2011-12-06 13:02:00.000,16313,55
"553488",2011-05-17 12:40:00.000,18043,60
"550817",2011-04-20 17:00:00.000,17946,52
"545019",2011-02-25 13:56:00.000,15093,36
"544942",2011-02-25 10:29:00.000,15544,33
C545825,2011-03-07 13:01:00.000,12839,56
"575618",2011-11-10 12:57:00.000,15463,54
C574584,2011-11-04 18:11:00.000,15482,52
"553901",2011-05-19 17:48:00.000,14911,35
"548714",2011-04-03 15:07:00.000,17337,36
"552536",2011-05-10 10:00:00.000,14209,9
"549192",2011-04-07 10:20:00.000,14961,60
"565221",2011-09-01 18:49:00.000,16525,52
"561655",2011-07-28 16:00:00.000,18102,36
"566439",2011-09-12 15:14:00.000,17656,35
"575490",2011-11-09 17:44:00.000,15031,54
"545016",2011-02-25 13:51:00.000,16473,52
"537808",2010-12-08 13:23:00.000,15311,59
"558417",2011-06-29 10:50:00.000,14156,34
"581221",2011-12-08 09:40:00.000,17856,33
"559349",2011-07-07 17:33:00.000,15150,60
"539108",2010-12-16 11:03:00.000,16013,56
"539414",2010-12-17 13:45:00.000,16931,18
"536863",2010-12-03 11:19:00.000,17967,35
"576064",2011-11-13 15:37:00.000,12508,35
"560571",2011-07-19 14:29:00.000,17735,35
C536816,2010-12-02 17:06:00.000,14443,34
"557266",2011-06-19 11:14:00.000,14878,53
"544163",2011-02-16 13:02:00.000,16875,9
"555820",2011-06-07 12:01:00.000,16133,36
"573899",2011-11-01 14:41:00.000,15847,56
"578009",2011-11-22 12:48:00.000,14467,33
"558103",2011-06-26 14:08:00.000,13767,34
"545579",2011-03-04 08:10:00.000,17508,56
C579760,2011-11-30 15:05:00.000,17096,36
"575661",2011-11-10 14:39:00.000,12617,33
C539055,2010-12-15 16:36:00.000,13829,52
"562968",2011-08-11 10:55:00.000,14291,60
C573949,2011-11-02 10:47:00.000,14511,55
"573923",2011-11-02 09:31:00.000,17965,18
"570267",2011-10-10 10:13:00.000,12682,53
"566624",2011-09-14 09:36:00.000,17315,54
"573415",2011-10-30 16:17:00.000,13607,59
"576602",2011-11-15 15:20:00.000,14156,9
"565790",2011-09-07 09:15:00.000,16767,52
"547165",2011-03-21 12:10:00.000,13593,56
C543834,2011-02-14 10:24:00.000,12553,35
"575072",2011-11-08 13:10:00.000,14560,53
"572888",2011-10-26 13:47:00.000,13694,60
"575258",2011-11-09 12:00:00.000,13623,54
"551349",2011-04-28 10:03:00.000,14740,9
"554998",2011-05-29 15:35:00.000,15925,18
C566423,2011-09-12 14:00:00.000,16984,60
"538201",2010-12-10 11:12:00.000,15723,55
"574063",2011-11-02 14:31:00.000,13271,59
"544651",2011-02-22 12:51:00.000,13694,59
"541103",2011-01-13 14:24:00.000,14215,36
C540384,2011-01-06 17:48:00.000,14961,33
"569416",2011-10-04 10:15:00.000,13801,53
"544450",2011-02-20 12:23:00.000,17811,54
C568412,2011-09-27 10:54:00.000,14456,52
"573109",2011-10-27 15:19:00.000,15144,59
"543812",2011-02-13 14:40:00.000,17472,36
"541681",2011-01-20 14:24:00.000,13008,18
"563176",2011-08-12 14:02:00.000,17293,18
"538795",2010-12-14 11:42:00.000,13267,34
"575141",2011-11-08 15:35:00.000,15615,54
"561194",2011-07-25 13:54:00.000,13814,18
"539267",2010-12-16 15:23:00.000,13534,9
"580118",2011-12-01 16:31:00.000,16011,35
C544830,2011-02-24 09:59:00.000,13118,53
"576345",2011-11-14 15:37:00.000,12374,36
"565857",2011-09-07 14:13:00.000,14911,9
"568136",2011-09-25 10:30:00.000,13630,56
"555147",2011-05-31 15:41:00.000,13505,33
"550660",2011-04-20 09:03:00.000,15179,54
"548993",2011-04-05 13:56:00.000,12753,59
"570424",2011-10-10 13:41:00.000,17372,18
C548738,2011-04-04 11:22:00.000,14711,54
"578267",2011-11-23 13:37:00.000,12748,55
"547578",2011-03-24 10:38:00.000,13089,56
"573265",2011-10-28 12:39:00.000,16150,56
"568182",2011-09-25 13:47:00.000,13079,59
"548144",2011-03-29 12:29:00.000,13798,53
"576228",2011-11-14 13:12:00.000,15033,54
"565475",2011-09-05 10:47:00.000,14156,59
"557291",2011-06-19 13:01:00.000,18230,52
"549448",2011-04-08 14:07:00.000,13078,36
"540273",2011-01-06 11:57:00.000,17368,53
"540545",2011-01-09 15:35:00.000,13451,56
"573391",2011-10-30 14:57:00.000,14911,33
"565684",2011-09-06 10:46:00.000,16455,54
"563366",2011-08-16 08:52:00.000,15373,55
"545157",2011-02-28 13:27:00.000,14239,34
"552854",2011-05-11 15:16:00.000,14748,18
"547096",2011-03-21 09:13:00.000,15669,36
"540595",2011-01-10 11:35:00.000,14321,18
"550492",2011-04-18 14:44:00.000,14180,9
"578703",2011-11-25 11:02:00.000,17385,9
C562794,2011-08-09 14:20:00.000,14112,60
"568316",2011-09-26 13:21:00.000,16407,35
C574507,2011-11-04 13:24:00.000,15345,35
C572927,2011-10-27 09:25:00.000,14233,60
"580256",2011-12-02 12:24:00.000,14688,35
"548665",2011-04-01 14:53:00.000,14854,53
"557571",2011-06-21 10:53:00.000,12830,59
"573411",2011-10-30 16:10:00.000,13870,59
"572342",2011-10-24 10:38:00.000,14607,18
"554844",2011-05-26 19:38:00.000,18073,9
"566023",2011-09-08 12:48:00.000,12955,9
C547237,2011-03-21 16:29:00.000,16080,56
"578532",2011-11-24 14:40:00.000,18130,54
"577020",2011-11-17 12:32:00.000,17147,53
C547502,2011-03-23 12:42:00.000,14513,35
C570552,2011-10-11 11:01:00.000,16029,54
"558452",2011-06-29 13:51:00.000,15208,52
C547853,2011-03-27 12:11:00.000,15615,54
"563548",2011-08-17 12:30:00.000,12528,36
"571060",2011-10-13 14:28:00.000,17813,33
"565835",2011-09-07 11:32:00.000,14452,56
C581393,2011-12-08 13:14:00.000,16892,36
"575685",2011-11-10 15:57:00.000,15694,53
C577775,2011-11-21 16:00:00.000,12504,9
C541823,2011-01-21 16:55:00.000,17677,18
"566193",2011-09-09 13:37:00.000,14961,36
"549722",2011-04-11 15:59:00.000,17236,36
"547022",2011-03-18 15:44:00.000,17961,54
"541792",2011-01-21 13:09:00.000,17094,53
"550106",2011-04-14 12:31:00.000,13772,33
C557624,2011-06-21 14:22:00.000,16422,60
"552769",2011-05-11 11:47:00.000,16241,9
"561258",2011-07-26 12:03:00.000,15513,55
"557513",2011-06-20 16:53:00.000,15700,34
"555240",2011-06-01 13:07:00.000,15039,56
"550644",2011-04-19 16:19:00.000,12733,36
"544483",2011-02-21 10:53:00.000,12524,33
"559092",2011-07-06 10:48:00.000,16829,9
"572861",2011-10-26 12:46:00.000,14102,9
"565753",2011-09-06 13:11:00.000,13538,60
C549922,2011-04-13 09:55:00.000,15674,54
"580752",2011-12-06 09:56:00.000,12478,55
"577082",2011-11-17 15:31:00.000,15811,56
"552324",2011-05-09 09:46:00.000,16672,52
"566169",2011-09-09 12:09:00.000,14414,35
"536977",2010-12-03 14:18:00.000,17954,54
"563384",2011-08-16 10:52:00.000,17315,33
"572834",2011-10-26 11:46:00.000,12748,53
"566673",2011-09-14 11:39:00.000,17728,52
"552712",2011-05-11 08:34:00.000,17634,55
"569570",2011-10-05 10:06:00.000,16684,52
"557410",2011-06-20 11:36:00.000,14701,9
"569231",2011-10-02 15:18:00.000,13379,9
"548484",2011-03-31 12:43:00.000,13571,53
"576783",2011-11-16 13:38:00.000,13447,18
"551270",2011-04-27 12:35:00.000,15891,18
"580134",2011-12-01 19:24:00.000,13102,18
C565140,2011-09-01 12:56:00.000,17841,9
"571270",2011-10-16 12:09:00.000,12940,60
"537226",2010-12-06 08:34:00.000,15987,18
C563483,2011-08-16 15:59:00.000,14175,34
"556041",2011-06-08 12:44:00.000,17954,56
"559605",2011-07-11 11:33:00.000,15045,55
C574825,2011-11-07 10:58:00.000,16678,9
"552468",2011-05-09 15:33:00.000,13141,54
"572900",2011-10-26 14:52:00.000,13107,35
"545103",2011-02-28 11:57:00.000,15039,55
"576686",2011-11-16 12:08:00.000,16916,33
C548352,2011-03-30 14:57:00.000,12921,35
"543979",2011-02-14 15:43:00.000,14606,56
"567623",2011-09-21 12:50:00.000,17415,34
C573767,2011-11-01 10:01:00.000,13882,34
"578848",2011-11-27 10:34:00.000,17988,33
"554770",2011-05-26 11:40:00.000,14911,56
"546182",2011-03-10 10:53:00.000,14334,60
"550777",2011-04-20 13:35:00.000,16558,53
"551832",2011-05-04 13:11:00.000,15987,55
"546685",2011-03-16 09:52:00.000,15687,33
"561147",2011-07-25 13:06:00.000,16841,34
"579100",2011-11-28 11:27:00.000,13004,33
"565737",2011-09-06 12:27:00.000,16400,52
"552838",2011-05-11 14:24:00.000,15732,54
"575627",2011-11-10 13:28:00.000,17977,35
"562127",2011-08-03 08:21:00.000,13717,56
"549238",2011-04-07 11:30:00.000,14667,55
"568538",2011-09-27 14:07:00.000,15061,35
C554905,2011-05-27 11:17:00.000,14191,53
"559706",2011-07-12 10:02:00.000,16609,53
"541988",2011-01-25 08:03:00.000,15222,36
"581095",2011-12-07 11:35:00.000,17238,55
"568659",2011-09-28 12:28:00.000,13516,36
C543119,2011-02-03 13:31:00.000,14606,18
"577800",2011-11-21 17:00:00.000,15484,54
"563622",2011-08-18 10:21:00.000,15189,36
"580720",2011-12-05 16:55:00.000,14629,54
"545070",2011-02-27 15:42:00.000,16493,34
"565289",2011-09-02 11:43:00.000,14911,36
"569671",2011-10-05 13:54:00.000,16020,54
"574513",2011-11-04 13:31:00.000,15291,18
"565292",2011-09-02 11:54:00.000,16102,55
"576645",2011-11-16 10:14:00.000,16245,34
C570006,2011-10-07 09:24:00.000,14217,33
"551886",2011-05-05 09:23:00.000,12569,55
"548148",2011-03-29 12:31:00.000,17931,56
"551818",2011-05-04 11:57:00.000,12569,36
"552034",2011-05-05 18:38:00.000,17578,52
"573381",2011-10-30 14:05:00.000,17590,56
"553832",2011-05-19 11:38:00.000,12957,35
"546331",2011-03-11 10:31:00.000,13133,9
"577859",2011-11-22 11:24:00.000,14534,59
"560271",2011-07-17 14:51:00.000,16474,34
"554948",2011-05-27 14:29:00.000,14447,18
"557005",2011-06-16 11:24:00.000,13700,56
"552272",2011-05-08 12:13:00.000,13694,36
"550831",2011-04-21 10:29:00.000,13534,9
"578653",2011-11-24 16:40:00.000,18161,52
"566481",2011-09-13 09:33:00.000,15769,52
C554341,2011-05-23 17:41:00.000,15630,18
"556672",2011-06-13 17:08:00.000,13742,9
"557332",2011-06-20 10:21:00.000,14291,35
"536858",2010-12-03 10:36:00.000,13520,33
"569123",2011-09-30 13:09:00.000,12748,52
"537693",2010-12-08 10:45:00.000,12441,55
"569590",2011-10-05 11:25:00.000,13949,52
"542276",2011-01-27 10:19:00.000,12764,54
"578707",2011-11-25 11:20:00.000,17870,35
"542384",2011-01-27 14:31:00.000,15827,54
"542432",2011-01-28 10:40:00.000,13538,54
C557650,2011-06-21 17:17:00.000,15152,55
"580076",2011-12-01 14:14:00.000,15602,18
"547327",2011-03-22 11:28:00.000,12681,59
"564083",2011-08-23 08:54:00.000,17469,34
"539982",2010-12-23 14:40:00.000,15311,59
"574042",2011-11-02 13:05:00.000,17947,33
"573294",2011-10-28 15:32:00.000,14397,55
C567677,2011-09-21 15:57:00.000,12409,59
"566075",2011-09-09 09:03:00.000,16173,53
"546243",2011-03-10 13:08:00.000,15308,33
"568994",2011-09-29 16:52:00.000,12598,54
C548947,2011-04-05 10:45:00.000,14546,59
"553317",2011-05-16 12:04:00.000,16705,18
"559715",2011-07-12 10:47:00.000,14132,9
"537419",2010-12-06 15:14:00.000,13495,36
"554137",2011-05-23 10:13:00.000,12708,18
"550607",2011-04-19 12:17:00.000,16919,59
"579267",2011-11-29 09:42:00.000,14961,9
"561906",2011-08-01 10:03:00.000,12921,33
"578307",2011-11-23 15:53:00.000,17290,56
"563891",2011-08-19 17:02:00.000,14500,35
"552850",2011-05-11 14:54:00.000,14367,53
C549688,2011-04-11 13:36:00.000,15449,53
"551516",2011-05-01 11:10:00.000,14800,18
"557735",2011-06-22 11:30:00.000,16214,56
"553752",2011-05-19 10:20:00.000,14896,34
"541223",2011-01-14 14:39:00.000,17954,60
"567873",2011-09-22 14:25:00.000,13055,36
"543196",2011-02-04 12:29:00.000,13309,36
C574494,2011-11-04 13:11:00.000,15468,60
"563893",2011-08-19 17:10:00.000,16330,56
"563902",2011-08-21 11:06:00.000,17029,52
"568945",2011-09-29 14:52:00.000,14239,54
"557281",2011-06-19 12:23:00.000,13632,54
"576572",2011-11-15 13:49:00.000,15514,33
"557232",2011-06-17 14:28:00.000,12463,52
"547360",2011-03-22 12:30:00.000,16135,52
"561363",2011-07-26 15:42:00.000,17238,18
"554988",2011-05-29 13:32:00.000,15897,36
"556484",2011-06-12 13:17:00.000,16938,18
"554504",2011-05-24 15:13:00.000,17719,34
"579807",2011-11-30 15:50:00.000,15046,60
"553672",2011-05-18 12:44:00.000,15811,56
"563982",2011-08-22 11:17:00.000,14397,55
"551809",2011-05-04 11:32:00.000,17511,34
"565401",2011-09-02 17:38:00.000,16686,36
"557628",2011-06-21 14:31:00.000,15311,59
"542133",2011-01-25 16:33:00.000,13049,9
"570964",2011-10-13 11:50:00.000,12766,54
C574083,2011-11-02 16:39:00.000,15521,53
"580885",2011-12-06 12:23:00.000,16353,35
"544313",2011-02-17 14:36:00.000,14099,54
"554705",2011-05-26 10:12:00.000,12910,9
"560695",2011-07-20 12:08:00.000,14101,52
"572879",2011-10-26 13:34:00.000,13408,55
"551729",2011-05-04 08:52:00.000,12720,9
"568186",2011-09-25 14:08:00.000,17837,60
"543283",2011-02-07 09:15:00.000,15781,56
"561398",2011-07-27 10:52:00.000,16767,35
"581098",2011-12-07 11:42:00.000,14911,34
"573343",2011-10-30 11:59:00.000,13566,53
"542890",2011-02-01 13:25:00.000,15311,36
"544160",2011-02-16 12:49:00.000,16494,59
"579749",2011-11-30 14:41:00.000,13362,52
"536971",2010-12-03 13:40:00.000,12779,60
"549449",2011-04-08 14:12:00.000,14227,9
"576380",2011-11-15 09:23:00.000,15419,59
"573248",2011-10-28 12:09:00.000,14498,9
C573147,2011-10-27 19:00:00.000,15125,33
"548319",2011-03-30 12:48:00.000,14180,56
"559160",2011-07-06 16:15:00.000,17293,52
"576627",2011-11-16 08:25:00.000,14426,60
C566626,2011-09-14 10:07:00.000,15380,53
"559477",2011-07-08 13:44:00.000,14315,54
"570674",2011-10-11 14:59:00.000,14911,59
"540688",2011-01-11 07:57:00.000,12736,52
"560584",2011-07-19 15:38:00.000,13827,55
"543565",2011-02-10 10:40:00.000,14431,60
"548245",2011-03-30 10:36:00.000,12823,9
"537599",2010-12-07 12:37:00.000,17954,36
C551867,2011-05-04 16:27:00.000,16227,55
"555243",2011-06-01 13:52:00.000,13475,52
"537228",2010-12-06 08:43:00.000,17677,52
"559528",2011-07-10 11:34:00.000,13064,59
"560261",2011-07-17 13:35:00.000,12841,9
C538052,2010-12-09 13:28:00.000,15181,18
"541880",2011-01-24 10:38:00.000,13819,55
"581253",2011-12-08 11:15:00.000,16891,60
"572352",2011-10-24 11:39:00.000,16814,33
"540461",2011-01-07 12:44:00.000,15139,33
"545662",2011-03-04 14:42:00.000,15358,55
"578055",2011-11-22 15:00:00.000,13986,60
"546005",2011-03-08 15:17:00.000,14426,35
C576231,2011-11-14 13:24:00.000,14868,60
"562105",2011-08-02 14:50:00.000,15271,33
C555873,2011-06-07 15:12:00.000,15498,18
"577600",2011-11-21 08:28:00.000,14447,60
"573028",2011-10-27 13:29:00.000,16847,52
"565446",2011-09-04 15:19:00.000,16057,53
"541611",2011-01-20 10:18:00.000,16029,52
"555494",2011-06-03 14:33:00.000,15737,33
"566275",2011-09-11 13:58:00.000,16549,18
"547367",2011-03-22 13:11:00.000,15437,18
"579917",2011-12-01 08:58:00.000,15187,34
"561024",2011-07-24 10:35:00.000,12916,36
C555255,2011-06-01 15:19:00.000,17621,55
"576388",2011-11-15 10:00:00.000,17510,34
"572215",2011-10-21 12:52:00.000,12646,33
"565437",2011-09-04 13:48:00.000,17050,55
C560899,2011-07-21 17:32:00.000,15260,36
"574316",2011-11-03 18:45:00.000,17351,54
"539313",2010-12-16 18:18:00.000,14220,36
C553851,2011-05-19 13:04:00.000,15811,55
"539859",2010-12-22 16:23:00.000,17905,36
"549751",2011-04-12 10:58:00.000,13089,35
"558963",2011-07-05 10:57:00.000,14235,53
"543740",2011-02-11 13:36:00.000,15311,54
C573765,2011-11-01 09:57:00.000,18226,33
"568595",2011-09-28 11:11:00.000,16681,35
"560781",2011-07-21 09:43:00.000,13969,52
"563732",2011-08-18 17:50:00.000,15125,52
"574867",2011-11-07 12:39:00.000,16817,9
"574097",2011-11-03 09:56:00.000,12471,55
"567509",2011-09-20 14:51:00.000,14298,18
"536674",2010-12-02 12:16:00.000,15923,36
"563079",2011-08-11 16:31:00.000,15955,33
"570880",2011-10-13 09:16:00.000,14291,36
"578858",2011-11-27 11:22:00.000,18145,55
"579668",2011-11-30 12:32:00.000,15152,56
"574591",2011-11-06 10:47:00.000,15745,18
"559004",2011-07-05 12:23:00.000,12428,33
"556878",2011-06-15 12:01:00.000,15574,33
"560570",2011-07-19 14:28:00.000,16112,18
"540176",2011-01-05 12:40:00.000,17511,35
"561814",2011-07-29 15:40:00.000,14854,9
"579458",2011-11-29 14:38:00.000,16549,9
"576322",2011-11-14 15:03:00.000,12642,55
"565126",2011-09-01 12:17:00.000,17653,52
"578014",2011-11-22 12:58:00.000,13199,36
"561046",2011-07-24 12:33:00.000,16218,9
C541831,2011-01-21 17:12:00.000,18223,53
"541504",2011-01-18 15:37:00.000,14415,52
C576227,2011-11-14 13:11:00.000,14910,9
"553410",2011-05-17 09:24:00.000,14320,35
"555631",2011-06-06 12:06:00.000,18118,55
"551545",2011-05-03 09:34:00.000,12683,9
"562462",2011-08-05 11:21:00.000,16029,36
C552022,2011-05-05 17:58:00.000,12840,53
"539460",2010-12-17 18:07:00.000,12931,36
"560415",2011-07-18 14:36:00.000,15152,18
"581143",2011-12-07 13:46:00.000,17490,60
"556248",2011-06-09 16:33:00.000,15681,35
C540400,2011-01-07 09:25:00.000,16150,55
"566954",2011-09-15 16:39:00.000,15804,59
"566175",2011-09-09 12:36:00.000,18237,18
"553934",2011-05-20 10:31:00.000,15078,59
"558871",2011-07-04 13:19:00.000,12557,56
"566087",2011-09-09 10:24:00.000,13319,9
"560102",2011-07-14 18:28:00.000,13994,34
"538035",2010-12-09 13:03:00.000,16065,36
"578114",2011-11-23 09:41:00.000,16185,59
"561795",2011-07-29 13:28:00.000,12716,18
"571509",2011-10-17 15:28:00.000,13110,35
"544355",2011-02-18 10:53:00.000,12714,55
"570881",2011-10-13 09:30:00.000,12498,34
"537140",2010-12-05 12:53:00.000,12748,18
"564729",2011-08-28 12:44:00.000,13137,53
"551894",2011-05-05 10:20:00.000,12971,59
"541839",2011-01-23 11:15:00.000,17769,9
"567959",2011-09-23 09:13:00.000,12516,60
"565741",2011-09-06 12:32:00.000,15189,60
C554330,2011-05-23 17:08:00.000,12749,56
"577026",2011-11-17 12:55:00.000,17237,18
"566620",2011-09-14 09:21:00.000,13588,56
"540277",2011-01-06 12:18:00.000,14258,9
"577616",2011-11-21 10:22:00.000,13823,56
"564431",2011-08-25 11:36:00.000,15955,35
"579249",2011-11-28 16:32:00.000,17450,59
"578671",2011-11-24 17:32:00.000,16989,59
"566277",2011-09-11 14:01:00.000,16796,35
C569318,2011-10-03 12:14:00.000,13505,53
"561891",2011-07-31 14:19:00.000,15438,55
"565844",2011-09-07 12:19:00.000,17442,18
"544933",2011-02-25 08:44:00.000,12633,35
"537855",2010-12-08 15:59:00.000,15996,59
"575291",2011-11-09 12:20:00.000,16656,53
C577096,2011-11-17 16:40:00.000,17095,33
"580611",2011-12-05 11:49:00.000,12748,60
"576503",2011-11-15 11:56:00.000,17540,35
"539760",2010-12-21 17:16:00.000,17400,18
"577052",2011-11-17 14:08:00.000,17397,35
"553876",2011-05-19 14:45:00.000,16463,35
C555196,2011-06-01 11:40:00.000,14606,59
C538373,2010-12-12 11:13:00.000,16779,9
"544449",2011-02-20 12:14:00.000,16115,33
"567325",2011-09-19 14:28:00.000,13228,55
"538240",2010-12-10 12:00:00.000,16062,54
C546858,2011-03-17 14:24:00.000,14081,52
"569125",2011-09-30 13:21:00.000,15611,36
"545302",2011-03-01 12:46:00.000,14506,18
"560231",2011-07-17 10:55:00.000,13305,59
"563840",2011-08-19 13:33:00.000,14712,59
"570443",2011-10-10 14:37:00.000,17203,18
"560034",2011-07-14 13:35:00.000,13933,35
C578377,2011-11-24 11:44:00.000,14277,56
"547550",2011-03-23 15:41:00.000,16839,36
C542139,2011-01-25 17:24:00.000,17094,18
"541565",2011-01-19 11:48:00.000,14527,18
"536607",2010-12-02 09:29:00.000,17732,56
"550288",2011-04-15 14:21:00.000,17367,53
"541242",2011-01-16 11:49:00.000,12924,9
"540480",2011-01-07 15:27:00.000,12480,52
"576649",2011-11-16 10:32:00.000,16008,33
"547546",2011-03-23 15:26:00.000,13249,9
"556126",2011-06-09 10:23:00.000,14911,54
"559704",2011-07-12 09:54:00.000,12669,56
"552305",2011-05-08 15:16:00.000,14341,60
C570199,2011-10-07 15:52:00.000,13090,54
"579786",2011-11-30 15:31:00.000,12524,9
"551979",2011-05-05 13:44:00.000,14199,33
"543111",2011-02-03 12:44:00.000,15719,18
C540841,2011-01-11 16:14:00.000,15602,56
C558189,2011-06-27 12:16:00.000,15996,59
"543250",2011-02-04 14:46:00.000,13911,34
"542613",2011-01-30 14:36:00.000,17431,35
"566443",2011-09-12 15:31:00.000,17071,56
C543637,2011-02-10 16:35:00.000,15738,9
"558350",2011-06-28 14:51:00.000,17188,18
"542237",2011-01-26 14:30:00.000,12347,18
"549020",2011-04-05 15:36:00.000,13525,33
"537176",2010-12-05 13:26:00.000,16411,52
"545695",2011-03-06 14:15:00.000,17050,9
"565464",2011-09-05 09:45:00.000,13748,55
"568415",2011-09-27 11:06:00.000,15150,33
C557411,2011-06-20 11:37:00.000,13343,18
"565805",2011-09-07 10:51:00.000,18229,18
"555247",2011-06-01 14:42:00.000,14315,52
"568938",2011-09-29 14:46:00.000,17220,35
"577387",2011-11-18 16:55:00.000,17961,55
"561688",2011-07-29 08:48:00.000,14407,9
"549844",2011-04-12 14:17:00.000,12854,56
C538066,2010-12-09 13:58:00.000,15738,9
"554496",2011-05-24 14:25:00.000,18173,54
"561879",2011-07-31 12:43:00.000,13722,56
"564312",2011-08-24 12:52:00.000,15769,33
"540259",2011-01-06 09:00:00.000,18226,54
"539475",2010-12-19 14:41:00.000,16686,33
"581130",2011-12-07 12:49:00.000,18237,59
C563751,2011-08-19 10:37:00.000,12528,33
"558923",2011-07-05 10:06:00.000,16837,52
"544999",2011-02-25 12:28:00.000,17388,55
C577391,2011-11-18 17:03:00.000,13078,36
C552300,2011-05-08 14:45:00.000,14606,55
C575142,2011-11-08 15:36:00.000,17183,34
"568509",2011-09-27 12:26:00.000,16422,36
C555329,2011-06-02 11:08:00.000,15622,55
"549904",2011-04-12 16:20:00.000,17180,52
"576084",2011-11-14 08:27:00.000,15365,18
"560381",2011-07-18 12:42:00.000,14733,9
"571271",2011-10-16 12:16:00.000,15440,52
C572722,2011-10-25 15:08:00.000,16869,18
"562426",2011-08-04 17:13:00.000,12748,60
"581424",2011-12-08 15:29:00.000,13890,59
C561596,2011-07-28 11:23:00.000,16558,36
C571051,2011-10-13 13:49:00.000,14626,56
"543734",2011-02-11 12:22:00.000,17512,59
"555406",2011-06-02 19:50:00.000,17231,55
"539764",2010-12-22 11:07:00.000,14533,54
"537818",2010-12-08 13:53:00.000,12766,60
"552851",2011-05-11 15:07:00.000,12731,55
"561190",2011-07-25 13:37:00.000,17631,35
"536477",2010-12-01 12:27:00.000,16210,33
C561017,2011-07-22 16:49:00.000,13050,60
"559897",2011-07-13 12:18:00.000,16779,36
"536385",2010-12-01 09:56:00.000,17420,56
"553223",2011-05-16 10:28:00.000,12993,60
"551661",2011-05-03 12:17:00.000,15656,35
"563597",2011-08-18 06:20:00.000,14305,34
"572314",2011-10-23 15:59:00.000,17111,35
C542638,2011-01-31 11:15:00.000,13396,34
"557321",2011-06-20 08:50:00.000,15854,56
"549046",2011-04-06 10:07:00.000,15291,55
"538378",2010-12-12 11:26:00.000,14577,18
"547923",2011-03-28 13:35:00.000,14344,54
"555399",2011-06-02 17:41:00.000,15555,18
C564204,2011-08-24 08:55:00.000,13576,60
"568902",2011-09-29 13:23:00.000,13503,53
"538006",2010-12-09 12:13:00.000,14987,52
"555695",2011-06-06 14:32:00.000,16168,59
"547094",2011-03-21 08:39:00.000,13934,55
C554346,2011-05-23 17:48:00.000,18260,52
"553899",2011-05-19 17:25:00.000,14292,33
C576393,2011-11-15 10:34:00.000,13735,34
"573757",2011-11-01 09:46:00.000,17166,35
"557011",2011-06-16 11:50:00.000,16279,18
"553835",2011-05-19 11:50:00.000,13529,9
"542148",2011-01-26 10:10:00.000,14060,59
"546121",2011-03-09 14:30:00.000,14085,55
"555736",2011-06-07 09:13:00.000,17730,35
C564751,2011-08-30 10:06:00.000,17828,53
"573159",2011-10-28 08:58:00.000,16648,59
"556538",2011-06-13 12:42:00.000,15845,33
"556235",2011-06-09 15:29:00.000,12778,35
C548695,2011-04-03 10:08:00.000,17243,53
"548223",2011-03-30 10:18:00.000,17306,54
"550750",2011-04-20 11:45:00.000,13632,53
"540604",2011-01-10 11:38:00.000,15326,54
"536637",2010-12-02 11:35:00.000,18041,53
"580064",2011-12-01 13:32:00.000,18077,18
C567357,2011-09-19 16:23:00.000,16211,60
"556104",2011-06-08 16:34:00.000,13875,9
C563600,2011-08-18 06:24:00.000,14911,54
"562941",2011-08-11 08:39:00.000,15498,54
"538811",2010-12-14 12:22:00.000,13178,18
"559312",2011-07-07 13:43:00.000,14180,18
"563199",2011-08-14 10:38:00.000,16326,34
"581108",2011-12-07 12:16:00.000,15984,18
"577508",2011-11-20 12:45:00.000,18127,9
"561042",2011-07-24 12:18:00.000,16305,34
C567332,2011-09-19 14:52:00.000,13767,55
C562016,2011-08-01 14:12:00.000,14738,34
"550514",2011-04-18 16:49:00.000,14631,55
"572874",2011-10-26 13:28:00.000,13408,35
C556453,2011-06-10 16:33:00.000,14525,52
C553569,2011-05-18 09:23:00.000,16116,53
"577018",2011-11-17 12:25:00.000,12971,36
C557479,2011-06-20 13:56:00.000,16700,59
"563916",2011-08-21 13:43:00.000,13435,55
"567343",2011-09-19 15:21:00.000,17628,54
"550477",2011-04-18 14:01:00.000,17338,9
C549045,2011-04-06 09:25:00.000,14407,34
"556205",2011-06-09 13:37:00.000,15827,55
"557603",2011-06-21 12:02:00.000,16526,33
"559548",2011-07-10 15:17:00.000,17997,35
C552719,2011-05-11 09:47:00.000,13098,36
C574322,2011-11-03 19:42:00.000,15482,53
"558639",2011-07-01 08:55:00.000,13492,52
C542366,2011-01-27 12:54:00.000,13777,60
"573508",2011-10-31 12:11:00.000,12552,33
"574705",2011-11-06 14:06:00.000,14553,33
"563575",2011-08-17 15:05:00.000,17949,34
"574740",2011-11-06 16:07:00.000,12357,33
"560103",2011-07-14 18:44:00.000,17837,35
"548871",2011-04-04 14:42:00.000,14410,34
C574922,2011-11-07 16:39:00.000,15502,36
C577817,2011-11-22 09:17:00.000,13081,36
"576221",2011-11-14 13:01:00.000,15838,33
"576058",2011-11-13 15:15:00.000,15654,34
"549127",2011-04-06 14:23:00.000,14403,35
"570168",2011-10-07 14:05:00.000,17596,53
"558041",2011-06-24 13:20:00.000,12422,9
"567866",2011-09-22 14:13:00.000,16669,33
"562106",2011-08-02 15:19:00.000,14076,35
"575747",2011-11-11 10:19:00.000,12589,52
"561097",2011-07-25 10:47:00.000,15981,53
"562263",2011-08-03 15:45:00.000,17514,56
C572761,2011-10-26 09:38:00.000,12584,18
"557852",2011-06-23 10:57:00.000,15384,60
"547200",2011-03-21 13:01:00.000,16036,35
C553020,2011-05-12 19:09:00.000,12921,36
"574107",2011-11-03 10:49:00.000,13728,59
"553422",2011-05-17 10:27:00.000,16923,36
"548703",2011-04-03 11:37:00.000,16010,54
"569513",2011-10-04 13:55:00.000,14332,60
"539283",2010-12-16 15:47:00.000,14092,54
"580193",2011-12-02 12:03:00.000,16899,18
"575482",2011-11-09 16:33:00.000,15916,18
"575302",2011-11-09 12:32:00.000,17086,54
"572087",2011-10-20 14:30:00.000,12683,54
"563442",2011-08-16 13:25:00.000,17637,33
C579140,2011-11-28 13:05:00.000,16393,59
"545408",2011-03-02 12:10:00.000,15067,56
C550672,2011-04-20 10:10:00.000,12457,55
"579685",2011-11-30 13:46:00.000,15680,34
C580313,2011-12-02 15:10:00.000,12668,56
"580375",2011-12-02 17:13:00.000,14031,36
"556505",2011-06-13 09:43:00.000,17381,56
"568148",2011-09-25 11:36:00.000,14135,59
"580296",2011-12-02 13:49:00.000,13780,60
"541932",2011-01-24 11:39:00.000,14439,56
"554821",2011-05-26 14:09:00.000,13199,18
"560688",2011-07-20 11:54:00.000,16393,35
"553102",2011-05-13 11:58:00.000,12980,33
"536588",2010-12-01 16:49:00.000,17069,18
C548508,2011-03-31 14:51:00.000,14189,52
"548859",2011-04-04 13:32:00.000,13668,56
"549324",2011-04-08 10:32:00.000,16045,52
"564803",2011-08-30 11:32:00.000,13870,33
"546389",2011-03-11 13:56:00.000,16801,55
C539057,2010-12-15 16:40:00.000,18230,52
"566969",2011-09-15 19:36:00.000,15205,52
C554521,2011-05-24 17:11:00.000,14407,56
"553686",2011-05-18 13:58:00.000,14911,18
"555405",2011-06-02 19:17:00.000,17531,33
"555628",2011-06-06 11:59:00.000,15260,54
"560052",2011-07-14 15:30:00.000,15187,33
"553762",2011-05-19 10:38:00.000,18145,34
C580919,2011-12-06 14:07:00.000,16571,56
"568187",2011-09-25 14:32:00.000,13408,52
"558537",2011-06-30 12:06:00.000,12424,9
"541796",2011-01-21 13:55:00.000,14092,18
"565224",2011-09-01 19:11:00.000,14713,60
"575943",2011-11-13 11:44:00.000,17920,53
"544150",2011-02-16 11:59:00.000,14180,18
"564045",2011-08-22 12:59:00.000,16013,52
C569911,2011-10-06 16:47:00.000,16653,53
"574749",2011-11-07 08:54:00.000,15150,60
"542369",2011-01-27 13:08:00.000,12645,59
"572089",2011-10-20 14:33:00.000,15565,33
"568789",2011-09-29 09:37:00.000,14522,53
C568830,2011-09-29 11:34:00.000,13725,59
C554926,2011-05-27 12:59:00.000,16422,53
"567185",2011-09-18 15:55:00.000,16370,33
"539307",2010-12-16 17:43:00.000,13694,60
"551293",2011-04-27 14:28:00.000,14298,52
C545823,2011-03-07 12:54:00.000,13884,60
"561544",2011-07-28 10:14:00.000,16170,18
"558109",2011-06-26 15:36:00.000,12474,36
"551165",2011-04-26 15:58:00.000,17262,52
"560994",2011-07-22 13:35:00.000,15704,9
"569247",2011-10-03 10:08:00.000,17924,54
"536849",2010-12-03 09:45:00.000,17396,60
"556723",2011-06-14 11:25:00.000,18102,36
"560079",2011-07-14 16:12:00.000,15521,55
"543626",2011-02-10 15:40:00.000,15796,52
"551124",2011-04-26 12:47:00.000,15738,35
"565914",2011-09-07 15:43:00.000,18093,55
"542868",2011-02-01 12:25:00.000,16419,9
"570288",2011-10-10 11:47:00.000,16960,60
"550478",2011-04-18 14:01:00.000,15755,34
"572301",2011-10-23 14:41:00.000,16794,33
"552170",2011-05-06 12:53:00.000,16458,18
"546752",2011-03-16 12:55:00.000,13299,34
"561381",2011-07-26 17:14:00.000,17920,56
"568198",2011-09-25 14:52:00.000,16771,55
C540164,2011-01-05 12:02:00.000,14911,56
"542601",2011-01-30 11:52:00.000,16897,35
"576175",2011-11-14 11:02:00.000,15291,52
"551980",2011-05-05 13:46:00.000,17849,55
"562535",2011-08-05 14:50:00.000,13200,18
"555579",2011-06-05 16:02:00.000,13983,35
"538252",2010-12-10 12:29:00.000,16019,9
"570233",2011-10-09 13:58:00.000,16685,34
"539472",2010-12-19 14:23:00.000,15581,9
"538532",2010-12-13 10:31:00.000,13209,35
"572854",2011-10-26 12:28:00.000,14096,18
C541817,2011-01-21 16:11:00.000,13929,52
"549991",2011-04-14 08:13:00.000,18229,33
"546235",2011-03-10 12:42:00.000,14976,60
"566936",2011-09-15 15:35:00.000,18102,9
"550122",2011-04-14 12:39:00.000,12931,53
"571267",2011-10-16 11:58:00.000,17811,18
"575915",2011-11-11 16:33:00.000,15903,34
"538192",2010-12-10 10:50:00.000,15061,34
C552335,2011-05-09 11:25:00.000,12683,60
"569327",2011-10-03 12:47:00.000,15091,36
"574938",2011-11-07 17:15:00.000,14911,9
"571229",2011-10-14 14:04:00.000,15453,34
"569362",2011-10-03 15:06:00.000,18102,9
"566429",2011-09-12 14:24:00.000,17865,35
"537845",2010-12-08 15:23:00.000,17690,36
C567350,2011-09-19 16:02:00.000,17677,35
C549019,2011-04-05 15:22:00.000,12474,33
"538715",2010-12-14 11:03:00.000,14907,36
"563565",2011-08-17 14:22:00.000,17338,56
"545325",2011-03-01 15:01:00.000,16525,36
"548152",2011-03-29 13:04:00.000,17398,60
"581458",2011-12-08 18:45:00.000,17949,60
"570208",2011-10-09 10:23:00.000,16104,53
"566054",2011-09-08 15:04:00.000,12592,60
"537770",2010-12-08 12:24:00.000,15529,36
"557333",2011-06-20 10:25:00.000,17723,56
"578705",2011-11-25 11:12:00.000,12531,35
"569110",2011-09-30 12:44:00.000,17675,36
"557469",2011-06-20 13:18:00.000,12904,52
"572872",2011-10-26 13:27:00.000,15320,56
"562031",2011-08-01 17:37:00.000,16984,18
"561199",2011-07-25 14:45:00.000,14970,35
"556103",2011-06-08 16:18:00.000,16011,53
"552055",2011-05-06 10:32:00.000,16353,59
"542222",2011-01-26 12:42:00.000,14616,54
"574029",2011-11-02 12:34:00.000,12955,33
"546421",2011-03-13 11:21:00.000,13700,18
C541416,2011-01-17 16:23:00.000,14606,34
C577159,2011-11-18 09:58:00.000,15406,60
"541246",2011-01-16 12:41:00.000,15535,53
"570272",2011-10-10 10:45:00.000,14297,18
"576447",2011-11-15 11:30:00.000,13949,36
"570228",2011-10-09 13:28:00.000,15821,59
"565240",2011-09-02 10:05:00.000,17949,36
C559079,2011-07-06 10:44:00.000,17841,59
"567893",2011-09-22 15:54:00.000,17163,9
"546874",2011-03-17 16:33:00.000,16976,52
"565778",2011-09-06 15:04:00.000,17460,33
"547349",2011-03-22 12:02:00.000,15132,54
"554275",2011-05-23 13:17:00.000,14903,56
"543169",2011-02-04 08:59:00.000,13694,60
"549595",2011-04-11 10:59:00.000,13324,36
"574363",2011-11-04 10:57:00.000,18102,33
"541859",2011-01-23 15:34:00.000,14606,56
"563099",2011-08-12 09:37:00.000,15689,59
"566198",2011-09-09 13:58:00.000,18109,35
"577697",2011-11-21 12:02:00.000,15804,60
"560273",2011-07-17 14:59:00.000,14895,56
"551279",2011-04-27 13:19:00.000,16013,34
"556102",2011-06-08 16:15:00.000,13115,52
C571925,2011-10-19 16:31:00.000,13115,52
"568701",2011-09-28 15:07:00.000,13924,60
"565782",2011-09-06 15:48:00.000,12748,60
"552450",2011-05-09 13:51:00.000,13798,56
"561796",2011-07-29 13:34:00.000,13138,52
"544569",2011-02-21 12:58:00.000,16980,53
"566494",2011-09-13 11:12:00.000,17404,53
C547236,2011-03-21 16:27:00.000,14180,60
"577893",2011-11-22 11:47:00.000,17073,34
"564219",2011-08-24 09:30:00.000,16422,56
"543799",2011-02-13 11:22:00.000,17236,34
"547846",2011-03-27 11:59:00.000,18071,56
"572768",2011-10-26 10:13:00.000,17865,35
"568328",2011-09-26 14:06:00.000,18016,18
"566554",2011-09-13 11:39:00.000,13136,33
"542731",2011-01-31 15:27:00.000,13600,59
"551163",2011-04-26 15:52:00.000,12573,9
"559465",2011-07-08 13:26:00.000,14680,60
"558460",2011-06-29 14:53:00.000,16779,52
"548974",2011-04-05 11:47:00.000,15194,9
"568145",2011-09-25 11:30:00.000,12388,60
"553753",2011-05-19 10:22:00.000,12971,54
C572275,2011-10-23 09:42:00.000,12572,54
"559145",2011-07-06 14:17:00.000,17404,34
"555744",2011-06-07 10:44:00.000,18072,54
"565439",2011-09-04 13:56:00.000,14852,18
"558627",2011-06-30 17:40:00.000,14711,18
C548355,2011-03-30 15:06:00.000,12921,55
"546441",2011-03-14 10:36:00.000,15159,52
"565586",2011-09-05 13:22:00.000,16172,33
"536806",2010-12-02 16:42:00.000,12971,56
"569524",2011-10-04 14:42:00.000,14506,52
"545011",2011-02-25 13:05:00.000,13666,34
"550978",2011-04-21 17:31:00.000,13983,18
"546748",2011-03-16 12:42:00.000,15182,34
"579400",2011-11-29 12:10:00.000,17306,53
"562589",2011-08-07 15:16:00.000,15198,36
"542106",2011-01-25 13:37:00.000,12709,35
"568688",2011-09-28 14:38:00.000,16458,9
"567619",2011-09-21 12:28:00.000,15203,18
"568651",2011-09-28 12:04:00.000,12362,54
C557175,2011-06-17 11:13:00.000,16170,34
"576076",2011-11-13 16:18:00.000,14382,55
"551811",2011-05-04 11:37:00.000,15039,53
"579437",2011-11-29 13:22:00.000,16852,60
C571473,2011-10-17 14:38:00.000,12679,59
"563545",2011-08-17 12:20:00.000,15039,53
"551525",2011-05-01 12:37:00.000,14667,53
"568997",2011-09-29 17:27:00.000,16233,35
"579108",2011-11-28 11:44:00.000,16705,36
"575204",2011-11-09 10:16:00.000,15027,52
"542143",2011-01-26 09:23:00.000,15061,9
C545847,2011-03-07 13:40:00.000,15903,60
"577143",2011-11-18 09:31:00.000,13200,60
C561684,2011-07-28 19:36:00.000,13136,36
"574239",2011-11-03 12:43:00.000,14849,56
"548654",2011-04-01 13:47:00.000,12569,60
"562123",2011-08-02 17:19:00.000,17353,56
"576222",2011-11-14 13:02:00.000,12490,52
"561534",2011-07-28 09:45:00.000,14307,59
C553534,2011-05-17 15:15:00.000,14849,54
"576394",2011-11-15 10:32:00.000,12415,34
"571245",2011-10-14 15:50:00.000,16839,35
"548311",2011-03-30 12:05:00.000,13728,56
"565141",2011-09-01 13:40:00.000,17841,52
"547092",2011-03-21 08:18:00.000,16619,18
C537383,2010-12-06 13:17:00.000,16550,56
"559682",2011-07-11 14:55:00.000,17337,56
"563073",2011-08-11 15:56:00.000,18235,35
"554119",2011-05-22 15:27:00.000,16592,9
"563026",2011-08-11 14:04:00.000,15747,9
"557301",2011-06-19 14:08:00.000,15373,36
"555857",2011-06-07 14:03:00.000,16393,35
"560260",2011-07-17 13:32:00.000,14044,53
"540801",2011-01-11 12:25:00.000,12540,59
"568368",2011-09-26 16:13:00.000,17997,56
C558465,2011-06-29 15:19:00.000,13418,59
"580262",2011-12-02 12:42:00.000,16759,59
"575904",2011-11-11 15:28:00.000,18014,60
"580659",2011-12-05 13:46:00.000,17811,34
"548199",2011-03-29 16:12:00.000,16945,54
"538993",2010-12-15 12:01:00.000,15512,54
C569909,2011-10-06 16:43:00.000,17611,59
"545343",2011-03-02 09:05:00.000,15733,33
"563621",2011-08-18 10:10:00.000,13113,56
"573829",2011-11-01 11:35:00.000,16830,35
C540007,2011-01-04 11:08:00.000,15379,18
"546366",2011-03-11 11:37:00.000,12748,56
"580152",2011-12-02 10:22:00.000,12364,55
"572078",2011-10-20 14:10:00.000,15807,56
"577827",2011-11-22 09:53:00.000,16782,36
"546062",2011-03-09 10:51:00.000,16221,59
"569579",2011-10-05 11:06:00.000,17666,53
"577724",2011-11-21 12:37:00.000,12984,33
"573397",2011-10-30 15:19:00.000,15547,52
C563107,2011-08-12 10:17:00.000,12709,18
C567365,2011-09-19 16:59:00.000,15443,56
C540376,2011-01-06 17:27:00.000,13488,56
C543431,2011-02-08 11:37:00.000,12474,18
"580713",2011-12-05 16:37:00.000,18030,60
"573300",2011-10-28 16:10:00.000,16049,60
"567293",2011-09-19 12:01:00.000,12640,53
"571726",2011-10-19 09:00:00.000,16191,18
"542374",2011-01-27 13:40:00.000,15696,52
"556915",2011-06-15 13:35:00.000,15036,53
"578914",2011-11-27 11:54:00.000,13782,60
C573031,2011-10-27 13:35:00.000,13004,36
"557250",2011-06-17 15:59:00.000,12748,56
"570167",2011-10-07 14:04:00.000,15615,53
"563943",2011-08-22 10:04:00.000,13139,33
"578834",2011-11-25 15:32:00.000,18109,33
"578089",2011-11-22 17:02:00.000,12483,53
"573532",2011-10-31 12:45:00.000,13145,59
"574272",2011-11-03 14:32:00.000,16500,55
C555892,2011-06-07 16:03:00.000,14227,34
"569827",2011-10-06 12:26:00.000,13591,53
"551299",2011-04-27 14:48:00.000,17530,34
"549994",2011-04-14 08:27:00.000,14057,9
"580657",2011-12-05 13:43:00.000,14696,36
"574942",2011-11-07 17:50:00.000,15330,34
"557503",2011-06-20 15:47:00.000,16839,56
"571276",2011-10-16 12:30:00.000,14702,54
"548401",2011-03-31 09:07:00.000,14479,18
"538510",2010-12-12 13:47:00.000,18004,36
"574069",2011-11-02 14:52:00.000,17735,53
"573085",2011-10-27 14:27:00.000,14441,53
"543019",2011-02-02 14:25:00.000,17912,33
"573808",2011-11-01 11:29:00.000,14419,36
"578480",2011-11-24 12:48:00.000,15502,52
"547706",2011-03-24 18:25:00.000,12901,55
"564975",2011-08-31 15:35:00.000,17097,33
"563854",2011-08-19 15:24:00.000,12364,60
"581382",2011-12-08 12:57:00.000,13860,9
"549550",2011-04-10 11:45:00.000,15038,9
"562153",2011-08-03 11:21:00.000,14088,35
"573363",2011-10-30 13:06:00.000,16079,18
"579927",2011-12-01 09:20:00.000,12572,56
"545218",2011-02-28 17:01:00.000,17462,52
"576075",2011-11-13 16:16:00.000,15861,55
"579943",2011-12-01 10:38:00.000,13040,36
"570776",2011-10-12 11:45:00.000,13985,35
"536796",2010-12-02 15:46:00.000,15574,53
"562037",2011-08-02 09:34:00.000,13023,59
C550466,2011-04-18 13:34:00.000,14032,52
C557883,2011-06-23 13:30:00.000,17611,59
"568147",2011-09-25 11:34:00.000,15044,56
C549905,2011-04-12 16:21:00.000,17576,55
C560533,2011-07-19 12:00:00.000,16488,60
C543621,2011-02-10 14:59:00.000,14475,36
"578013",2011-11-22 12:55:00.000,17360,34
"558768",2011-07-03 13:33:00.000,15952,56
"549417",2011-04-08 11:44:00.000,14258,59
"580402",2011-12-04 11:55:00.000,13536,54
"538644",2010-12-13 14:39:00.000,12476,36
"556247",2011-06-09 16:16:00.000,15058,59
C548463,2011-03-31 12:11:00.000,13225,59
"541788",2011-01-21 13:05:00.000,13999,33
"547000",2011-03-18 13:51:00.000,14282,59
"547877",2011-03-27 15:46:00.000,14573,52
"577406",2011-11-20 10:36:00.000,12702,52
C539065,2010-12-15 16:52:00.000,14898,9
"538007",2010-12-09 12:16:00.000,14355,54
"564019",2011-08-22 11:54:00.000,13408,60
"559894",2011-07-13 12:06:00.000,14159,56
"555632",2011-06-06 12:16:00.000,13798,56
"579005",2011-11-28 09:08:00.000,16191,52
"556064",2011-06-08 14:20:00.000,13777,59
C572489,2011-10-24 13:59:00.000,17119,35
"554028",2011-05-20 13:43:00.000,15410,52
"570455",2011-10-10 15:27:00.000,14529,55
"570255",2011-10-10 09:41:00.000,17648,60
"566027",2011-09-08 12:57:00.000,15618,52
"565219",2011-09-01 18:07:00.000,14420,54
"558538",2011-06-30 12:12:00.000,15005,60
C548908,2011-04-05 08:25:00.000,18108,9
"562445",2011-08-04 18:51:00.000,12417,56
"577511",2011-11-20 12:53:00.000,17561,18
C568377,2011-09-27 08:53:00.000,14911,56
"554490",2011-05-24 13:50:00.000,17058,52
"538117",2010-12-09 15:33:00.000,13327,36
"571667",2011-10-18 13:04:00.000,14554,56
"563699",2011-08-18 13:47:00.000,13381,60
"578938",2011-11-27 13:07:00.000,16592,60
"575972",2011-11-13 13:01:00.000,14499,55
"542735",2011-01-31 15:36:00.000,12681,36
"554116",2011-05-22 15:11:00.000,14514,34
"541086",2011-01-13 12:32:00.000,16503,35
"574724",2011-11-06 14:47:00.000,13759,54
C553763,2011-05-19 10:39:00.000,15081,52
"550504",2011-04-18 15:43:00.000,16654,18
"579492",2011-11-29 15:23:00.000,12670,60
"559527",2011-07-10 11:24:00.000,17787,18
"557952",2011-06-23 18:33:00.000,14584,54
C563068,2011-08-11 15:26:00.000,13722,56
"542393",2011-01-27 15:02:00.000,18125,35
"574860",2011-11-07 12:10:00.000,17857,56
C581178,2011-12-07 15:39:00.000,15525,60
"549829",2011-04-12 12:56:00.000,16713,18
"577858",2011-11-22 11:24:00.000,16365,33
"578544",2011-11-24 15:01:00.000,17096,59
"554484",2011-05-24 13:02:00.000,13854,9
"571740",2011-10-19 10:34:00.000,17973,34
"548016",2011-03-29 11:39:00.000,16871,9
"570884",2011-10-13 10:09:00.000,17315,36
C570853,2011-10-12 14:54:00.000,15473,60
"581501",2011-12-09 10:46:00.000,12985,53
"565408",2011-09-04 11:12:00.000,16813,55
C558095,2011-06-26 13:13:00.000,15046,34
"566262",2011-09-11 12:56:00.000,15527,18
"561648",2011-07-28 15:21:00.000,15746,60
C563433,2011-08-16 12:14:00.000,16033,59
"557426",2011-06-20 12:06:00.000,15016,9
C541229,2011-01-14 16:43:00.000,16359,59
"563834",2011-08-19 12:50:00.000,14401,33
"547893",2011-03-28 10:25:00.000,13552,33
"560548",2011-07-19 12:42:00.000,17867,55
"565781",2011-09-06 15:34:00.000,13098,35
"573577",2011-10-31 14:12:00.000,17396,33
"559203",2011-07-07 10:43:00.000,17723,36
"555584",2011-06-06 09:04:00.000,16906,18
C544279,2011-02-17 12:03:00.000,17954,53
"572197",2011-10-21 11:56:00.000,18102,35
"580163",2011-12-02 11:12:00.000,12828,60
"541123",2011-01-14 09:52:00.000,13385,9
"573389",2011-10-30 14:45:00.000,14895,33
"537738",2010-12-08 11:02:00.000,17706,9
"560710",2011-07-20 12:51:00.000,14646,36
"580279",2011-12-02 13:12:00.000,15123,36
"543803",2011-02-13 12:05:00.000,17126,60
"551603",2011-05-03 11:34:00.000,16745,56
"550320",2011-04-17 12:37:00.000,12748,52
"576651",2011-11-16 10:37:00.000,14626,9
"561697",2011-07-29 10:06:00.000,18127,52
"560934",2011-07-22 10:48:00.000,16722,18
C571896,2011-10-19 14:18:00.000,16533,55
"537885",2010-12-09 09:34:00.000,12942,34
C554689,2011-05-25 16:51:00.000,15027,56
"554083",2011-05-22 11:51:00.000,18125,52
"573325",2011-10-30 10:58:00.000,15370,33
"568658",2011-09-28 12:25:00.000,18242,36
"566933",2011-09-15 15:30:00.000,18102,52
"539259",2010-12-16 14:32:00.000,13050,56
"551418",2011-04-28 13:50:00.000,17893,52
"540815",2011-01-11 12:55:00.000,15749,59
C559741,2011-07-12 11:10:00.000,13013,55
"578150",2011-11-23 11:18:00.000,16020,34
"553872",2011-05-19 14:35:00.000,13050,55
"544484",2011-02-21 11:10:00.000,15321,54
"543476",2011-02-08 15:24:00.000,13050,53
"545035",2011-02-25 17:03:00.000,15078,53
"574936",2011-11-07 17:06:00.000,13066,54
C548717,2011-04-04 08:50:00.000,16297,53
"559154",2011-07-06 15:15:00.000,17045,9
"573273",2011-10-28 13:04:00.000,12678,55
"541567",2011-01-19 11:51:00.000,12681,59
"549263",2011-04-07 12:39:00.000,15800,60
"537376",2010-12-06 12:59:00.000,16722,36
"543977",2011-02-14 15:35:00.000,15615,18
"549044",2011-04-06 09:11:00.000,16161,36
"546164",2011-03-10 10:04:00.000,15939,34
"551715",2011-05-03 15:23:00.000,13102,53
"549353",2011-04-08 11:21:00.000,13962,54
"544193",2011-02-17 08:23:00.000,12431,35
"566266",2011-09-11 13:22:00.000,17299,9
C571680,2011-10-18 13:43:00.000,12679,53
C538647,2010-12-13 14:56:00.000,15808,54
"572753",2011-10-25 17:29:00.000,15856,33
"541113",2011-01-13 15:18:00.000,16775,55
"543458",2011-02-08 13:28:00.000,14587,60
"569659",2011-10-05 13:04:00.000,14099,9
C559739,2011-07-12 11:07:00.000,16422,55
"556879",2011-06-15 12:07:00.000,16461,34
"578996",2011-11-27 16:02:00.000,13991,33
"561871",2011-07-31 11:46:00.000,13018,54
"558418",2011-06-29 11:35:00.000,12901,52
"568329",2011-09-26 14:12:00.000,15243,34
"542519",2011-01-28 12:19:00.000,15159,9
C569954,2011-10-06 18:34:00.000,14792,33
"565419",2011-09-04 12:07:00.000,13808,55
"549520",2011-04-08 15:19:00.000,13265,9
"537796",2010-12-08 13:03:00.000,18061,36
"580024",2011-12-01 11:51:00.000,15172,59
"544816",2011-02-23 16:41:00.000,13090,35
"577478",2011-11-20 11:33:00.000,15963,35
"539663",2010-12-21 10:26:00.000,17961,52
C562709,2011-08-08 14:32:00.000,17511,18
C539827,2010-12-22 12:43:00.000,15044,52
"578819",2011-11-25 13:52:00.000,15311,35
"550015",2011-04-14 10:54:00.000,17735,35
"569496",2011-10-04 13:45:00.000,12395,56
C559461,2011-07-08 13:04:00.000,14680,34
"547840",2011-03-27 10:56:00.000,15133,35
"550663",2011-04-20 09:30:00.000,15078,18
"542583",2011-01-28 15:09:00.000,14051,36
C579266,2011-11-29 09:25:00.000,15621,53
"571749",2011-10-19 11:16:00.000,17934,34
"541881",2011-01-24 10:43:00.000,14501,54
"545503",2011-03-03 11:34:00.000,15719,52
"560586",2011-07-19 15:48:00.000,13631,53
C556729,2011-06-14 11:37:00.000,13319,18
"548635",2011-04-01 12:27:00.000,16333,55
"540022",2011-01-04 12:57:00.000,17188,55
C561586,2011-07-28 10:49:00.000,14243,34
"550157",2011-04-14 15:26:00.000,16393,9
"569099",2011-09-30 12:12:00.000,17961,35
"574260",2011-11-03 13:58:00.000,13014,55
C578003,2011-11-22 12:31:00.000,13832,34
"578064",2011-11-22 15:37:00.000,13238,59
"563038",2011-08-11 15:05:00.000,16656,52
"570875",2011-10-12 17:00:00.000,12667,36
"551776",2011-05-04 11:23:00.000,13268,53
C580747,2011-12-06 09:46:00.000,17611,54
"557013",2011-06-16 12:05:00.000,15044,35
"554015",2011-05-20 13:14:00.000,17644,33
"564743",2011-08-28 15:17:00.000,14606,56
"541813",2011-01-21 15:36:00.000,18239,18
"562967",2011-08-11 10:54:00.000,16422,52
"580419",2011-12-04 12:08:00.000,16283,59
"565152",2011-09-01 14:42:00.000,17799,35
"556115",2011-06-09 09:39:00.000,15241,60
"549970",2011-04-13 14:25:00.000,15026,54
C550646,2011-04-19 16:32:00.000,16873,36
"542933",2011-02-02 10:56:00.000,14411,36
"571405",2011-10-17 12:12:00.000,13871,9
"537415",2010-12-06 15:09:00.000,16654,53
"568987",2011-09-29 15:58:00.000,12709,59
C566090,2011-09-09 10:32:00.000,12477,60
"541602",2011-01-19 17:17:00.000,17231,59
"541480",2011-01-18 12:05:00.000,12527,60
"544210",2011-02-17 11:01:00.000,14911,9
"547034",2011-03-20 10:30:00.000,18229,54
"577606",2011-11-21 09:11:00.000,12462,36
"539052",2010-12-15 16:26:00.000,15615,54
"554018",2011-05-20 13:15:00.000,17644,60
"546875",2011-03-17 16:38:00.000,12514,59
"548412",2011-03-31 10:38:00.000,12601,60
"539978",2010-12-23 14:06:00.000,13165,52
"539086",2010-12-16 09:35:00.000,17001,55
"557674",2011-06-22 10:19:00.000,16422,53
"566488",2011-09-13 10:16:00.000,12940,56
C547958,2011-03-28 15:18:00.000,15032,52
"561899",2011-07-31 15:26:00.000,17173,60
"546000",2011-03-08 14:47:00.000,13089,59
"574442",2011-11-04 11:40:00.000,12704,52
"580598",2011-12-05 11:05:00.000,17526,9
C569117,2011-09-30 12:54:00.000,17506,33
C550099,2011-04-14 12:28:00.000,16933,56
"575051",2011-11-08 12:14:00.000,15957,36
"572552",2011-10-24 17:07:00.000,14096,9
C539258,2010-12-16 14:30:00.000,16233,54
"544303",2011-02-17 13:28:00.000,18116,59
"539957",2010-12-23 12:58:00.000,12585,53
C566007,2011-09-08 12:03:00.000,16076,54
C546865,2011-03-17 15:46:00.000,14226,36
"581475",2011-12-09 08:39:00.000,13069,55
"576864",2011-11-16 16:06:00.000,12748,52
"559420",2011-07-08 11:52:00.000,17663,60
"552548",2011-05-10 10:35:00.000,16357,18
"547500",2011-03-23 12:39:00.000,13408,33
"558705",2011-07-01 12:52:00.000,12748,53
C581490,2011-12-09 09:57:00.000,14397,36
"577410",2011-11-20 10:59:00.000,14664,55
"580272",2011-12-02 12:52:00.000,15547,33
C542639,2011-01-31 11:18:00.000,16570,18
"551276",2011-04-27 13:06:00.000,16016,53
C560046,2011-07-14 14:55:00.000,17049,33
"546169",2011-03-10 10:27:00.000,14603,56
"561626",2011-07-28 14:03:00.000,14898,34
"547572",2011-03-24 10:03:00.000,13512,54
"543646",2011-02-10 19:44:00.000,17790,18
"567169",2011-09-18 12:40:00.000,14487,52
"566265",2011-09-11 13:16:00.000,18255,54
"566191",2011-09-09 13:26:00.000,14388,9
"572653",2011-10-25 12:12:00.000,15861,9
"538366",2010-12-12 10:47:00.000,18109,36
"545915",2011-03-08 11:44:00.000,17419,54
"546768",2011-03-16 14:54:00.000,15694,35
"556954",2011-06-16 08:38:00.000,15585,60
"540562",2011-01-10 10:35:00.000,12524,18
"542915",2011-02-01 16:18:00.000,15940,56
"577492",2011-11-20 12:13:00.000,16900,34
"566674",2011-09-14 11:41:00.000,15105,33
C536979,2010-12-03 14:23:00.000,17841,34
C553512,2011-05-17 13:50:00.000,15005,36
"564563",2011-08-26 10:32:00.000,13630,35
"573874",2011-11-01 12:45:00.000,13868,55
"574143",2011-11-03 11:27:00.000,18041,36
"562892",2011-08-10 12:24:00.000,16292,9
"563562",2011-08-17 14:02:00.000,16029,59
"575970",2011-11-13 12:50:00.000,16416,52
"549118",2011-04-06 13:18:00.000,14911,56
"569100",2011-09-30 12:19:00.000,12748,52
"562841",2011-08-09 16:42:00.000,17675,55
"541965",2011-01-24 13:27:00.000,12625,52
"552652",2011-05-10 14:09:00.000,14591,55
"562949",2011-08-11 09:47:00.000,14346,53
"548308",2011-03-30 12:00:00.000,17220,53
"560692",2011-07-20 12:01:00.000,14704,33
C574558,2011-11-04 15:48:00.000,15187,55
"565472",2011-09-05 10:15:00.000,16255,36
C564945,2011-08-31 13:26:00.000,16652,18
"540519",2011-01-09 12:12:00.000,12793,9
"578321",2011-11-23 16:59:00.000,12557,53
"567356",2011-09-19 16:21:00.000,16527,18
"576775",2011-11-16 13:21:00.000,13629,35
"549243",2011-04-07 11:47:00.000,16043,52
"569726",2011-10-06 09:36:00.000,17419,54
"538048",2010-12-09 13:14:00.000,15945,60
"539017",2010-12-15 13:50:00.000,13418,55
"559313",2011-07-07 13:44:00.000,16325,54
"565380",2011-09-02 15:20:00.000,14463,52
"541585",2011-01-19 14:22:00.000,14180,52
C569958,2011-10-06 18:38:00.000,13266,52
"555583",2011-06-06 09:03:00.000,13534,34
"566239",2011-09-11 11:26:00.000,14665,56
"564039",2011-08-22 12:40:00.000,12645,52
"574064",2011-11-02 14:35:00.000,17434,60
"578704",2011-11-25 11:12:00.000,18172,59
"553874",2011-05-19 14:44:00.000,15660,53
"562545",2011-08-05 15:46:00.000,12971,18
C537043,2010-12-05 10:48:00.000,15351,18
"566575",2011-09-13 13:15:00.000,17133,59
"561383",2011-07-27 08:35:00.000,13730,52
C565025,2011-08-31 16:32:00.000,13050,9
"568367",2011-09-26 15:51:00.000,15755,55
"571641",2011-10-18 12:07:00.000,17135,56
C561608,2011-07-28 12:19:00.000,15827,56
"567239",2011-09-19 11:33:00.000,14735,9
"557526",2011-06-21 09:30:00.000,14397,52
"555740",2011-06-07 09:51:00.000,18226,35
"571474",2011-10-17 14:41:00.000,16389,36
"571464",2011-10-17 14:28:00.000,14805,34
"559455",2011-07-08 12:34:00.000,13018,60
C545844,2011-03-07 13:38:00.000,16838,18
C537788,2010-12-08 12:49:00.000,15916,52
"577046",2011-11-17 13:46:00.000,12449,52
"576924",2011-11-17 10:53:00.000,17419,56
"554919",2011-05-27 12:38:00.000,13225,59
"577598",2011-11-21 08:19:00.000,13430,36
"543378",2011-02-07 15:34:00.000,18102,56
"564714",2011-08-28 10:54:00.000,15290,35
"536420",2010-12-01 12:03:00.000,16583,56
"549308",2011-04-08 09:13:00.000,13767,34
"565412",2011-09-04 11:36:00.000,14156,9
"537667",2010-12-08 08:12:00.000,17870,33
C557224,2011-06-17 13:22:00.000,15311,59
"577716",2011-11-21 12:18:00.000,15857,60
"574754",2011-11-07 09:24:00.000,17430,55
"581579",2011-12-09 12:19:00.000,17581,59
C561235,2011-07-26 10:27:00.000,13767,33
"580116",2011-12-01 16:28:00.000,15290,34
"580637",2011-12-05 12:40:00.000,15033,33
"547240",2011-03-21 16:32:00.000,17585,56
"569361",2011-10-03 14:59:00.000,16183,36
"541793",2011-01-21 13:13:00.000,13969,56
"569560",2011-10-05 09:42:00.000,14511,53
"571063",2011-10-13 14:47:00.000,16430,52
"576379",2011-11-15 09:21:00.000,16423,55
"553406",2011-05-17 08:38:00.000,14952,36
"553882",2011-05-19 15:30:00.000,16672,35
"569701",2011-10-05 15:56:00.000,12723,55
"554078",2011-05-22 11:38:00.000,12971,18
"549311",2011-04-08 09:25:00.000,14924,56
"545030",2011-02-25 15:32:00.000,13798,53
"574934",2011-11-07 16:50:00.000,16717,36
"574960",2011-11-08 10:17:00.000,17091,56
"571486",2011-10-17 14:59:00.000,17612,60
C566584,2011-09-13 13:59:00.000,17779,53
C548356,2011-03-30 15:12:00.000,12472,60
"547715",2011-03-25 08:50:00.000,12520,52
"573166",2011-10-28 09:15:00.000,13089,53
"562269",2011-08-03 16:35:00.000,14056,34
"573362",2011-10-30 13:06:00.000,12597,18
"554632",2011-05-25 11:41:00.000,14287,36
"571738",2011-10-19 10:32:00.000,13089,59
"569535",2011-10-04 15:41:00.000,15044,55
C544828,2011-02-24 09:49:00.000,17147,56
"536788",2010-12-02 15:25:00.000,15061,56
"543122",2011-02-03 14:01:00.000,13819,9
C547208,2011-03-21 14:39:00.000,15189,34
"564752",2011-08-30 10:07:00.000,16126,54
"567895",2011-09-22 15:57:00.000,13777,56
C552014,2011-05-05 17:35:00.000,15708,33
"540245",2011-01-05 15:42:00.000,13082,33
"560989",2011-07-22 13:20:00.000,15704,33
"581485",2011-12-09 09:38:00.000,17389,55
"559171",2011-07-07 08:21:00.000,17651,54
"548554",2011-04-01 09:19:00.000,13694,55
"564635",2011-08-26 12:41:00.000,15615,60
C576647,2011-11-16 10:23:00.000,15584,54
"577310",2011-11-18 13:15:00.000,13516,33
"572733",2011-10-25 15:27:00.000,18079,34
"547202",2011-03-21 13:38:00.000,17841,56
"551857",2011-05-04 15:33:00.000,13037,53
"537795",2010-12-08 13:03:00.000,17213,56
"567855",2011-09-22 13:38:00.000,13220,56
"564373",2011-08-25 09:56:00.000,15290,18
"578171",2011-11-23 11:36:00.000,17685,36
"575738",2011-11-11 09:02:00.000,16790,36
"551141",2011-04-26 13:12:00.000,17061,53
"568191",2011-09-25 14:37:00.000,16655,52
"551724",2011-05-03 17:12:00.000,15976,55
"550344",2011-04-18 09:00:00.000,12754,52
"546632",2011-03-15 12:05:00.000,17080,36
"561903",2011-07-31 16:04:00.000,17162,56
"544081",2011-02-15 15:49:00.000,17819,53
"549435",2011-04-08 12:33:00.000,12356,55
C551947,2011-05-05 11:20:00.000,15147,33
"546420",2011-03-13 11:18:00.000,14810,33
"563508",2011-08-17 10:27:00.000,16133,53
"575129",2011-11-08 14:30:00.000,13110,55
"576556",2011-11-15 13:07:00.000,14640,9
"576971",2011-11-17 11:51:00.000,14032,33
"568647",2011-09-28 11:48:00.000,16157,59
"565672",2011-09-06 09:34:00.000,17700,56
"578012",2011-11-22 12:54:00.000,14768,34
"558126",2011-06-27 10:29:00.000,15482,53
"543669",2011-02-11 11:22:00.000,16029,60
"575639",2011-11-10 13:49:00.000,15289,36
"566987",2011-09-16 10:56:00.000,12476,36
C553033,2011-05-12 19:50:00.000,13883,18
"543054",2011-02-03 10:39:00.000,13394,60
C567534,2011-09-21 09:49:00.000,16341,34
"541862",2011-01-23 16:02:00.000,14068,55
"575299",2011-11-09 12:30:00.000,14691,35
"562939",2011-08-11 08:37:00.000,15498,54
"574021",2011-11-02 12:18:00.000,14434,54
C544590,2011-02-21 15:12:00.000,14744,35
C549788,2011-04-12 11:59:00.000,13098,52
"562342",2011-08-04 12:13:00.000,16929,34
C552406,2011-05-09 12:39:00.000,12709,55
C544420,2011-02-18 15:18:00.000,16191,52
C561620,2011-07-28 13:40:00.000,15845,34
"538907",2010-12-15 10:40:00.000,15373,60
C537320,2010-12-06 11:47:00.000,14867,56
"539637",2010-12-20 15:22:00.000,14083,33
"537179",2010-12-05 13:29:00.000,13767,52
"542233",2011-01-26 13:46:00.000,13098,34
"559462",2011-07-08 13:12:00.000,16523,36
"557286",2011-06-19 12:36:00.000,17879,9
"546994",2011-03-18 13:20:00.000,16684,35
"544073",2011-02-15 14:44:00.000,14935,33
C551674,2011-05-03 12:40:00.000,16654,60
"536389",2010-12-01 10:03:00.000,12431,54
"565441",2011-09-04 14:08:00.000,13240,56
"577022",2011-11-17 12:42:00.000,13668,36
C541654,2011-01-20 11:53:00.000,12540,56
"562842",2011-08-09 16:44:00.000,17675,53
"557886",2011-06-23 13:39:00.000,17799,60
"561618",2011-07-28 13:28:00.000,18172,55
"550517",2011-04-19 08:17:00.000,14352,33
"573160",2011-10-28 08:58:00.000,14359,36
"566727",2011-09-14 13:12:00.000,17347,35
"550972",2011-04-21 17:05:00.000,14031,52
C580641,2011-12-05 12:52:00.000,15621,36
"538857",2010-12-14 13:58:00.000,15311,34
"556054",2011-06-08 13:26:00.000,14561,55
C571543,2011-10-17 16:53:00.000,17677,54
"558276",2011-06-28 10:18:00.000,16422,59
"541883",2011-01-24 10:56:00.000,13408,60
"556464",2011-06-12 10:53:00.000,18281,18
"536750",2010-12-02 14:04:00.000,17850,54
"548749",2011-04-04 12:29:00.000,13004,53
"576254",2011-11-14 14:02:00.000,16422,56
C566785,2011-09-15 10:28:00.000,17071,18
"550469",2011-04-18 13:46:00.000,16399,36
"552820",2011-05-11 12:53:00.000,16644,9
"537192",2010-12-05 13:42:00.000,16402,33
"578105",2011-11-23 08:47:00.000,14911,9
"563371",2011-08-16 09:39:00.000,14006,33
"547912",2011-03-28 12:27:00.000,18010,59
C575159,2011-11-08 16:21:00.000,15513,18
"536790",2010-12-02 15:26:00.000,17850,55
"571205",2011-10-14 12:41:00.000,15620,54
"549571",2011-04-10 15:25:00.000,15655,54
C548543,2011-03-31 18:44:00.000,14525,56
"563184",2011-08-12 14:50:00.000,17516,54
"559893",2011-07-13 12:06:00.000,14498,56
"555569",2011-06-05 15:29:00.000,12727,60
"536623",2010-12-02 10:39:00.000,15601,35
C540850,2011-01-12 09:41:00.000,12665,34
"562716",2011-08-08 15:35:00.000,14257,53
"546890",2011-03-17 18:18:00.000,13394,54
"553732",2011-05-19 08:27:00.000,12481,54
"549678",2011-04-11 12:57:00.000,16525,54
"557793",2011-06-22 17:30:00.000,14998,33
"543921",2011-02-14 14:13:00.000,13911,34
C572109,2011-10-20 18:24:00.000,13350,36
"572229",2011-10-21 14:23:00.000,14329,56
"555270",2011-06-01 16:23:00.000,17723,54
"570685",2011-10-11 16:25:00.000,13208,18
"541660",2011-01-20 12:20:00.000,17787,36
"539102",2010-12-16 10:37:00.000,16029,55
"558873",2011-07-04 13:28:00.000,15290,35
"550448",2011-04-18 12:42:00.000,16746,9
"566001",2011-09-08 11:53:00.000,13700,36
"578948",2011-11-27 14:25:00.000,17411,54
"581138",2011-12-07 13:17:00.000,12950,33
"569647",2011-10-05 12:35:00.000,12415,53
C575665,2011-11-10 14:54:00.000,17442,33
"544937",2011-02-25 10:09:00.000,12839,9
"536533",2010-12-01 13:31:00.000,16955,59
"555104",2011-05-31 14:02:00.000,17949,34
"539096",2010-12-16 10:19:00.000,13089,35
"566051",2011-09-08 14:42:00.000,15198,60
"539331",2010-12-17 09:39:00.000,16013,35
"536615",2010-12-02 10:09:00.000,14047,59
"570701",2011-10-12 09:35:00.000,16652,9
"575125",2011-11-08 14:26:00.000,15043,56
"569226",2011-10-02 14:31:00.000,16930,35
C557657,2011-06-21 17:40:00.000,13763,53
C554536,2011-05-24 17:38:00.000,16705,59
"541252",2011-01-16 13:41:00.000,13064,18
"550251",2011-04-15 11:44:00.000,14323,18
"580742",2011-12-06 09:30:00.000,13694,18
C557876,2011-06-23 13:10:00.000,18223,53
"578079",2011-11-22 16:26:00.000,13985,53
"570859",2011-10-12 15:22:00.000,18277,53
"557758",2011-06-22 13:28:00.000,17585,55
C554343,2011-05-23 17:43:00.000,14859,36
"543653",2011-02-11 10:26:00.000,14796,33
"569089",2011-09-30 12:03:00.000,13764,54
"543012",2011-02-02 13:28:00.000,17961,55
"570011",2011-10-07 09:44:00.000,16477,53
C555366,2011-06-02 14:25:00.000,12590,55
C555532,2011-06-05 12:01:00.000,15722,60
"563352",2011-08-15 14:32:00.000,15706,53
"576830",2011-11-16 14:54:00.000,14898,52
"547074",2011-03-20 14:35:00.000,13102,34
"540789",2011-01-11 11:48:00.000,12643,52
C548387,2011-03-30 16:49:00.000,14794,59
"546033",2011-03-09 09:12:00.000,13267,55
"571300",2011-10-17 08:56:00.000,14262,55
"562128",2011-08-03 09:06:00.000,16150,18
"556183",2011-06-09 11:37:00.000,13134,33
"572055",2011-10-20 12:34:00.000,17346,60
"572662",2011-10-25 12:54:00.000,15443,56
"540704",2011-01-11 10:04:00.000,17742,52
"563910",2011-08-21 12:37:00.000,17428,55
"564338",2011-08-24 14:41:00.000,12649,33
"576897",2011-11-17 08:41:00.000,17828,18
"569920",2011-10-06 17:28:00.000,13348,54
"561867",2011-07-31 10:59:00.000,16931,36
"539835",2010-12-22 13:39:00.000,16477,33
"536981",2010-12-03 14:26:00.000,14723,36
"558348",2011-06-28 14:50:00.000,17188,18
"540361",2011-01-06 15:41:00.000,13408,33
"572876",2011-10-26 13:31:00.000,17109,60
"559185",2011-07-07 10:20:00.000,15512,52
"555161",2011-06-01 09:26:00.000,12423,35
"576838",2011-11-16 15:21:00.000,18075,35
"570265",2011-10-10 10:07:00.000,15125,33
"547071",2011-03-20 13:59:00.000,12693,35
"566040",2011-09-08 13:38:00.000,12540,56
"553473",2011-05-17 11:28:00.000,18102,53
"566581",2011-09-13 13:47:00.000,16081,18
"539464",2010-12-19 11:35:00.000,17913,9
C575651,2011-11-10 14:26:00.000,17653,34
"570284",2011-10-10 11:30:00.000,14419,35
C546363,2011-03-11 11:30:00.000,16912,59
"548899",2011-04-04 16:31:00.000,15838,53
"578826",2011-11-25 14:24:00.000,17329,52
C559530,2011-07-10 12:04:00.000,14808,53
"568782",2011-09-29 08:53:00.000,13985,18
"569670",2011-10-05 13:47:00.000,14730,56
"536609",2010-12-02 09:41:00.000,17850,36
C564899,2011-08-31 11:31:00.000,14646,9
"573110",2011-10-27 15:24:00.000,17677,34
"540798",2011-01-11 12:11:00.000,17365,36
"562733",2011-08-09 10:20:00.000,14626,9
"547060",2011-03-20 12:57:00.000,17954,18
"575336",2011-11-09 13:58:00.000,14968,59
"557746",2011-06-22 12:24:00.000,15059,33
"574916",2011-11-07 16:19:00.000,16790,53
"572443",2011-10-24 12:10:00.000,14145,52
C537677,2010-12-08 09:55:00.000,14796,52
"581471",2011-12-08 19:29:00.000,14702,18
C570658,2011-10-11 14:14:00.000,16120,56
"571181",2011-10-14 10:48:00.000,15498,53
"562878",2011-08-10 10:45:00.000,16241,9
"565317",2011-09-02 13:00:00.000,12921,53
"578472",2011-11-24 12:40:00.000,12476,56
"559301",2011-07-07 12:41:00.000,13842,60
"555627",2011-06-06 11:57:00.000,15805,35
"579098",2011-11-28 11:18:00.000,14606,36
C568421,2011-09-27 11:19:00.000,16626,9
"579558",2011-11-30 11:24:00.000,14755,55
"552813",2011-05-11 12:44:00.000,15079,9
"562424",2011-08-04 17:07:00.000,12584,56
"562430",2011-08-04 17:26:00.000,18109,33
"560106",2011-07-14 20:01:00.000,17554,34
C542257,2011-01-26 17:06:00.000,14341,36
C577375,2011-11-18 16:21:00.000,14441,36
C569733,2011-10-06 09:57:00.000,12500,33
"578308",2011-11-23 16:09:00.000,12748,52
"560200",2011-07-15 12:59:00.000,13184,36
C546536,2011-03-14 14:28:00.000,15493,35
C570004,2011-10-07 09:21:00.000,13198,9
"553913",2011-05-19 19:47:00.000,18109,34
"563431",2011-08-16 12:00:00.000,16266,35
"568717",2011-09-28 16:17:00.000,18102,33
C558329,2011-06-28 12:09:00.000,17900,59
"555704",2011-06-06 15:06:00.000,14944,36
"555113",2011-05-31 14:48:00.000,18190,59
"574675",2011-11-06 12:31:00.000,17289,59
"556100",2011-06-08 16:00:00.000,15238,55
"565779",2011-09-06 15:14:00.000,15804,54
"561026",2011-07-24 10:49:00.000,17265,55
C539274,2010-12-16 15:31:00.000,13408,35
C570828,2011-10-12 13:15:00.000,14911,34
C564142,2011-08-23 11:49:00.000,12477,33
"546387",2011-03-11 13:34:00.000,16766,54
"563904",2011-08-21 11:29:00.000,13397,33
"544778",2011-02-23 12:03:00.000,14978,60
"560503",2011-07-19 11:40:00.000,17682,52
"564872",2011-08-31 10:47:00.000,16083,34
"538910",2010-12-15 10:54:00.000,17454,54
"569731",2011-10-06 09:48:00.000,13999,36
"559814",2011-07-12 15:49:00.000,15544,55
"547828",2011-03-25 15:18:00.000,16618,53
"542001",2011-01-25 10:56:00.000,14298,9
"568314",2011-09-26 12:58:00.000,14387,9
"549188",2011-04-07 10:10:00.000,13731,18
"572243",2011-10-21 15:43:00.000,17361,34
"539247",2010-12-16 13:33:00.000,15311,36
"577041",2011-11-17 13:32:00.000,15864,18
C538075,2010-12-09 14:12:00.000,13021,54
"581187",2011-12-07 16:44:00.000,13756,53
"574251",2011-11-03 13:22:00.000,18205,60
"550446",2011-04-18 12:36:00.000,13871,56
"568317",2011-09-26 13:25:00.000,17491,35
"571706",2011-10-18 15:26:00.000,15144,9
"561897",2011-07-31 15:24:00.000,17841,34
"563696",2011-08-18 13:38:00.000,12962,36
"542389",2011-01-27 14:46:00.000,12868,34
"571201",2011-10-14 12:28:00.000,14937,9
C566461,2011-09-12 17:21:00.000,16713,33
"573346",2011-10-30 12:18:00.000,17255,9
"569580",2011-10-05 11:16:00.000,15039,34
"576090",2011-11-14 08:56:00.000,17450,60
"556529",2011-06-13 11:41:00.000,12714,35
C561069,2011-07-24 14:50:00.000,16570,53
"538831",2010-12-14 13:02:00.000,18144,60
"568390",2011-09-27 10:08:00.000,17811,59
"542268",2011-01-27 08:30:00.000,15358,18
"576253",2011-11-14 13:57:00.000,15125,18
"576238",2011-11-14 13:32:00.000,17769,36
C544057,2011-02-15 12:55:00.000,13623,33
"563543",2011-08-17 12:06:00.000,15039,33
"546426",2011-03-13 13:46:00.000,13708,18
"545154",2011-02-28 13:09:00.000,12921,18
"566039",2011-09-08 13:38:00.000,14223,18
"555928",2011-06-08 08:02:00.000,12383,60
"573892",2011-11-01 13:57:00.000,14911,36
"561928",2011-08-01 12:50:00.000,12749,34
"570493",2011-10-11 08:24:00.000,14194,54
"550200",2011-04-15 10:21:00.000,16523,35
"546789",2011-03-17 10:17:00.000,15769,59
"578019",2011-11-22 13:11:00.000,17360,52
"577950",2011-11-22 12:09:00.000,14129,36
"553159",2011-05-13 15:25:00.000,14194,54
"547659",2011-03-24 13:05:00.000,12434,18
"571102",2011-10-13 15:50:00.000,16570,33
"564228",2011-08-24 10:20:00.000,13743,33
"549099",2011-04-06 11:07:00.000,16241,60
"565285",2011-09-02 11:34:00.000,16013,35
"555834",2011-06-07 12:31:00.000,12891,18
"541290",2011-01-17 13:25:00.000,17288,56
"580558",2011-12-05 10:19:00.000,14931,52
"537257",2010-12-06 11:10:00.000,17691,54
C577389,2011-11-18 16:59:00.000,13381,18
"544330",2011-02-17 16:59:00.000,17576,55
"561485",2011-07-27 13:42:00.000,17841,35
"581236",2011-12-08 10:39:00.000,13468,53
"549847",2011-04-12 14:43:00.000,15358,56
"559096",2011-07-06 10:52:00.000,12830,53
"536673",2010-12-02 12:11:00.000,14060,52
"569236",2011-10-02 15:49:00.000,14432,53
"572307",2011-10-23 15:23:00.000,16905,34
"552729",2011-05-11 10:36:00.000,13089,35
"575149",2011-11-08 15:59:00.000,16626,9
"559541",2011-07-10 12:40:00.000,18024,53
"567161",2011-09-18 10:46:00.000,15947,33
"573544",2011-10-31 13:11:00.000,12856,60
C546895,2011-03-17 18:22:00.000,15358,52
C567627,2011-09-21 13:01:00.000,17511,52
"537386",2010-12-06 13:32:00.000,14911,60
"573403",2011-10-30 15:50:00.000,16506,53
"537802",2010-12-08 13:11:00.000,13455,56
"558115",2011-06-27 08:50:00.000,16003,53
"537592",2010-12-07 12:18:00.000,17491,55
"552289",2011-05-08 13:24:00.000,17869,36
"549903",2011-04-12 16:19:00.000,17576,34
"563482",2011-08-16 15:54:00.000,17097,35
"581223",2011-12-08 09:46:00.000,15237,59
"568897",2011-09-29 13:17:00.000,13886,18
"568236",2011-09-26 11:49:00.000,12820,18
"573128",2011-10-27 16:34:00.000,13538,59
"569675",2011-10-05 14:03:00.000,15687,53
"573369",2011-10-30 13:19:00.000,16049,54
C563223,2011-08-14 14:30:00.000,16292,53
C547857,2011-03-27 12:14:00.000,13050,9
"555844",2011-06-07 13:10:00.000,14711,55
C572864,2011-10-26 12:54:00.000,12856,56
"567899",2011-09-22 16:26:00.000,14911,35
"574237",2011-11-03 12:37:00.000,15551,55
"564222",2011-08-24 09:41:00.000,12971,52
"573414",2011-10-30 16:15:00.000,16877,54
"578281",2011-11-23 13:53:00.000,14099,34
"557069",2011-06-16 15:22:00.000,12562,33
"546380",2011-03-11 12:26:00.000,12748,35
"558561",2011-06-30 13:25:00.000,13742,18
"579495",2011-11-29 15:34:00.000,13576,9
"549980",2011-04-13 15:36:00.000,14062,52
"546988",2011-03-18 12:57:00.000,14194,60
"567804",2011-09-22 12:13:00.000,17920,52
"564489",2011-08-25 14:13:00.000,15950,55
"577333",2011-11-18 14:40:00.000,14868,54
"574841",2011-11-07 11:42:00.000,14156,54
"539840",2010-12-22 14:28:00.000,12383,35
C564955,2011-08-31 13:39:00.000,15786,53
C559740,2011-07-12 11:08:00.000,17381,33
"563200",2011-08-14 10:49:00.000,13838,56
"557803",2011-06-23 10:20:00.000,12704,59
"565316",2011-09-02 12:52:00.000,15628,55
"572511",2011-10-24 14:29:00.000,14895,53
"546911",2011-03-17 19:47:00.000,17725,33
"558881",2011-07-04 14:36:00.000,12705,18
"560829",2011-07-21 12:00:00.000,17694,59
"536777",2010-12-02 15:00:00.000,15732,56
"547057",2011-03-20 12:28:00.000,14217,33
C572989,2011-10-27 10:53:00.000,15786,9
"560452",2011-07-19 09:51:00.000,12682,18
"553212",2011-05-16 09:42:00.000,15358,55
"551162",2011-04-26 15:45:00.000,12901,59
C556324,2011-06-10 11:15:00.000,14287,55
"581104",2011-12-07 12:11:00.000,13668,54
C560301,2011-07-18 10:34:00.000,14159,52
C554691,2011-05-25 16:57:00.000,12921,34
"544917",2011-02-24 15:56:00.000,13751,33
"540017",2011-01-04 11:48:00.000,13963,53
"542425",2011-01-28 09:20:00.000,12574,53
C561013,2011-07-22 16:12:00.000,16705,54
C558745,2011-07-01 17:02:00.000,14415,35
"559987",2011-07-14 12:12:00.000,12619,9
"544177",2011-02-16 14:27:00.000,13001,52
"576915",2011-11-17 10:21:00.000,17461,35
C568416,2011-09-27 11:08:00.000,14866,52
"562555",2011-08-05 16:37:00.000,15671,34
C569138,2011-09-30 14:48:00.000,14911,34
"567092",2011-09-16 12:48:00.000,13196,60
C545440,2011-03-02 16:03:00.000,16843,60
"574295",2011-11-03 15:47:00.000,17389,55
"562275",2011-08-04 10:04:00.000,12689,9
"562393",2011-08-04 16:17:00.000,18172,35
"544445",2011-02-20 10:56:00.000,16746,53
"561711",2011-07-29 11:45:00.000,13414,59
"541948",2011-01-24 12:00:00.000,15820,60
"564304",2011-08-24 12:11:00.000,14527,53
"554351",2011-05-24 08:53:00.000,15132,33
C553924,2011-05-20 09:34:00.000,12476,36
"551234",2011-04-27 11:47:00.000,17450,56
"547046",2011-03-20 11:43:00.000,13725,34
"546508",2011-03-14 12:11:00.000,15971,18
"536741",2010-12-02 13:11:00.000,13117,52
"556785",2011-06-14 13:17:00.000,13408,55
"577400",2011-11-18 17:20:00.000,16201,33
"543249",2011-02-04 14:43:00.000,13963,34
"578112",2011-11-23 09:34:00.000,16670,60
"577613",2011-11-21 10:02:00.000,14911,56
"571427",2011-10-17 12:46:00.000,17205,56
C556647,2011-06-13 16:14:00.000,13012,35
C566463,2011-09-12 17:50:00.000,17449,35
"550497",2011-04-18 15:08:00.000,18064,54
"561913",2011-08-01 11:12:00.000,13184,34
"564722",2011-08-28 12:06:00.000,16456,53
C566176,2011-09-09 12:37:00.000,16133,18
"580133",2011-12-01 18:43:00.000,15531,55
"537766",2010-12-08 12:08:00.000,17677,52
"558293",2011-06-28 10:31:00.000,13656,33
"559678",2011-07-11 14:43:00.000,16033,18
"578220",2011-11-23 11:49:00.000,16525,9
C543830,2011-02-14 09:54:00.000,12476,18
C541641,2011-01-20 11:00:00.000,17841,36
C548851,2011-04-04 13:14:00.000,15311,35
"579848",2011-11-30 16:23:00.000,18179,54
C562798,2011-08-09 14:30:00.000,12929,9
"543170",2011-02-04 09:03:00.000,17334,53
"547194",2011-03-21 12:42:00.000,12637,33
"579257",2011-11-29 08:14:00.000,15619,60
"563839",2011-08-19 13:24:00.000,16828,18
"550956",2011-04-21 16:37:00.000,17179,60
C547807,2011-03-25 13:41:00.000,14194,53
"564473",2011-08-25 12:33:00.000,16722,55
"571594",2011-10-18 10:51:00.000,15971,36
"538418",2010-12-12 12:00:00.000,17372,60
"537615",2010-12-07 13:30:00.000,15898,34
"577091",2011-11-17 16:29:00.000,16531,34
C555337,2011-06-02 11:13:00.000,16729,34
"551850",2011-05-04 14:33:00.000,13731,54
C538692,2010-12-14 09:58:00.000,13599,18
C542787,2011-02-01 10:22:00.000,15864,33
C579877,2011-11-30 17:07:00.000,16240,60
"578547",2011-11-24 15:02:00.000,12720,53
C562728,2011-08-09 09:41:00.000,12406,34
"555348",2011-06-02 12:06:00.000,15184,52
"562432",2011-08-04 17:38:00.000,14004,53
"560844",2011-07-21 12:28:00.000,14298,36
"558912",2011-07-05 09:31:00.000,17024,54
"564046",2011-08-22 12:59:00.000,16013,9
"545657",2011-03-04 14:02:00.000,14911,33
"562567",2011-08-07 11:40:00.000,12877,35
"551843",2011-05-04 13:57:00.000,16094,56
C575763,2011-11-11 10:55:00.000,15034,9
C570290,2011-10-10 11:54:00.000,14665,52
C566945,2011-09-15 16:26:00.000,13319,60
"566304",2011-09-12 09:03:00.000,18158,53
"564474",2011-08-25 12:46:00.000,14180,33
"569209",2011-10-02 11:30:00.000,16626,36
"578685",2011-11-25 09:07:00.000,16779,56
"576648",2011-11-16 10:32:00.000,14057,56
"567313",2011-09-19 13:48:00.000,15675,18
"561112",2011-07-25 11:53:00.000,14606,36
"540401",2011-01-07 09:31:00.000,16013,35
"574940",2011-11-07 17:21:00.000,14929,54
C560123,2011-07-15 10:35:00.000,16782,35
"556298",2011-06-10 10:05:00.000,16581,34
"541570",2011-01-19 12:34:00.000,14646,36
"567951",2011-09-23 08:25:00.000,17069,56
"540161",2011-01-05 11:52:00.000,16719,59
"579670",2011-11-30 12:36:00.000,15611,33
"575689",2011-11-10 16:16:00.000,14829,18
C563596,2011-08-18 06:19:00.000,12749,34
C560395,2011-07-18 13:47:00.000,15125,33
"578273",2011-11-23 13:41:00.000,14335,54
"544349",2011-02-18 10:03:00.000,16713,52
"567710",2011-09-22 10:03:00.000,16213,9
"561907",2011-08-01 10:08:00.000,14060,33
"546853",2011-03-17 13:34:00.000,12845,55
"552696",2011-05-10 15:48:00.000,13592,53
"553144",2011-05-13 13:29:00.000,17669,9
C580168,2011-12-02 11:34:00.000,12465,55
"550173",2011-04-14 16:58:00.000,15235,9
C566472,2011-09-12 18:19:00.000,16187,55
"547670",2011-03-24 13:41:00.000,16769,55
"539305",2010-12-16 17:37:00.000,14334,56
"541018",2011-01-13 12:03:00.000,14978,56
"576080",2011-11-14 08:10:00.000,18211,56
"551056",2011-04-26 11:51:00.000,16442,33
"567630",2011-09-21 13:24:00.000,15737,55
"569003",2011-09-29 18:13:00.000,13364,52
"576372",2011-11-15 08:32:00.000,15144,33
"568458",2011-09-27 11:34:00.000,13384,56
"554995",2011-05-29 14:23:00.000,18109,56
"538361",2010-12-10 16:36:00.000,17757,54
"539592",2010-12-20 13:27:00.000,13319,18
"563933",2011-08-21 15:54:00.000,16536,18
"554520",2011-05-24 17:03:00.000,17841,53
"548534",2011-03-31 17:28:00.000,18172,59
C550174,2011-04-14 17:07:00.000,16394,18
"541276",2011-01-17 11:34:00.000,15316,33
"540185",2011-01-05 13:40:00.000,14653,36
C565761,2011-09-06 13:59:00.000,16278,53
"578745",2011-11-25 11:36:00.000,13978,56
"549997",2011-04-14 08:46:00.000,15189,53
"553340",2011-05-16 12:20:00.000,15125,18
"545079",2011-02-28 10:30:00.000,18283,59
C561810,2011-07-29 15:12:00.000,14145,53
"555241",2011-06-01 13:32:00.000,14377,9
"541004",2011-01-13 10:35:00.000,18190,9
"571430",2011-10-17 12:51:00.000,13090,33
"542736",2011-01-31 15:37:00.000,14744,56
"575433",2011-11-09 15:54:00.000,16953,18
"561359",2011-07-26 15:29:00.000,17160,55
"556913",2011-06-15 13:26:00.000,16523,60
"560252",2011-07-17 12:35:00.000,13468,9
"564574",2011-08-26 11:19:00.000,15078,55
"543996",2011-02-15 10:46:00.000,15811,35
"570830",2011-10-12 13:20:00.000,14852,18
C560932,2011-07-22 10:29:00.000,15005,59
"566790",2011-09-15 10:35:00.000,17679,18
C552570,2011-05-10 12:07:00.000,15676,52
"537374",2010-12-06 12:55:00.000,17259,52
"547972",2011-03-28 16:41:00.000,12557,52
C557947,2011-06-23 16:15:00.000,13089,18
"561077",2011-07-24 15:53:00.000,17649,34
"553738",2011-05-19 08:55:00.000,17469,56
"550535",2011-04-19 11:19:00.000,14211,9
"570501",2011-10-11 09:23:00.000,14857,9
"555359",2011-06-02 14:04:00.000,18135,9
"553896",2011-05-19 17:22:00.000,13887,54
C553532,2011-05-17 15:13:00.000,14911,59
"570702",2011-10-12 09:38:00.000,16652,60
"577533",2011-11-20 14:04:00.000,16877,33
"569407",2011-10-04 09:12:00.000,15694,18
C552841,2011-05-11 14:28:00.000,15827,56
C549908,2011-04-12 16:39:00.000,13324,18
"566972",2011-09-16 09:13:00.000,16573,59
"579439",2011-11-29 13:29:00.000,13426,53
C569251,2011-10-03 10:37:00.000,12957,33
C560880,2011-07-21 15:39:00.000,15152,60
"541289",2011-01-17 13:23:00.000,14606,54
"578054",2011-11-22 14:59:00.000,14911,55
"541684",2011-01-20 15:22:00.000,15498,60
"580717",2011-12-05 16:52:00.000,14608,33
"575191",2011-11-09 09:22:00.000,18144,34
"575981",2011-11-13 13:41:00.000,15500,35
"549736",2011-04-12 09:02:00.000,13599,54
C571858,2011-10-19 13:38:00.000,14257,9
C548187,2011-03-29 15:06:00.000,17511,33
"578509",2011-11-24 13:17:00.000,12705,33
"569739",2011-10-06 10:48:00.000,14911,18
"571323",2011-10-17 11:07:00.000,13534,60
"551693",2011-05-03 13:36:00.000,15582,9
"559669",2011-07-11 13:47:00.000,16332,35
"550532",2011-04-19 11:02:00.000,14606,52
"560864",2011-07-21 13:54:00.000,14407,56
"560393",2011-07-18 13:33:00.000,14808,55
"577065",2011-11-17 14:46:00.000,13890,9
"563711",2011-08-18 15:41:00.000,16928,55
"543243",2011-02-04 14:04:00.000,15199,52
"574049",2011-11-02 13:40:00.000,13316,34
C548307,2011-03-30 11:59:00.000,17314,35
"544909",2011-02-24 14:32:00.000,14298,9
"551891",2011-05-05 09:53:00.000,17429,53
"558104",2011-06-26 14:28:00.000,13668,60
"563556",2011-08-17 13:31:00.000,17706,35
"562769",2011-08-09 10:52:00.000,14409,34
"551439",2011-04-28 15:26:00.000,14758,59
"572066",2011-10-20 13:07:00.000,15159,33
"568058",2011-09-23 12:58:00.000,18188,9
"557018",2011-06-16 12:36:00.000,14285,53
"569079",2011-09-30 11:45:00.000,14226,59
"540531",2011-01-09 14:03:00.000,16549,56
C559012,2011-07-05 12:50:00.000,17017,59
C552700,2011-05-10 15:56:00.000,14587,56
"566563",2011-09-13 12:22:00.000,12909,35
"551398",2011-04-28 13:09:00.000,12417,60
"548512",2011-03-31 15:54:00.000,14410,56
"538844",2010-12-14 13:19:00.000,14680,18
"563830",2011-08-19 12:20:00.000,16638,56
"581434",2011-12-08 16:10:00.000,13599,36
"579403",2011-11-29 12:15:00.000,14503,9
"543801",2011-02-13 11:52:00.000,17811,9
"569635",2011-10-05 12:13:00.000,12748,35
"553731",2011-05-19 08:26:00.000,12481,36
"542888",2011-02-01 13:15:00.000,15687,52
"541520",2011-01-19 09:13:00.000,12422,54
"579013",2011-11-28 09:48:00.000,18229,52
"561453",2011-07-27 11:47:00.000,13183,60
"550520",2011-04-19 09:43:00.000,16170,59
"542112",2011-01-25 13:55:00.000,13168,35
"561706",2011-07-29 11:25:00.000,14735,56
"570096",2011-10-07 11:58:00.000,15311,33
"555092",2011-05-31 13:08:00.000,16483,34
C547889,2011-03-28 10:02:00.000,14410,33
"562440",2011-08-04 18:07:00.000,12931,52
"566783",2011-09-15 10:18:00.000,13539,55
"550311",2011-04-17 11:04:00.000,16728,56
"572517",2011-10-24 14:47:00.000,15068,60
"561114",2011-07-25 12:12:00.000,14775,59
"547688",2011-03-24 14:54:00.000,12971,35
"552026",2011-05-05 18:06:00.000,17940,18
"550521",2011-04-19 09:49:00.000,13647,55
"562590",2011-08-07 15:39:00.000,12748,34
"544341",2011-02-18 09:43:00.000,13012,36
"574659",2011-11-06 11:44:00.000,16942,60
"559793",2011-07-12 12:43:00.000,17949,9
"568895",2011-09-29 13:11:00.000,15356,9
"562434",2011-08-04 17:45:00.000,12823,9
"558086",2011-06-26 11:58:00.000,16728,18
"550579",2011-04-19 11:52:00.000,13266,60
"545911",2011-03-08 10:12:00.000,17940,55
"548621",2011-04-01 11:54:00.000,16960,33
"548556",2011-04-01 09:25:00.000,13694,18
"558540",2011-06-30 12:15:00.000,17706,54
"537247",2010-12-06 10:34:00.000,13094,60
C555074,2011-05-31 11:44:00.000,16837,60
"575766",2011-11-11 11:06:00.000,12856,53
"566606",2011-09-13 16:33:00.000,15194,59
"547818",2011-03-25 14:39:00.000,12748,53
"542862",2011-02-01 11:51:00.000,14606,53
"550321",2011-04-17 12:49:00.000,16770,18
C537232,2010-12-06 09:31:00.000,12586,33
"554089",2011-05-22 12:16:00.000,13527,34
"540514",2011-01-09 11:43:00.000,15708,33
"555940",2011-06-08 10:10:00.000,14191,18
C541834,2011-01-21 17:24:00.000,17048,35
"563733",2011-08-18 17:57:00.000,18225,18
"545312",2011-03-01 13:51:00.000,15456,18
"576906",2011-11-17 09:33:00.000,18225,36
"560782",2011-07-21 10:10:00.000,14769,60
"545979",2011-03-08 12:30:00.000,12748,60
"546908",2011-03-17 18:59:00.000,15648,33
"576669",2011-11-16 11:52:00.000,12640,56
"558539",2011-06-30 12:14:00.000,16556,35
"569261",2011-10-03 11:34:00.000,17321,36
C580821,2011-12-06 11:32:00.000,13098,60
"559890",2011-07-13 11:58:00.000,12464,35
C560330,2011-07-18 11:10:00.000,17841,54
C553025,2011-05-12 19:33:00.000,13971,60
"577699",2011-11-21 12:06:00.000,13971,56
"566823",2011-09-15 11:33:00.000,14227,36
"560284",2011-07-18 09:15:00.000,13705,36
"570332",2011-10-10 12:18:00.000,18169,9
"558387",2011-06-29 09:58:00.000,17391,34
"560235",2011-07-17 11:26:00.000,14060,36
"572873",2011-10-26 13:27:00.000,12820,53
"580731",2011-12-05 17:36:00.000,17383,33
C559136,2011-07-06 13:21:00.000,17511,18
"541241",2011-01-16 11:08:00.000,13782,54
"550618",2011-04-19 13:09:00.000,14156,35
"540181",2011-01-05 13:09:00.000,13199,36
"569664",2011-10-05 13:33:00.000,18237,53
C558422,2011-06-29 11:54:00.000,16779,54
"578433",2011-11-24 12:21:00.000,17671,34
"544695",2011-02-23 09:38:00.000,14276,52
"574719",2011-11-06 14:38:00.000,14511,35
"564376",2011-08-25 10:25:00.000,14196,53
"557279",2011-06-19 12:10:00.000,18077,55
"580518",2011-12-04 14:45:00.000,13435,60
"570210",2011-10-09 10:48:00.000,13259,52
C580764,2011-12-06 10:38:00.000,14562,36
"562044",2011-08-02 10:24:00.000,16607,60
"543256",2011-02-04 15:54:00.000,17293,54
C554150,2011-05-23 11:07:00.000,14573,34
"579560",2011-11-30 11:31:00.000,15039,34
"569397",2011-10-04 08:26:00.000,12747,54
"541205",2011-01-14 12:23:00.000,18106,18
"559001",2011-07-05 12:17:00.000,18198,60
"553228",2011-05-16 10:48:00.000,16496,53
"574062",2011-11-02 14:30:00.000,17675,53
"546096",2011-03-09 11:59:00.000,15502,35
"571934",2011-10-20 08:21:00.000,16170,53
"571560",2011-10-18 09:54:00.000,14897,34
"571926",2011-10-19 16:41:00.000,16722,53
"563239",2011-08-15 10:02:00.000,15048,35
"555519",2011-06-05 11:02:00.000,16682,54
"561969",2011-08-01 13:31:00.000,17757,53
"577069",2011-11-17 14:51:00.000,12704,59
C561233,2011-07-26 10:24:00.000,17422,18
"551962",2011-05-05 12:40:00.000,17955,56
"548189",2011-03-29 15:15:00.000,16607,56
"565725",2011-09-06 11:55:00.000,13949,35
C581305,2011-12-08 11:42:00.000,16933,59
"576215",2011-11-14 12:55:00.000,17652,60
C566183,2011-09-09 12:59:00.000,14837,35
C550609,2011-04-19 12:21:00.000,14502,55
"544904",2011-02-24 13:46:00.000,13018,18
"580682",2011-12-05 15:02:00.000,16968,35
"561223",2011-07-26 09:51:00.000,15358,34
"576892",2011-11-17 08:20:00.000,15737,55
"576573",2011-11-15 13:52:00.000,16600,35
"545183",2011-02-28 14:59:00.000,15570,60
"552869",2011-05-12 08:41:00.000,15106,56
"559504",2011-07-08 15:16:00.000,15920,54
"569218",2011-10-02 12:47:00.000,15952,34
"568673",2011-09-28 13:23:00.000,16182,60
"539727",2010-12-21 14:26:00.000,12678,53
"562150",2011-08-03 10:49:00.000,14132,54
"575708",2011-11-10 17:17:00.000,13460,33
"561700",2011-07-29 10:34:00.000,14738,54
"537390",2010-12-06 13:47:00.000,16658,33
"569837",2011-10-06 13:11:00.000,12748,34
"553721",2011-05-18 16:37:00.000,16570,52
C554518,2011-05-24 16:58:00.000,16592,54
"580098",2011-12-01 15:05:00.000,15373,9
"571944",2011-10-20 10:15:00.000,13755,56
"555077",2011-05-31 12:42:00.000,17975,35
"554062",2011-05-22 10:21:00.000,13654,18
"539248",2010-12-16 13:33:00.000,17288,33
C543551,2011-02-10 10:00:00.000,16716,18
"564225",2011-08-24 10:06:00.000,17268,52
"541214",2011-01-14 13:41:00.000,15570,33
C559608,2011-07-11 11:44:00.000,14690,35
"581488",2011-12-09 09:45:00.000,17428,59
C563587,2011-08-17 17:37:00.000,18248,55
"562428",2011-08-04 17:22:00.000,17267,60
"562372",2011-08-04 14:33:00.000,16258,33
C543039,2011-02-02 16:31:00.000,16992,35
C568560,2011-09-27 16:39:00.000,14299,54
C548362,2011-03-30 15:40:00.000,13268,34
"569005",2011-09-29 18:30:00.000,16268,53
"549841",2011-04-12 13:52:00.000,15189,33
"554986",2011-05-29 12:35:00.000,14451,9
"568460",2011-09-27 11:35:00.000,13384,59
"546688",2011-03-16 10:17:00.000,16497,56
"557873",2011-06-23 12:51:00.000,17659,52
"556732",2011-06-14 11:47:00.000,15039,36
"578070",2011-11-22 15:50:00.000,14329,56
"563855",2011-08-19 15:29:00.000,14709,33
C555475,2011-06-03 12:11:00.000,18232,18
"547251",2011-03-22 09:43:00.000,17865,33
"544607",2011-02-22 10:00:00.000,13862,36
"566195",2011-09-09 13:44:00.000,12433,59
"569705",2011-10-05 16:15:00.000,15762,36
"554362",2011-05-24 10:17:00.000,17811,53
"567612",2011-09-21 11:48:00.000,17164,9
"544036",2011-02-15 11:30:00.000,17315,60
"542881",2011-02-01 12:54:00.000,14587,52
"566631",2011-09-14 10:34:00.000,15622,52
"540265",2011-01-06 10:46:00.000,15271,9
"571090",2011-10-13 15:28:00.000,15271,53
"562792",2011-08-09 14:18:00.000,17634,52
"544799",2011-02-23 13:45:00.000,17063,60
C559022,2011-07-05 13:18:00.000,13021,52
"569411",2011-10-04 09:49:00.000,12989,56
"550292",2011-04-15 15:31:00.000,14527,53
C547198,2011-03-21 12:50:00.000,14606,55
"537754",2010-12-08 11:16:00.000,16081,34
C541821,2011-01-21 16:41:00.000,15281,53
"556969",2011-06-16 10:11:00.000,16257,35
"557312",2011-06-19 15:47:00.000,17001,54
"571937",2011-10-20 09:28:00.000,14911,53
"556060",2011-06-08 14:03:00.000,14911,33
"556903",2011-06-15 12:55:00.000,14527,35
"569408",2011-10-04 09:26:00.000,13881,34
"542629",2011-01-31 09:57:00.000,12731,33
"565596",2011-09-05 14:27:00.000,16444,60
"546011",2011-03-08 16:31:00.000,17306,35
"574066",2011-11-02 14:50:00.000,13183,33
"567792",2011-09-22 11:40:00.000,17581,56
"568702",2011-09-28 15:18:00.000,17950,52
"563070",2011-08-11 15:34:00.000,14099,18
"581146",2011-12-07 13:53:00.000,17602,33
C568534,2011-09-27 13:57:00.000,12579,9
"549947",2011-04-13 12:47:00.000,18260,60
"548492",2011-03-31 13:14:00.000,17841,53
"543993",2011-02-15 10:40:00.000,17612,33
C575588,2011-11-10 12:04:00.000,14064,35
"538053",2010-12-09 13:34:00.000,15856,53
"543180",2011-02-04 10:38:00.000,12410,53
"570413",2011-10-10 13:13:00.000,17652,52
"572555",2011-10-24 17:19:00.000,17317,54
"575215",2011-11-09 11:04:00.000,18109,54
C540382,2011-01-06 17:38:00.000,12957,33
"567720",2011-09-22 10:37:00.000,14911,53
"541850",2011-01-23 13:58:00.000,14224,36
"544818",2011-02-23 16:45:00.000,12437,18
"544194",2011-02-17 08:40:00.000,16839,55
"557293",2011-06-19 13:26:00.000,16326,35
"572028",2011-10-20 11:47:00.000,15296,60
"578315",2011-11-23 16:34:00.000,17725,36
"567324",2011-09-19 14:27:00.000,12879,54
"566724",2011-09-14 13:04:00.000,14284,53
C553397,2011-05-16 16:58:00.000,17841,52
"560882",2011-07-21 15:47:00.000,17213,33
"564038",2011-08-22 12:32:00.000,16555,35
"570593",2011-10-11 11:38:00.000,18180,53
"580984",2011-12-06 16:32:00.000,16711,54
"555522",2011-06-05 11:29:00.000,15796,60
"543824",2011-02-14 09:31:00.000,14631,9
"542521",2011-01-28 12:28:00.000,17965,34
"577517",2011-11-20 13:16:00.000,16710,33
"577805",2011-11-22 08:19:00.000,13881,35
"555566",2011-06-05 15:19:00.000,14659,33
"572327",2011-10-24 10:08:00.000,15277,55
"575131",2011-11-08 14:39:00.000,15208,55
"550167",2011-04-14 16:38:00.000,14206,53
"563897",2011-08-21 10:44:00.000,12523,33
"553861",2011-05-19 13:58:00.000,13591,35
"538374",2010-12-12 11:17:00.000,14159,9
"551651",2011-05-03 12:03:00.000,14800,52
"543006",2011-02-02 12:53:00.000,17975,36
"573121",2011-10-27 16:22:00.000,15498,9
"570791",2011-10-12 11:58:00.000,17346,9
"553416",2011-05-17 10:04:00.000,18198,56
"549250",2011-04-07 12:10:00.000,14446,18
"575180",2011-11-09 08:14:00.000,15187,55
"563505",2011-08-17 09:45:00.000,17865,34
"579511",2011-11-29 16:45:00.000,14836,55
"555798",2011-06-07 11:32:00.000,16422,56
"551389",2011-04-28 11:45:00.000,12437,53
C578803,2011-11-25 12:55:00.000,16764,36
"570675",2011-10-11 15:03:00.000,13690,36
C576229,2011-11-14 13:13:00.000,13816,54
"580276",2011-12-02 12:59:00.000,16426,36
C566177,2011-09-09 12:38:00.000,14108,35
C539575,2010-12-20 12:23:00.000,13089,60
"545418",2011-03-02 13:56:00.000,14473,60
"540253",2011-01-05 16:28:00.000,13225,33
"560185",2011-07-15 11:50:00.000,14676,18
"544329",2011-02-17 16:43:00.000,17288,34
"574870",2011-11-07 12:52:00.000,17811,9
"536595",2010-12-01 17:24:00.000,13576,56
"577141",2011-11-18 09:11:00.000,13269,60
"557583",2011-06-21 11:07:00.000,14776,56
"544294",2011-02-17 12:42:00.000,15601,53
"562439",2011-08-04 18:06:00.000,12931,54
"552567",2011-05-10 12:00:00.000,12971,54
"580705",2011-12-05 16:28:00.000,12683,35
"558622",2011-06-30 16:51:00.000,16357,55
"575330",2011-11-09 13:50:00.000,15152,34
"569413",2011-10-04 09:51:00.000,13650,9
"538202",2010-12-10 11:19:00.000,14667,55
"556119",2011-06-09 10:05:00.000,12594,55
"537620",2010-12-07 14:00:00.000,13880,60
C575575,2011-11-10 11:44:00.000,17652,55
"544916",2011-02-24 15:42:00.000,17377,55
"548450",2011-03-31 11:20:00.000,15856,35
C566944,2011-09-15 16:22:00.000,15449,55
"554371",2011-05-24 10:42:00.000,17659,53
"552325",2011-05-09 09:47:00.000,12490,55
C561587,2011-07-28 10:50:00.000,17649,53
"568050",2011-09-23 12:38:00.000,15901,55
"554138",2011-05-23 10:21:00.000,14239,36
"552893",2011-05-12 10:49:00.000,14421,53
"547040",2011-03-20 10:53:00.000,15938,59
C560905,2011-07-21 17:54:00.000,13468,52
"546424",2011-03-13 12:51:00.000,13956,54
C540786,2011-01-11 11:42:00.000,15194,36
"547490",2011-03-23 11:48:00.000,17507,36
"553403",2011-05-17 08:18:00.000,18061,18
"542470",2011-01-28 11:27:00.000,14133,55
"567675",2011-09-21 15:54:00.000,15351,18
"569846",2011-10-06 13:42:00.000,13422,18
"555735",2011-06-07 08:54:00.000,13327,18
C579912,2011-12-01 08:54:00.000,17044,56
"562917",2011-08-10 13:43:00.000,17949,35
"579271",2011-11-29 09:56:00.000,17450,36
"566042",2011-09-08 13:53:00.000,17811,55
"536463",2010-12-01 12:22:00.000,14849,53
"544423",2011-02-18 15:23:00.000,12553,36
"545348",2011-03-02 10:49:00.000,12913,35
"581122",2011-12-07 12:33:00.000,12839,18
"575605",2011-11-10 12:35:00.000,17188,9
"559024",2011-07-05 13:38:00.000,16616,36
"572090",2011-10-20 14:33:00.000,13573,34
"565119",2011-09-01 11:38:00.000,16722,60
C540781,2011-01-11 11:22:00.000,16875,36
C551331,2011-04-27 16:19:00.000,16398,53
"536366",2010-12-01 08:28:00.000,17850,54
"571441",2011-10-17 13:31:00.000,14096,18
"562094",2011-08-02 13:09:00.000,15024,53
"555107",2011-05-31 14:14:00.000,12594,59
"565398",2011-09-02 16:50:00.000,15856,9
"579832",2011-11-30 15:58:00.000,17434,54
"570485",2011-10-10 17:09:00.000,14911,35
"552312",2011-05-08 15:58:00.000,13427,9
"569674",2011-10-05 14:01:00.000,17841,52
"565729",2011-09-06 12:01:00.000,17716,35
"569363",2011-10-03 15:08:00.000,13297,56
"539454",2010-12-17 17:12:00.000,17377,9
"562809",2011-08-09 15:12:00.000,16775,59
"538521",2010-12-13 09:02:00.000,14180,36
C568572,2011-09-28 09:06:00.000,15194,34
"564226",2011-08-24 10:13:00.000,12523,33
"559795",2011-07-12 13:26:00.000,17268,52
"558351",2011-06-28 14:52:00.000,13767,56
"569469",2011-10-04 12:22:00.000,16360,18
"561035",2011-07-24 11:52:00.000,17312,9
"568831",2011-09-29 11:35:00.000,16059,55
"546985",2011-03-18 12:41:00.000,18270,52
"559549",2011-07-10 15:25:00.000,13230,56
"544597",2011-02-21 17:42:00.000,16014,34
"569999",2011-10-07 08:49:00.000,17030,18
"545992",2011-03-08 13:21:00.000,16927,54
"546480",2011-03-14 11:38:00.000,13452,36
"575391",2011-11-09 15:36:00.000,14354,52
"556777",2011-06-14 12:31:00.000,14426,18
"572447",2011-10-24 12:25:00.000,17811,60
"559811",2011-07-12 15:22:00.000,13269,36
"567457",2011-09-20 12:18:00.000,14164,60
"558204",2011-06-27 13:58:00.000,18193,34
C543239,2011-02-04 13:47:00.000,14462,36
"569145",2011-09-30 15:17:00.000,18008,36
"565631",2011-09-05 15:49:00.000,14680,60
"564092",2011-08-23 10:24:00.000,13767,60
"560250",2011-07-17 12:31:00.000,14659,35
"568070",2011-09-23 14:17:00.000,16128,60
"565777",2011-09-06 14:53:00.000,12569,18
C569114,2011-09-30 12:50:00.000,14911,36
"577951",2011-11-22 12:09:00.000,17238,33
C549535,2011-04-08 17:14:00.000,14110,35
"563376",2011-08-16 10:36:00.000,15752,59
"578074",2011-11-22 16:06:00.000,17590,18
"565808",2011-09-07 10:56:00.000,16843,54
"547221",2011-03-21 15:06:00.000,13262,35
"550265",2011-04-15 12:10:00.000,17572,60
"548560",2011-04-01 10:10:00.000,13468,34
C555639,2011-06-06 12:58:00.000,13458,36
"549368",2011-04-08 11:26:00.000,18036,55
"580288",2011-12-02 13:29:00.000,17611,59
"575682",2011-11-10 15:37:00.000,12826,54
"570896",2011-10-13 10:52:00.000,14217,33
"548215",2011-03-30 09:19:00.000,15674,60
"561709",2011-07-29 11:35:00.000,17790,59
"537250",2010-12-06 10:43:00.000,12708,9
"543492",2011-02-09 10:41:00.000,12720,36
"579282",2011-11-29 10:41:00.000,16818,55
"566717",2011-09-14 12:14:00.000,17841,52
"558114",2011-06-27 08:49:00.000,14911,55
C561886,2011-07-31 13:20:00.000,15532,9
"553419",2011-05-17 10:10:00.000,16639,59
"540908",2011-01-12 11:53:00.000,12980,59
C538876,2010-12-14 15:20:00.000,16499,55
"573777",2011-11-01 10:49:00.000,13726,36
"566020",2011-09-08 12:47:00.000,13925,18
"560728",2011-07-20 14:38:00.000,12520,55
"564475",2011-08-25 12:50:00.000,12500,34
"548498",2011-03-31 13:46:00.000,16681,55
"568382",2011-09-27 09:33:00.000,13499,34
"559899",2011-07-13 12:24:00.000,12528,9
C559417,2011-07-08 11:08:00.000,13115,9
"575956",2011-11-13 12:17:00.000,14487,54
"551062",2011-04-26 12:16:00.000,18092,53
"569258",2011-10-03 11:26:00.000,17330,59
"567197",2011-09-19 10:10:00.000,14934,36
"548555",2011-04-01 09:21:00.000,13758,56
"553703",2011-05-18 14:57:00.000,13192,9
"547842",2011-03-27 11:14:00.000,13875,34
"573388",2011-10-30 14:44:00.000,14895,34
"546851",2011-03-17 13:23:00.000,12480,34
"568402",2011-09-27 10:34:00.000,16629,36
"573291",2011-10-28 14:51:00.000,16554,59
"568163",2011-09-25 12:34:00.000,14540,35
"554123",2011-05-22 15:44:00.000,16818,54
"546780",2011-03-17 07:40:00.000,12435,35
"546246",2011-03-10 13:28:00.000,14841,18
"576782",2011-11-16 13:36:00.000,17500,52
"567822",2011-09-22 12:54:00.000,17644,9
"539826",2010-12-22 12:39:00.000,15044,52
"566520",2011-09-13 11:26:00.000,17757,54
"551396",2011-04-28 12:49:00.000,17720,36
"560725",2011-07-20 13:56:00.000,16186,60
"558671",2011-07-01 10:47:00.000,17123,53
"574098",2011-11-03 10:03:00.000,16337,9
"580988",2011-12-06 16:41:00.000,18154,53
"575206",2011-11-09 10:26:00.000,14298,35
"575609",2011-11-10 12:40:00.000,17243,54
"569017",2011-09-30 09:22:00.000,13813,60
"568378",2011-09-27 08:57:00.000,13035,59
"559317",2011-07-07 14:03:00.000,17611,18
"568528",2011-09-27 13:32:00.000,13979,60
"557006",2011-06-16 11:29:00.000,14282,56
"550998",2011-04-26 09:12:00.000,12414,56
"546837",2011-03-17 12:37:00.000,13650,34
C572059,2011-10-20 12:45:00.000,17346,18
"568663",2011-09-28 12:46:00.000,14440,53
"557258",2011-06-19 10:35:00.000,12951,33
C574508,2011-11-04 13:25:00.000,16463,36
"551000",2011-04-26 09:15:00.000,18172,35
"576071",2011-11-13 16:03:00.000,18069,33
"568220",2011-09-26 10:03:00.000,15626,56
"559872",2011-07-13 11:00:00.000,16816,52
"570663",2011-10-11 14:20:00.000,13627,55
"569630",2011-10-05 11:44:00.000,13458,60
"578469",2011-11-24 12:36:00.000,12471,35
"547911",2011-03-28 12:25:00.000,14127,56
"578663",2011-11-24 16:54:00.000,15428,35
"554954",2011-05-27 14:50:00.000,14227,35
"548213",2011-03-30 09:15:00.000,15521,54
"540264",2011-01-06 10:20:00.000,17949,54
"569330",2011-10-03 13:31:00.000,15311,18
"544644",2011-02-22 11:46:00.000,17002,55
"558910",2011-07-05 09:16:00.000,12989,60
C569986,2011-10-06 19:52:00.000,16245,9
"569847",2011-10-06 13:45:00.000,14116,60
C544118,2011-02-16 11:49:00.000,16306,33
"545993",2011-03-08 13:23:00.000,13777,33
"558431",2011-06-29 12:15:00.000,14911,35
"573924",2011-11-02 09:45:00.000,15065,60
"555279",2011-06-01 17:42:00.000,16348,36
"537833",2010-12-08 14:53:00.000,13270,36
"566408",2011-09-12 13:43:00.000,16984,36
"574043",2011-11-02 13:13:00.000,16367,59
"550670",2011-04-20 10:04:00.000,17734,60
"580278",2011-12-02 13:11:00.000,13560,54
"553921",2011-05-20 09:08:00.000,13376,52
"540534",2011-01-09 14:17:00.000,12971,54
"579194",2011-11-28 15:50:00.000,15804,9
"578929",2011-11-27 12:31:00.000,13064,35
"557429",2011-06-20 12:26:00.000,17857,55
"567960",2011-09-23 09:14:00.000,13777,54
"556329",2011-06-10 11:28:00.000,14573,53
"559293",2011-07-07 12:29:00.000,16743,9
"576053",2011-11-13 14:53:00.000,16726,55
"544788",2011-02-23 12:18:00.000,13089,35
"569468",2011-10-04 11:56:00.000,16186,33
"548499",2011-03-31 13:47:00.000,17075,56
C540527,2011-01-09 13:42:00.000,14606,35
"547517",2011-03-23 14:33:00.000,12395,18
"575210",2011-11-09 10:32:00.000,14732,18
"558315",2011-06-28 11:44:00.000,15065,60
"571409",2011-10-17 12:25:00.000,14911,35
"579131",2011-11-28 12:33:00.000,12839,18
"570481",2011-10-10 17:00:00.000,17552,56
C562910,2011-08-10 13:03:00.000,15671,55
"536393",2010-12-01 10:37:00.000,13747,56
"542759",2011-01-31 16:59:00.000,15881,60
C538691,2010-12-14 09:56:00.000,14176,55
"581396",2011-12-08 13:22:00.000,15189,60
"557795",2011-06-23 09:14:00.000,13881,56
"562584",2011-08-07 14:16:00.000,13752,34
C550026,2011-04-14 11:22:00.000,14339,18
"540785",2011-01-11 11:39:00.000,12557,59
"558121",2011-06-27 09:34:00.000,13453,55
"550626",2011-04-19 14:23:00.000,13184,54
C579925,2011-12-01 09:16:00.000,15544,52
"560924",2011-07-22 09:01:00.000,15061,35
"558919",2011-07-05 09:56:00.000,15078,52
"578291",2011-11-23 14:18:00.000,16500,52
"541794",2011-01-21 13:21:00.000,17238,59
"556415",2011-06-10 12:19:00.000,12409,54
"580603",2011-12-05 11:31:00.000,16642,36
"544592",2011-02-21 15:30:00.000,16775,52
C555274,2011-06-01 16:34:00.000,14911,60
"542231",2011-01-26 13:40:00.000,16714,60
"570851",2011-10-12 14:46:00.000,12583,59
"554263",2011-05-23 12:32:00.000,12474,56
"574306",2011-11-03 16:37:00.000,17481,18
"543179",2011-02-04 10:31:00.000,12754,35
"569650",2011-10-05 12:44:00.000,12415,59
"579300",2011-11-29 11:30:00.000,14667,34
C569944,2011-10-06 18:12:00.000,17405,53
"569530",2011-10-04 14:58:00.000,17957,54
"580061",2011-12-01 13:27:00.000,14051,55
"558653",2011-07-01 10:40:00.000,14868,33
"544924",2011-02-24 17:18:00.000,13851,55
"549679",2011-04-11 12:59:00.000,16407,33
"549304",2011-04-08 08:39:00.000,16133,55
C553999,2011-05-20 11:52:00.000,13408,18
"568588",2011-09-28 10:18:00.000,14109,59
"554365",2011-05-24 10:22:00.000,13089,54
C558357,2011-06-28 15:04:00.000,15502,33
"561295",2011-07-26 12:28:00.000,15311,35
"551002",2011-04-26 09:37:00.000,16834,55
"571322",2011-10-17 11:05:00.000,13534,54
"581285",2011-12-08 11:36:00.000,13394,53
"553469",2011-05-17 11:15:00.000,16029,18
"544091",2011-02-16 08:37:00.000,14897,52
"564429",2011-08-25 11:31:00.000,16638,52
"539000",2010-12-15 12:27:00.000,13092,35
C569970,2011-10-06 18:57:00.000,13055,56
"563060",2011-08-11 15:24:00.000,17653,9
"571904",2011-10-19 14:41:00.000,12522,36
"568653",2011-09-28 12:16:00.000,13798,34
C563606,2011-08-18 06:30:00.000,13925,56
"540493",2011-01-07 16:34:00.000,14867,34
C578991,2011-11-27 15:31:00.000,15555,36
"543376",2011-02-07 15:10:00.000,16321,35
"555536",2011-06-05 12:28:00.000,17675,52
"551186",2011-04-27 10:01:00.000,17857,33
C573771,2011-11-01 10:13:00.000,16164,54
"571080",2011-10-13 15:19:00.000,13719,54
"554322",2011-05-23 15:33:00.000,17512,35
"555418",2011-06-03 10:19:00.000,15498,9
"555634",2011-06-06 12:29:00.000,13319,54
C545769,2011-03-07 12:05:00.000,14903,54
"546156",2011-03-10 08:31:00.000,14297,36
"536564",2010-12-01 15:08:00.000,13468,33
C566939,2011-09-15 16:11:00.000,14111,52
"556067",2011-06-08 14:35:00.000,12748,34
"554502",2011-05-24 14:47:00.000,14289,59
"545181",2011-02-28 14:45:00.000,12509,9
"572565",2011-10-25 10:17:00.000,16762,9
"579910",2011-12-01 08:52:00.000,14911,36
"546531",2011-03-14 13:35:00.000,15738,54
"539921",2010-12-23 11:09:00.000,12748,53
"559861",2011-07-13 10:27:00.000,15895,60
"553847",2011-05-19 12:41:00.000,15738,59
C558727,2011-07-01 14:35:00.000,12709,35
"546622",2011-03-15 11:30:00.000,17954,60
"545588",2011-03-04 10:03:00.000,13382,55
"538814",2010-12-14 12:30:00.000,15983,55
"541530",2011-01-19 10:56:00.000,14769,60
C538704,2010-12-14 10:31:00.000,14206,33
"537381",2010-12-06 13:13:00.000,14667,9
"565142",2011-09-01 13:46:00.000,17386,56
"562782",2011-08-09 13:14:00.000,13280,59
"552978",2011-05-12 14:46:00.000,12590,59
"574953",2011-11-08 09:50:00.000,16187,53
"548733",2011-04-04 10:29:00.000,17648,36
"577607",2011-11-21 09:21:00.000,14911,52
"561102",2011-07-25 11:17:00.000,12412,59
"566432",2011-09-12 14:40:00.000,13704,53
"553093",2011-05-13 11:54:00.000,13798,54
"569828",2011-10-06 12:35:00.000,14527,60
"539858",2010-12-22 16:19:00.000,18092,33
"580681",2011-12-05 15:01:00.000,13083,35
"576668",2011-11-16 11:49:00.000,18246,35
"565092",2011-09-01 10:36:00.000,14092,33
"544939",2011-02-25 10:10:00.000,17034,36
"541884",2011-01-24 11:12:00.000,14782,9
"577848",2011-11-22 10:59:00.000,13247,9
"556788",2011-06-14 13:40:00.000,15129,60
"580630",2011-12-05 12:11:00.000,12913,53
"564712",2011-08-28 10:40:00.000,15611,53
"580669",2011-12-05 14:25:00.000,15159,54
"536369",2010-12-01 08:35:00.000,13047,60
"569471",2011-10-04 12:38:00.000,15046,35
"569702",2011-10-05 16:09:00.000,14396,36
"547924",2011-03-28 13:39:00.000,17749,53
"577691",2011-11-21 11:34:00.000,14587,54
"561868",2011-07-31 11:26:00.000,16813,34
"550518",2011-04-19 08:55:00.000,16628,34
"552181",2011-05-06 13:36:00.000,17381,34
"542865",2011-02-01 12:08:00.000,12929,54
C564211,2011-08-24 09:11:00.000,17652,52
"576256",2011-11-14 14:09:00.000,15953,52
"540473",2011-01-07 14:31:00.000,17284,54
"578319",2011-11-23 16:48:00.000,15393,9
"563112",2011-08-12 11:09:00.000,14849,35
"574530",2011-11-04 14:07:00.000,16887,53
C546209,2011-03-10 11:31:00.000,15596,53
"572242",2011-10-21 15:36:00.000,15677,34
"557121",2011-06-16 17:35:00.000,14062,36
"579268",2011-11-29 09:47:00.000,14321,34
C545852,2011-03-07 13:49:00.000,14048,9
"571712",2011-10-18 16:46:00.000,14056,56
"540849",2011-01-12 09:33:00.000,14270,33
"562604",2011-08-08 10:51:00.000,17611,18
"574255",2011-11-03 13:44:00.000,12569,52
"556035",2011-06-08 12:36:00.000,15159,33
"567138",2011-09-16 14:39:00.000,17652,60
C564320,2011-08-24 13:20:00.000,16536,52
"540454",2011-01-07 11:57:00.000,16191,33
"576255",2011-11-14 14:09:00.000,15993,55
"565926",2011-09-08 10:02:00.000,13305,33
C573764,2011-11-01 09:56:00.000,13032,18
"550025",2011-04-14 11:19:00.000,17315,53
"552310",2011-05-08 15:22:00.000,17323,55
"560398",2011-07-18 14:10:00.000,12731,54
"549585",2011-04-11 09:54:00.000,14616,55
"563037",2011-08-11 15:02:00.000,12362,36
"548530",2011-03-31 17:06:00.000,17400,33
"575923",2011-11-11 17:11:00.000,17069,56
"577490",2011-11-20 12:11:00.000,16464,9
"571103",2011-10-13 15:50:00.000,18160,60
"540021",2011-01-04 12:51:00.000,17841,56
"545054",2011-02-27 12:41:00.000,14472,56
"551469",2011-04-28 16:23:00.000,18037,33
"553161",2011-05-13 15:48:00.000,12681,9
"561197",2011-07-25 14:35:00.000,16364,35
"561115",2011-07-25 12:12:00.000,17675,18
"577029",2011-11-17 12:59:00.000,15563,36
"562778",2011-08-09 12:55:00.000,17591,52
"537199",2010-12-05 14:06:00.000,15894,56
"569087",2011-09-30 12:03:00.000,13095,59
"550134",2011-04-14 13:50:00.000,16249,33
"572843",2011-10-26 12:06:00.000,14315,9
"538816",2010-12-14 12:35:00.000,16812,36
C573761,2011-11-01 09:55:00.000,15489,52
"574348",2011-11-04 10:28:00.000,13756,60
"580100",2011-12-01 15:11:00.000,16119,34
"577087",2011-11-17 15:55:00.000,12464,33
"564191",2011-08-23 16:16:00.000,17315,56
"577504",2011-11-20 12:36:00.000,14159,53
"565210",2011-09-01 17:09:00.000,17750,36
"546443",2011-03-14 10:41:00.000,12901,54
"547822",2011-03-25 14:53:00.000,12668,56
"577782",2011-11-21 16:17:00.000,16549,59
"553734",2011-05-19 08:31:00.000,14735,56
"546878",2011-03-17 17:13:00.000,13631,34
"560385",2011-07-18 12:53:00.000,14583,9
"568913",2011-09-29 13:45:00.000,15050,9
"577783",2011-11-21 16:20:00.000,18139,35
"566194",2011-09-09 13:42:00.000,14711,33
"577043",2011-11-17 13:38:00.000,14282,36
"572847",2011-10-26 12:15:00.000,14606,36
"562879",2011-08-10 10:45:00.000,15640,34
"559941",2011-07-14 10:20:00.000,17396,35
"545669",2011-03-06 10:05:00.000,17243,35
"559156",2011-07-06 15:50:00.000,13418,9
"559690",2011-07-11 15:52:00.000,16422,36
"575751",2011-11-11 10:32:00.000,14911,59
C566943,2011-09-15 16:17:00.000,16293,59
"555353",2011-06-02 13:22:00.000,16928,35
"581437",2011-12-08 16:22:00.000,14621,9
"573531",2011-10-31 12:43:00.000,12909,35
"554944",2011-05-27 14:12:00.000,18073,59
"573277",2011-10-28 13:18:00.000,14606,9
"561466",2011-07-27 12:50:00.000,17243,35
"565122",2011-09-01 11:48:00.000,13069,34
"562345",2011-08-04 12:14:00.000,13694,36
"549251",2011-04-07 12:16:00.000,14449,18
"543128",2011-02-03 14:54:00.000,12971,55
"540640",2011-01-10 12:36:00.000,14527,33
"548448",2011-03-31 11:07:00.000,18041,55
"540001",2011-01-04 10:22:00.000,18097,34
"537136",2010-12-05 12:42:00.000,12748,54
"579442",2011-11-29 13:37:00.000,15152,59
"558766",2011-07-03 13:24:00.000,14257,34
"542129",2011-01-25 15:18:00.000,13002,56
"553411",2011-05-17 09:28:00.000,12714,54
"572030",2011-10-20 11:51:00.000,14923,53
C543818,2011-02-13 15:45:00.000,16897,36
"555603",2011-06-06 11:36:00.000,16209,18
"537298",2010-12-06 11:37:00.000,13497,54
C557515,2011-06-20 17:05:00.000,17463,60
"548640",2011-04-01 12:41:00.000,17580,53
"579412",2011-11-29 12:47:00.000,14125,18
"557468",2011-06-20 13:14:00.000,16713,54
"566979",2011-09-16 09:54:00.000,13141,53
"573385",2011-10-30 14:21:00.000,13421,36
"567190",2011-09-19 09:14:00.000,18226,18
"563944",2011-08-22 10:08:00.000,17581,53
"570214",2011-10-09 11:50:00.000,12748,33
"566241",2011-09-11 11:30:00.000,15939,53
C547408,2011-03-23 08:55:00.000,15658,36
"539080",2010-12-16 08:41:00.000,16607,35
C558255,2011-06-27 17:06:00.000,12955,53
"555496",2011-06-03 14:44:00.000,15405,59
"549102",2011-04-06 11:34:00.000,13266,33
"546440",2011-03-14 10:31:00.000,16871,60
"570799",2011-10-12 12:31:00.000,16203,53
"549183",2011-04-07 09:16:00.000,14239,60
"537225",2010-12-05 16:41:00.000,12748,52
"571049",2011-10-13 13:43:00.000,16670,55
"566255",2011-09-11 12:23:00.000,13324,54
"558996",2011-07-05 12:11:00.000,13085,18
"566217",2011-09-09 15:17:00.000,14096,54
"563242",2011-08-15 10:28:00.000,17173,9
"574445",2011-11-04 11:41:00.000,15722,34
"570250",2011-10-10 09:01:00.000,14027,53
"555602",2011-06-06 11:26:00.000,16235,52
"578261",2011-11-23 13:24:00.000,14216,56
"557329",2011-06-20 10:13:00.000,17227,36
"557221",2011-06-17 13:01:00.000,16869,33
"568564",2011-09-27 17:03:00.000,17576,36
"554126",2011-05-23 09:14:00.000,12431,18
"546432",2011-03-14 08:21:00.000,14180,54
C569644,2011-10-05 12:31:00.000,14534,35
"570666",2011-10-11 14:24:00.000,13919,9
"562211",2011-08-03 13:22:00.000,17429,54
"573150",2011-10-27 20:07:00.000,15014,34
"563925",2011-08-21 14:42:00.000,13610,36
"573430",2011-10-31 10:38:00.000,13813,53
"557315",2011-06-19 16:02:00.000,15535,34
C552585,2011-05-10 12:35:00.000,17841,9
"554111",2011-05-22 14:40:00.000,15724,59
"577036",2011-11-17 13:21:00.000,17797,18
"544395",2011-02-18 12:13:00.000,13397,55
"556234",2011-06-09 15:27:00.000,17961,56
C564217,2011-08-24 09:24:00.000,12994,53
"573556",2011-10-31 13:51:00.000,17675,56
"555514",2011-06-05 10:41:00.000,17071,52
"575189",2011-11-09 09:13:00.000,13029,35
"570652",2011-10-11 13:45:00.000,17863,34
"549851",2011-04-12 15:08:00.000,16062,36
"558247",2011-06-27 16:46:00.000,14167,35
"539214",2010-12-16 12:31:00.000,17062,55
C566948,2011-09-15 16:30:00.000,13468,35
"580541",2011-12-05 09:03:00.000,15358,60
"578121",2011-11-23 10:23:00.000,14547,18
"547382",2011-03-22 15:31:00.000,15457,33
"559311",2011-07-07 13:35:00.000,14459,34
"560285",2011-07-18 09:21:00.000,14944,54
"575678",2011-11-10 15:23:00.000,16169,34
"545570",2011-03-03 16:28:00.000,12817,59
"536524",2010-12-01 12:51:00.000,17572,36
"578550",2011-11-24 15:03:00.000,12720,34
"581227",2011-12-08 09:56:00.000,17677,60
"567195",2011-09-19 09:30:00.000,17451,34
"557848",2011-06-23 10:52:00.000,15220,34
"537265",2010-12-06 11:26:00.000,15919,35
"542870",2011-02-01 12:29:00.000,15203,56
"581014",2011-12-07 09:34:00.000,16458,18
"577769",2011-11-21 15:27:00.000,16379,18
"548160",2011-03-29 13:33:00.000,16253,34
C559347,2011-07-07 17:22:00.000,18072,36
"554839",2011-05-26 17:15:00.000,14056,56
"559457",2011-07-08 12:50:00.000,14918,54
"540016",2011-01-04 11:42:00.000,16282,59
"537609",2010-12-07 13:22:00.000,17675,35
"569695",2011-10-05 15:35:00.000,16843,35
"575060",2011-11-08 12:29:00.000,13089,54
"543664",2011-02-11 10:57:00.000,17705,36
C555328,2011-06-02 11:07:00.000,16449,36
"574663",2011-11-06 12:04:00.000,13527,52
"541698",2011-01-20 19:16:00.000,14713,35
"574730",2011-11-06 15:08:00.000,14824,60
"579741",2011-11-30 14:33:00.000,16910,52
"579143",2011-11-28 13:08:00.000,13882,55
"549119",2011-04-06 13:23:00.000,14220,56
"578140",2011-11-23 10:58:00.000,14646,56
"557472",2011-06-20 13:27:00.000,12432,55
"549052",2011-04-06 10:19:00.000,17682,56
"580606",2011-12-05 11:38:00.000,15290,53
"547652",2011-03-24 12:15:00.000,14606,35
C566222,2011-09-09 16:34:00.000,13458,54
"559027",2011-07-05 14:24:00.000,17046,35
C577131,2011-11-17 20:01:00.000,15861,18
"562102",2011-08-02 14:21:00.000,13089,60
C551509,2011-04-28 18:27:00.000,15845,9
"543828",2011-02-14 09:45:00.000,14156,54
"568379",2011-09-27 09:05:00.000,16626,54
"568558",2011-09-27 16:28:00.000,16354,35
"539038",2010-12-15 14:45:00.000,15641,9
"562531",2011-08-05 14:30:00.000,13984,36
"551714",2011-05-03 15:15:00.000,16806,36
"552697",2011-05-10 15:49:00.000,13695,52
C558312,2011-06-28 11:30:00.000,12955,56
C579932,2011-12-01 09:42:00.000,14950,59
"561082",2011-07-24 16:18:00.000,13230,34
"570119",2011-10-07 12:45:00.000,12748,52
"569203",2011-10-02 10:32:00.000,16353,54
"570418",2011-10-10 13:31:00.000,15211,54
C541885,2011-01-24 11:14:00.000,16782,36
"555511",2011-06-05 10:12:00.000,17708,36
"553725",2011-05-18 16:51:00.000,17047,59
"548349",2011-03-30 14:39:00.000,15812,59
"541837",2011-01-23 10:32:00.000,17714,60
C546203,2011-03-10 11:13:00.000,16839,52
"545544",2011-03-03 14:56:00.000,14057,56
"574560",2011-11-04 15:51:00.000,17703,59
"546549",2011-03-14 16:46:00.000,17799,18
"544601",2011-02-22 09:00:00.000,16638,60
"578324",2011-11-23 17:32:00.000,17530,33
"568788",2011-09-29 09:23:00.000,17894,53
"566926",2011-09-15 15:20:00.000,17402,60
"549441",2011-04-08 12:43:00.000,17162,55
C579930,2011-12-01 09:36:00.000,15563,18
"556485",2011-06-12 13:21:00.000,17211,55
"563370",2011-08-16 09:34:00.000,16153,34
"536531",2010-12-01 13:23:00.000,15485,35
"568150",2011-09-25 11:39:00.000,16689,33
"567298",2011-09-19 12:29:00.000,12497,56
"575977",2011-11-13 13:27:00.000,17287,9
"581182",2011-12-07 15:56:00.000,12783,53
"541357",2011-01-17 14:40:00.000,14238,54
"539312",2010-12-16 18:01:00.000,15197,33
"555587",2011-06-06 09:13:00.000,15687,33
"573814",2011-11-01 11:31:00.000,13268,53
"577094",2011-11-17 16:39:00.000,15435,52
"564440",2011-08-25 12:13:00.000,13928,55
"562951",2011-08-11 09:57:00.000,14462,56
C559670,2011-07-11 13:51:00.000,16033,56
"538437",2010-12-12 12:18:00.000,16010,35
"568168",2011-09-25 12:46:00.000,15799,9
"580107",2011-12-01 15:32:00.000,15948,53
C566947,2011-09-15 16:28:00.000,13871,36
"555284",2011-06-02 09:37:00.000,14298,35
"577804",2011-11-21 17:33:00.000,17432,35
"548156",2011-03-29 13:22:00.000,14871,36
"569367",2011-10-03 15:28:00.000,13994,18
"545015",2011-02-25 13:40:00.000,13742,56
"537603",2010-12-07 12:49:00.000,14673,59
"550616",2011-04-19 12:59:00.000,15140,9
"548912",2011-04-05 09:32:00.000,16586,18
"539285",2010-12-16 15:59:00.000,15366,36
C575841,2011-11-11 11:58:00.000,13408,55
C543375,2011-02-07 15:09:00.000,16321,33
"552274",2011-05-08 12:30:00.000,16523,36
"544701",2011-02-23 10:27:00.000,17428,54
"563518",2011-08-17 10:56:00.000,12421,54
"538106",2010-12-09 15:20:00.000,17950,54
"542234",2011-01-26 13:46:00.000,16714,54
"571425",2011-10-17 12:41:00.000,14911,9
"552949",2011-05-12 12:01:00.000,16033,36
"563089",2011-08-11 16:54:00.000,15469,55
"555918",2011-06-07 16:21:00.000,16098,36
C550959,2011-04-21 16:38:00.000,15594,56
C561212,2011-07-25 17:00:00.000,17175,9
"568674",2011-09-28 13:30:00.000,12708,55
"578805",2011-11-25 12:57:00.000,16401,54
C545434,2011-03-02 15:24:00.000,13410,18
"556105",2011-06-08 16:39:00.000,13466,18
"580595",2011-12-05 10:38:00.000,14194,54
"563510",2011-08-17 10:50:00.000,15734,33
C557516,2011-06-20 17:07:00.000,17651,54
"580664",2011-12-05 14:03:00.000,15097,54
"552061",2011-05-06 10:43:00.000,13001,54
"562925",2011-08-10 14:51:00.000,17389,18
"562217",2011-08-03 14:06:00.000,17659,53
"576694",2011-11-16 12:25:00.000,14426,35
"575849",2011-11-11 12:11:00.000,14790,56
"536676",2010-12-02 12:18:00.000,16752,18
"572380",2011-10-24 11:51:00.000,16019,54
"564318",2011-08-24 13:15:00.000,14035,60
"546778",2011-03-16 16:38:00.000,14572,9
"540819",2011-01-11 13:06:00.000,15518,36
"552868",2011-05-12 08:39:00.000,15513,35
"568242",2011-09-26 12:11:00.000,14931,9
"575688",2011-11-10 16:15:00.000,18230,52
"547668",2011-03-24 13:28:00.000,14071,55
"580110",2011-12-01 15:47:00.000,17350,35
"563208",2011-08-14 12:12:00.000,14040,54
"561617",2011-07-28 13:05:00.000,18237,60
"575941",2011-11-13 11:39:00.000,16438,56
"562840",2011-08-09 16:27:00.000,14527,52
"552340",2011-05-09 12:04:00.000,17949,52
"552192",2011-05-06 14:16:00.000,15258,52
"580049",2011-12-01 12:54:00.000,13599,34
"568146",2011-09-25 11:33:00.000,16169,55
"552265",2011-05-08 11:41:00.000,14161,36
"564634",2011-08-26 12:36:00.000,14210,60
"550332",2011-04-17 13:53:00.000,13474,33
"546418",2011-03-13 10:57:00.000,17315,18
"544556",2011-02-21 12:29:00.000,13477,56
C553529,2011-05-17 15:01:00.000,18118,52
"567809",2011-09-22 12:29:00.000,13804,18
"547795",2011-03-25 12:21:00.000,14536,60
"573182",2011-10-28 11:09:00.000,14232,34
"559512",2011-07-08 15:54:00.000,14188,55
"580044",2011-12-01 12:36:00.000,14869,55
"568577",2011-09-28 09:41:00.000,15301,55
C542101,2011-01-25 13:15:00.000,12471,35
"577796",2011-11-21 16:53:00.000,15105,54
"551346",2011-04-28 09:12:00.000,12362,56
"566928",2011-09-15 15:21:00.000,16189,60
"575655",2011-11-10 14:28:00.000,16434,55
C575580,2011-11-10 11:51:00.000,13599,54
"562107",2011-08-02 15:29:00.000,13805,36
"541239",2011-01-16 10:56:00.000,16401,54
"538125",2010-12-09 15:46:00.000,18225,52
"567878",2011-09-22 14:42:00.000,16910,33
"572045",2011-10-20 12:11:00.000,14527,60
"559367",2011-07-08 09:38:00.000,13013,35
"543631",2011-02-10 16:17:00.000,14081,18
"540522",2011-01-09 12:50:00.000,13102,33
"570505",2011-10-11 09:41:00.000,14841,33
"558094",2011-06-26 13:04:00.000,14795,52
"562277",2011-08-04 10:24:00.000,17315,18
"545182",2011-02-28 14:48:00.000,14046,52
"571182",2011-10-14 10:55:00.000,13115,56
"565325",2011-09-02 13:22:00.000,16086,9
"564647",2011-08-26 13:56:00.000,17920,55
"548320",2011-03-30 12:54:00.000,12709,35
"563915",2011-08-21 13:24:00.000,14224,54
"566028",2011-09-08 12:58:00.000,13848,53
"539225",2010-12-16 13:02:00.000,15379,52
"556196",2011-06-09 12:27:00.000,18065,55
"572544",2011-10-24 16:34:00.000,16023,18
"544817",2011-02-23 16:44:00.000,12437,35
"564654",2011-08-26 14:29:00.000,14911,54
C536606,2010-12-02 09:10:00.000,14092,60
"553653",2011-05-18 11:08:00.000,16701,36
"546625",2011-03-15 11:45:00.000,17542,56
"555395",2011-06-02 17:04:00.000,12971,59
"557208",2011-06-17 11:38:00.000,16172,59
"549575",2011-04-10 16:04:00.000,13956,18
"560417",2011-07-18 14:56:00.000,16011,33
C553564,2011-05-17 17:43:00.000,17581,54
"548176",2011-03-29 14:20:00.000,13439,53
"555555",2011-06-05 13:48:00.000,16963,54
"548664",2011-04-01 14:45:00.000,14911,18
"576082",2011-11-14 08:22:00.000,12428,35
C549098,2011-04-06 11:06:00.000,12481,56
"573337",2011-10-30 11:42:00.000,17018,18
"569253",2011-10-03 10:55:00.000,13635,33
"554555",2011-05-25 10:08:00.000,12437,52
"559876",2011-07-13 11:09:00.000,15752,33
C551864,2011-05-04 16:18:00.000,12483,59
"564479",2011-08-25 13:12:00.000,12682,33
"551657",2011-05-03 12:12:00.000,14911,36
C560560,2011-07-19 13:26:00.000,17738,33
"553828",2011-05-19 11:24:00.000,17865,33
"550890",2011-04-21 12:00:00.000,14711,18
"547971",2011-03-28 16:37:00.000,17917,60
"554994",2011-05-29 14:18:00.000,14606,36
"550923",2011-04-21 14:30:00.000,13748,55
"568243",2011-09-26 12:12:00.000,14217,34
C562097,2011-08-02 13:19:00.000,15311,18
"579007",2011-11-28 09:11:00.000,17924,33
"568083",2011-09-23 14:38:00.000,15903,54
"552196",2011-05-06 14:32:00.000,18078,56
"547428",2011-03-23 10:51:00.000,14870,33
C545885,2011-03-07 15:52:00.000,15827,59
"560483",2011-07-19 10:49:00.000,12955,9
"550765",2011-04-20 12:28:00.000,16103,53
"540550",2011-01-10 09:11:00.000,12539,53
"580088",2011-12-01 14:30:00.000,17115,52
"569263",2011-10-03 11:37:00.000,18102,55
"574884",2011-11-07 13:57:00.000,15291,53
"566322",2011-09-12 11:58:00.000,16209,54
"547030",2011-03-20 10:17:00.000,12948,56
C575626,2011-11-10 13:21:00.000,17651,53
"555865",2011-06-07 14:30:00.000,14530,18
C545455,2011-03-02 17:11:00.000,16473,33
"566561",2011-09-13 12:13:00.000,18145,34
"554465",2011-05-24 12:36:00.000,13534,33
"554289",2011-05-23 14:18:00.000,15434,34
"566484",2011-09-13 09:48:00.000,13880,59
C546548,2011-03-14 16:42:00.000,16518,53
"545059",2011-02-27 13:04:00.000,14157,35
"580398",2011-12-04 11:32:00.000,14354,56
"570243",2011-10-09 15:47:00.000,15606,55
"578365",2011-11-24 10:46:00.000,15482,54
"573552",2011-10-31 13:43:00.000,13203,52
C581121,2011-12-07 12:28:00.000,14087,9
"541208",2011-01-14 12:29:00.000,15159,18
"579129",2011-11-28 12:31:00.000,17852,56
"568098",2011-09-23 15:17:00.000,15762,59
"554633",2011-05-25 11:44:00.000,14287,55
"539249",2010-12-16 13:43:00.000,14709,60
"566089",2011-09-09 10:31:00.000,14062,35
"548742",2011-04-04 12:00:00.000,14688,59
"563722",2011-08-18 16:32:00.000,17720,33
"552328",2011-05-09 10:03:00.000,14188,59
C569034,2011-09-30 10:42:00.000,16240,35
"578300",2011-11-23 15:02:00.000,12664,9
"558336",2011-06-28 13:17:00.000,14364,33
"574937",2011-11-07 17:08:00.000,15344,59
"580032",2011-12-01 12:17:00.000,14659,53
"551546",2011-05-03 09:34:00.000,18062,56
C539066,2010-12-15 16:54:00.000,17912,54
"536782",2010-12-02 15:18:00.000,17567,36
"575756",2011-11-11 10:48:00.000,18118,52
"549924",2011-04-13 10:10:00.000,16837,55
"560590",2011-07-19 15:55:00.000,12560,53
"564430",2011-08-25 11:36:00.000,15955,55
C576850,2011-11-16 15:40:00.000,13924,59
"540499",2011-01-09 10:21:00.000,16923,34
"579190",2011-11-28 15:35:00.000,12657,35
C556966,2011-06-16 09:55:00.000,13523,35
C541589,2011-01-19 14:44:00.000,15831,55
"556497",2011-06-12 15:31:00.000,15271,18
C553656,2011-05-18 11:21:00.000,17389,53
"555493",2011-06-03 14:26:00.000,13695,34
"550327",2011-04-17 13:07:00.000,12878,33
"550179",2011-04-14 17:29:00.000,15220,54
"537360",2010-12-06 12:31:00.000,18113,54
"570500",2011-10-11 09:19:00.000,15858,36
"561027",2011-07-24 10:54:00.000,13802,55
"576385",2011-11-15 09:41:00.000,17314,52
"564309",2011-08-24 12:39:00.000,12471,54
C564655,2011-08-26 14:35:00.000,13159,18
C577394,2011-11-18 17:09:00.000,14902,52
"571039",2011-10-13 12:59:00.000,16121,54
"537683",2010-12-08 10:14:00.000,12921,53
"580176",2011-12-02 11:49:00.000,14292,36
C539608,2010-12-20 14:10:00.000,16873,59
"560080",2011-07-14 16:23:00.000,17450,34
"559098",2011-07-06 11:02:00.000,16029,54
"567382",2011-09-20 10:18:00.000,16215,55
"563720",2011-08-18 16:24:00.000,15867,18
"575360",2011-11-09 14:59:00.000,16516,56
"575213",2011-11-09 10:47:00.000,16210,9
"538309",2010-12-10 13:32:00.000,15881,52
"567881",2011-09-22 14:59:00.000,15640,53
"542931",2011-02-02 10:46:00.000,15589,54
C552701,2011-05-10 15:58:00.000,16094,60
"578950",2011-11-27 14:40:00.000,17885,34
"563014",2011-08-11 12:17:00.000,13408,60
"547936",2011-03-28 14:23:00.000,15874,53
"572703",2011-10-25 14:35:00.000,16110,34
"556480",2011-06-12 12:55:00.000,13617,59
"550186",2011-04-14 18:28:00.000,14051,34
"556817",2011-06-15 09:33:00.000,14609,55
C573219,2011-10-28 11:49:00.000,14415,34
"579559",2011-11-30 11:30:00.000,16764,59
"546678",2011-03-15 16:39:00.000,12681,33
"545044",2011-02-27 11:31:00.000,15738,52
"557215",2011-06-17 12:22:00.000,17677,52
"559920",2011-07-13 15:31:00.000,12415,35
"545681",2011-03-06 11:28:00.000,16923,53
"570275",2011-10-10 10:57:00.000,13098,35
"558038",2011-06-24 12:43:00.000,18219,33
"553726",2011-05-18 16:52:00.000,16681,36
"578068",2011-11-22 15:45:00.000,14505,54
C538062,2010-12-09 13:40:00.000,17702,60
"541238",2011-01-16 10:42:00.000,16746,55
"558769",2011-07-03 14:58:00.000,17899,33
"540167",2011-01-05 12:13:00.000,16600,33
"571302",2011-10-17 09:07:00.000,12989,60
"569246",2011-10-03 09:57:00.000,14096,56
"554348",2011-05-24 08:49:00.000,13523,33
"552168",2011-05-06 12:28:00.000,13880,52
"578699",2011-11-25 10:22:00.000,13113,59
"550523",2011-04-19 10:08:00.000,15594,33
"566483",2011-09-13 09:47:00.000,13880,9
C555529,2011-06-05 11:45:00.000,16923,55
"541980",2011-01-24 15:09:00.000,12421,54
"568988",2011-09-29 16:38:00.000,12718,36
"564476",2011-08-25 12:57:00.000,12610,34
"563584",2011-08-17 16:48:00.000,15122,18
"578809",2011-11-25 13:23:00.000,13048,52
"547691",2011-03-24 15:02:00.000,16767,59
"577217",2011-11-18 11:53:00.000,17324,59
"575181",2011-11-09 08:21:00.000,14709,56
"564187",2011-08-23 15:24:00.000,15005,34
C559534,2011-07-10 12:11:00.000,16283,36
"555850",2011-06-07 13:35:00.000,16550,54
"553134",2011-05-13 12:50:00.000,15382,52
C569320,2011-10-03 12:19:00.000,15301,33
"543816",2011-02-13 15:26:00.000,17841,60
"580089",2011-12-01 14:34:00.000,14732,9
"552302",2011-05-08 14:59:00.000,14606,35
"572188",2011-10-21 11:06:00.000,14967,60
"539404",2010-12-17 12:24:00.000,17315,56
"559298",2011-07-07 12:38:00.000,12471,55
"550017",2011-04-14 11:07:00.000,17865,60
"553074",2011-05-13 11:45:00.000,15529,54
"568374",2011-09-26 16:59:00.000,12748,9
"539489",2010-12-20 09:41:00.000,16684,36
C557487,2011-06-20 14:44:00.000,14796,59
"560878",2011-07-21 15:16:00.000,14410,60
"551287",2011-04-27 14:17:00.000,17961,36
"553226",2011-05-16 10:43:00.000,16912,35
"549954",2011-04-13 13:25:00.000,13700,34
"566083",2011-09-09 10:10:00.000,13145,34
"566421",2011-09-12 13:55:00.000,12924,55
"548210",2011-03-29 17:23:00.000,14606,36
"579141",2011-11-28 13:06:00.000,17019,56
"551992",2011-05-05 15:31:00.000,12747,59
C573228,2011-10-28 11:54:00.000,16764,9
"554869",2011-05-27 10:55:00.000,16525,36
"553172",2011-05-13 17:15:00.000,14031,9
"541149",2011-01-14 11:36:00.000,12393,36
C564094,2011-08-23 10:30:00.000,16550,35
C571066,2011-10-13 15:05:00.000,12709,33
"538902",2010-12-15 10:04:00.000,14150,18
"557745",2011-06-22 12:16:00.000,15750,33
"580963",2011-12-06 14:49:00.000,14868,54
"561248",2011-07-26 11:39:00.000,16592,59
"569668",2011-10-05 13:47:00.000,16040,9
C558254,2011-06-27 17:05:00.000,16670,33
"557290",2011-06-19 13:01:00.000,16880,35
"553578",2011-05-18 10:39:00.000,13767,55
C579192,2011-11-28 15:43:00.000,12657,34
"572663",2011-10-25 12:54:00.000,12748,53
"557969",2011-06-24 10:03:00.000,13856,36
"561074",2011-07-24 15:46:00.000,13037,9
"563534",2011-08-17 11:37:00.000,14323,55
"555389",2011-06-02 16:26:00.000,14543,53
"538000",2010-12-09 11:44:00.000,12748,56
"572735",2011-10-25 15:36:00.000,15630,33
C548564,2011-04-01 10:22:00.000,12616,36
"577128",2011-11-17 19:48:00.000,14508,18
"570984",2011-10-13 11:58:00.000,17279,53
"551774",2011-05-04 11:12:00.000,14606,9
"576912",2011-11-17 10:01:00.000,13756,34
"567890",2011-09-22 15:40:00.000,14125,55
"568708",2011-09-28 15:41:00.000,12393,60
"562615",2011-08-08 12:20:00.000,16458,34
"556494",2011-06-12 14:57:00.000,17802,33
"536736",2010-12-02 12:59:00.000,17381,35
"555490",2011-06-03 13:50:00.000,17949,53
"562099",2011-08-02 13:46:00.000,14688,56
"579452",2011-11-29 14:00:00.000,13199,33
"579157",2011-11-28 13:51:00.000,15540,53
"545459",2011-03-02 17:21:00.000,17576,35
"542110",2011-01-25 13:46:00.000,14189,18
"539042",2010-12-15 15:37:00.000,15062,36
"571295",2011-10-16 16:12:00.000,14741,60
"541436",2011-01-18 10:41:00.000,15291,35
"552714",2011-05-11 09:28:00.000,17164,60
"560274",2011-07-17 15:00:00.000,14895,59
"560035",2011-07-14 13:41:00.000,17706,60
"554953",2011-05-27 14:49:00.000,14227,9
"537618",2010-12-07 13:50:00.000,15061,52
"546213",2011-03-10 11:37:00.000,14156,54
"567537",2011-09-21 09:54:00.000,16656,9
"577980",2011-11-22 12:24:00.000,16330,60
"558909",2011-07-05 09:10:00.000,13408,59
"546872",2011-03-17 16:11:00.000,14462,18
"540409",2011-01-07 10:00:00.000,16019,18
"576252",2011-11-14 13:55:00.000,14418,59
"569241",2011-10-03 09:30:00.000,14488,55
"565384",2011-09-02 15:45:00.000,13507,36
"562131",2011-08-03 09:30:00.000,18178,52
"547203",2011-03-21 13:51:00.000,17146,18
"547639",2011-03-24 11:34:00.000,17698,18
"550661",2011-04-20 09:20:00.000,12656,35
"554129",2011-05-23 09:39:00.000,14189,60
C561613,2011-07-28 12:46:00.000,14194,56
"549972",2011-04-13 14:27:00.000,13408,54
"575895",2011-11-11 14:50:00.000,17052,34
C575578,2011-11-10 11:48:00.000,15358,9
"576614",2011-11-15 16:38:00.000,12933,33
C544300,2011-02-17 12:56:00.000,18125,56
"580599",2011-12-05 11:11:00.000,12925,60
"550001",2011-04-14 09:28:00.000,17704,60
"580120",2011-12-01 16:38:00.000,12553,33
C580971,2011-12-06 15:04:00.000,14298,55
"536752",2010-12-02 14:06:00.000,17850,56
"578822",2011-11-25 14:00:00.000,13437,53
"552837",2011-05-11 14:24:00.000,12901,54
C581106,2011-12-07 12:14:00.000,13668,53
"563909",2011-08-21 12:36:00.000,15701,18
"572294",2011-10-23 13:10:00.000,13471,35
C557505,2011-06-20 16:05:00.000,17490,9
"570019",2011-10-07 10:13:00.000,17841,34
"547362",2011-03-22 12:33:00.000,13694,36
"565014",2011-08-31 16:28:00.000,16180,56
"558006",2011-06-24 10:47:00.000,16626,52
"549240",2011-04-07 11:37:00.000,15910,18
C573105,2011-10-27 15:04:00.000,13969,53
"553007",2011-05-12 16:50:00.000,14000,34
"540459",2011-01-07 12:35:00.000,16191,34
"579405",2011-11-29 12:22:00.000,14126,56
"544643",2011-02-22 11:43:00.000,13038,9
"566086",2011-09-09 10:16:00.000,14051,55
"547099",2011-03-21 10:30:00.000,18224,34
"546986",2011-03-18 12:55:00.000,14194,59
"562017",2011-08-01 14:16:00.000,14937,9
"568696",2011-09-28 14:56:00.000,13842,60
"557065",2011-06-16 15:08:00.000,17157,36
"543774",2011-02-11 15:56:00.000,15856,55
"576786",2011-11-16 13:53:00.000,16999,52
"538888",2010-12-14 16:23:00.000,17912,33
C574065,2011-11-02 14:43:00.000,13271,55
"560928",2011-07-22 10:00:00.000,14852,33
"549949",2011-04-13 12:57:00.000,13208,60
"579788",2011-11-30 15:36:00.000,17736,18
"569905",2011-10-06 16:28:00.000,13549,55
"556249",2011-06-09 16:34:00.000,15681,33
"544922",2011-02-24 16:46:00.000,15847,35
"569384",2011-10-03 16:47:00.000,15159,9
C574850,2011-11-07 12:03:00.000,14702,36
"559883",2011-07-13 11:34:00.000,14397,60
"566230",2011-09-11 10:57:00.000,15159,34
"574722",2011-11-06 14:45:00.000,14502,33
"571565",2011-10-18 10:18:00.000,12720,54
"549564",2011-04-10 14:16:00.000,18129,55
C559953,2011-07-14 11:00:00.000,13815,60
"570457",2011-10-10 15:39:00.000,13666,54
"546759",2011-03-16 13:58:00.000,12712,59
C578039,2011-11-22 14:13:00.000,17338,52
"554938",2011-05-27 13:34:00.000,12876,53
"543736",2011-02-11 12:36:00.000,15044,36
"536563",2010-12-01 15:08:00.000,17760,36
"569232",2011-10-02 15:26:00.000,16667,53
C561681,2011-07-28 19:14:00.000,15370,52
C569553,2011-10-04 17:48:00.000,16362,36
"579938",2011-12-01 10:18:00.000,14146,33
"579784",2011-11-30 15:27:00.000,14258,34
C579911,2011-12-01 08:53:00.000,14525,34
C556925,2011-06-15 14:23:00.000,16013,52
"573886",2011-11-01 13:37:00.000,14401,18
"565114",2011-09-01 11:15:00.000,13588,54
C547231,2011-03-21 16:07:00.000,15291,60
"555156",2011-06-01 07:37:00.000,15643,54
"562708",2011-08-08 14:15:00.000,17085,34
"536860",2010-12-03 10:43:00.000,16905,34
C559008,2011-07-05 12:44:00.000,15518,56
"581338",2011-12-08 12:12:00.000,14646,53
"569365",2011-10-03 15:24:00.000,18102,9
"559700",2011-07-12 09:04:00.000,17450,56
"549941",2011-04-13 11:53:00.000,13694,54
"578793",2011-11-25 12:21:00.000,16210,56
"548622",2011-04-01 12:09:00.000,13636,52
"541564",2011-01-19 11:38:00.000,16904,54
C560243,2011-07-17 12:04:00.000,14659,55
"575269",2011-11-09 12:08:00.000,17865,33
"570186",2011-10-07 15:01:00.000,17509,56
"548567",2011-04-01 10:34:00.000,17965,52
"552649",2011-05-10 13:44:00.000,12592,35
"555589",2011-06-06 09:36:00.000,12802,36
"540544",2011-01-09 15:32:00.000,18032,35
C558466,2011-06-29 15:20:00.000,12951,59
"544107",2011-02-16 10:50:00.000,15670,56
"540251",2011-01-05 16:06:00.000,12748,54
C537856,2010-12-08 15:59:00.000,14388,56
"563499",2011-08-16 17:06:00.000,13470,55
C570831,2011-10-12 13:25:00.000,14911,18
"577129",2011-11-17 19:52:00.000,15602,33
"551470",2011-04-28 16:39:00.000,16782,35
"549744",2011-04-12 10:30:00.000,15240,33
C536383,2010-12-01 09:49:00.000,15311,34
"577487",2011-11-20 12:00:00.000,15061,56
"581119",2011-12-07 12:26:00.000,15136,60
"540701",2011-01-11 09:48:00.000,15640,18
"573269",2011-10-28 13:00:00.000,16764,36
"559310",2011-07-07 13:33:00.000,15505,55
"568908",2011-09-29 13:38:00.000,16653,35
"558888",2011-07-04 15:29:00.000,14056,18
"573076",2011-10-27 14:05:00.000,13488,34
C572463,2011-10-24 13:07:00.000,17652,36
"572074",2011-10-20 13:54:00.000,16284,9
"574025",2011-11-02 12:26:00.000,12748,60
"566450",2011-09-12 16:12:00.000,15673,54
"562379",2011-08-04 15:17:00.000,15134,18
"549242",2011-04-07 11:41:00.000,14911,34
"574534",2011-11-04 14:26:00.000,15061,55
"566063",2011-09-08 15:41:00.000,16011,18
C564276,2011-08-24 10:53:00.000,16841,56
C558438,2011-06-29 12:51:00.000,15189,53
"572464",2011-10-24 13:08:00.000,17081,59
"565595",2011-09-05 14:13:00.000,13192,33
"572568",2011-10-25 10:31:00.000,14001,60
"547080",2011-03-20 15:06:00.000,15445,34
"571629",2011-10-18 11:18:00.000,13362,52
"544100",2011-02-16 10:25:00.000,15002,52
"570244",2011-10-09 16:05:00.000,14514,53
"579174",2011-11-28 14:39:00.000,13266,34
"569239",2011-10-03 08:30:00.000,14644,35
"538846",2010-12-14 13:22:00.000,14606,35
"546161",2011-03-10 09:52:00.000,17404,36
"580243",2011-12-02 12:19:00.000,16333,9
"553315",2011-05-16 12:03:00.000,16705,36
"565461",2011-09-05 09:34:00.000,18261,33
"579667",2011-11-30 12:32:00.000,16361,56
"575902",2011-11-11 15:20:00.000,15544,18
"559552",2011-07-10 16:29:00.000,16014,34
"565665",2011-09-05 17:44:00.000,15856,35
"573876",2011-11-01 12:48:00.000,16360,33
"544308",2011-02-17 14:11:00.000,16525,18
"557223",2011-06-17 13:17:00.000,13647,54
"565990",2011-09-08 11:44:00.000,13577,34
"555119",2011-05-31 15:22:00.000,15163,59
"556252",2011-06-09 16:44:00.000,16779,53
"551725",2011-05-04 08:15:00.000,13798,36
C551948,2011-05-05 11:21:00.000,17511,36
"581327",2011-12-08 11:56:00.000,15187,56
"543645",2011-02-10 17:54:00.000,17609,56
"543025",2011-02-02 14:40:00.000,17446,53
"565244",2011-09-02 10:21:00.000,16735,33
"572457",2011-10-24 12:44:00.000,12594,33
"552573",2011-05-10 12:12:00.000,16306,18
"540906",2011-01-12 11:51:00.000,16701,34
C550172,2011-04-14 16:54:00.000,17440,52
"547504",2011-03-23 13:33:00.000,12683,52
"577332",2011-11-18 14:25:00.000,13013,52
C567945,2011-09-23 07:57:00.000,17340,36
"576599",2011-11-15 15:06:00.000,14544,9
"552442",2011-05-09 13:03:00.000,14667,9
"559991",2011-07-14 12:29:00.000,14527,9
"557275",2011-06-19 11:45:00.000,15544,60
"570698",2011-10-12 09:13:00.000,18171,53
"538637",2010-12-13 13:52:00.000,17611,36
"541088",2011-01-13 12:41:00.000,15513,36
"539049",2010-12-15 16:21:00.000,15615,9
"579089",2011-11-28 10:46:00.000,17920,9
"580101",2011-12-01 15:12:00.000,15144,9
"545410",2011-03-02 12:18:00.000,16670,35
"571213",2011-10-14 12:55:00.000,13995,35
"563256",2011-08-15 12:07:00.000,18143,35
"550778",2011-04-20 13:36:00.000,14868,9
"549429",2011-04-08 12:06:00.000,17001,33
"580066",2011-12-01 13:33:00.000,14309,9
C564947,2011-08-31 13:29:00.000,17747,60
"546662",2011-03-15 14:36:00.000,16782,9
C540417,2011-01-07 10:56:00.000,13680,36
"576070",2011-11-13 15:58:00.000,13451,34
"563731",2011-08-18 17:44:00.000,17576,55
"545752",2011-03-07 11:54:00.000,17381,55
"538107",2010-12-09 15:21:00.000,12826,59
"544944",2011-02-25 10:46:00.000,14541,55
"540980",2011-01-12 15:22:00.000,14514,55
C542402,2011-01-27 16:05:00.000,16124,52
"564898",2011-08-31 11:25:00.000,14513,60
"575501",2011-11-10 09:59:00.000,16218,55
"580907",2011-12-06 13:13:00.000,13507,55
C547054,2011-03-20 12:11:00.000,16444,36
C573101,2011-10-27 14:50:00.000,16592,60
"576607",2011-11-15 15:42:00.000,12474,36
"553668",2011-05-18 12:21:00.000,13993,56
"545557",2011-03-03 15:30:00.000,12500,9
"551985",2011-05-05 14:38:00.000,12395,56
"570590",2011-10-11 11:34:00.000,18075,9
"578523",2011-11-24 14:10:00.000,15311,54
"563949",2011-08-22 10:38:00.000,12747,60
"550185",2011-04-14 18:22:00.000,17142,52
"567617",2011-09-21 12:25:00.000,15140,9
C579895,2011-12-01 08:27:00.000,14329,56
"569561",2011-10-05 09:42:00.000,13468,55
"581120",2011-12-07 12:26:00.000,17042,56
"541248",2011-01-16 13:04:00.000,12748,55
"545664",2011-03-04 15:15:00.000,12584,52
"581480",2011-12-09 09:07:00.000,14441,34
C571861,2011-10-19 13:43:00.000,16670,35
C570274,2011-10-10 10:52:00.000,13113,34
"564200",2011-08-23 17:37:00.000,18018,52
"548898",2011-04-04 16:28:00.000,17214,36
"556890",2011-06-15 12:48:00.000,17581,34
"541968",2011-01-24 13:37:00.000,13396,59
"554815",2011-05-26 13:46:00.000,13798,54
"557226",2011-06-17 13:39:00.000,15805,56
"566580",2011-09-13 13:46:00.000,12822,53
"547512",2011-03-23 13:46:00.000,17262,9
C540949,2011-01-12 12:49:00.000,13093,34
"566247",2011-09-11 12:03:00.000,16107,52
C559049,2011-07-05 15:50:00.000,12494,60
"577084",2011-11-17 15:41:00.000,16626,55
"566246",2011-09-11 12:00:00.000,13941,53
"572310",2011-10-23 15:30:00.000,12748,56
C556637,2011-06-13 15:32:00.000,15382,53
"550191",2011-04-14 19:59:00.000,16806,52
"569462",2011-10-04 11:36:00.000,17014,60
"543463",2011-02-08 14:06:00.000,15311,34
"536844",2010-12-02 18:49:00.000,14236,59
C545033,2011-02-25 16:26:00.000,14156,36
C562957,2011-08-11 10:15:00.000,13319,36
"580654",2011-12-05 13:37:00.000,15854,52
"569725",2011-10-06 09:35:00.000,15061,53
"553484",2011-05-17 12:21:00.000,14513,33
"574325",2011-11-04 08:12:00.000,16839,33
"569667",2011-10-05 13:42:00.000,17521,53
"578287",2011-11-23 14:01:00.000,12723,35
C542793,2011-02-01 10:52:00.000,14113,55
"537041",2010-12-05 10:36:00.000,16033,54
"552051",2011-05-06 10:10:00.000,14796,52
"571737",2011-10-19 10:31:00.000,14367,18
"554159",2011-05-23 11:48:00.000,12464,53
"571702",2011-10-18 15:06:00.000,14639,18
"557619",2011-06-21 13:58:00.000,17757,56
"551011",2011-04-26 10:23:00.000,17090,56
"570128",2011-10-07 13:21:00.000,13689,34
C563598,2011-08-18 06:21:00.000,14305,18
"543597",2011-02-10 12:32:00.000,12857,53
"557850",2011-06-23 10:56:00.000,12720,36
"549546",2011-04-10 11:24:00.000,16889,35
C539277,2010-12-16 15:37:00.000,15777,55
"554491",2011-05-24 13:50:00.000,14606,54
"545738",2011-03-07 11:44:00.000,17571,56
"551501",2011-04-28 16:53:00.000,16422,33
"568239",2011-09-26 12:02:00.000,18205,36
"573069",2011-10-27 13:58:00.000,18077,33
"550942",2011-04-21 15:51:00.000,16587,33
"567859",2011-09-22 13:51:00.000,12936,34
"567975",2011-09-23 10:25:00.000,17416,59
"576931",2011-11-17 11:10:00.000,13028,55
"545812",2011-03-07 12:26:00.000,14214,9
"539005",2010-12-15 12:47:00.000,16638,59
"555866",2011-06-07 14:38:00.000,16841,55
"578836",2011-11-25 15:47:00.000,13069,9
"575498",2011-11-10 09:52:00.000,12708,33
C549530,2011-04-08 17:03:00.000,13863,53
"537023",2010-12-03 16:02:00.000,16725,9
"564380",2011-08-25 10:39:00.000,14314,33
"564307",2011-08-24 12:32:00.000,17865,53
C562921,2011-08-10 14:17:00.000,13767,55
"550150",2011-04-14 14:39:00.000,15230,18
"541043",2011-01-13 12:10:00.000,15510,34
"570657",2011-10-11 14:10:00.000,14911,52
C558615,2011-06-30 16:20:00.000,17719,35
"559173",2011-07-07 10:03:00.000,12540,53
"576251",2011-11-14 13:51:00.000,16207,34
"541700",2011-01-21 09:06:00.000,15174,55
C539719,2010-12-21 13:15:00.000,14643,33
"575186",2011-11-09 09:01:00.000,17611,9
C544034,2011-02-15 11:28:00.000,14701,9
"544070",2011-02-15 14:19:00.000,15370,60
"543332",2011-02-07 12:24:00.000,13955,55
C543042,2011-02-02 17:09:00.000,17337,55
"570216",2011-10-09 12:04:00.000,14595,9
"574150",2011-11-03 11:31:00.000,13709,52
"562730",2011-08-09 10:16:00.000,17554,59
"563755",2011-08-19 10:58:00.000,17612,33
C558061,2011-06-24 15:15:00.000,12809,60
"537052",2010-12-05 11:15:00.000,16839,34
"570806",2011-10-12 12:42:00.000,13115,35
"549317",2011-04-08 09:58:00.000,15109,60
"556956",2011-06-16 09:04:00.000,13694,60
C543636,2011-02-10 16:34:00.000,13767,53
"578680",2011-11-25 08:23:00.000,16458,36
"548698",2011-04-03 10:55:00.000,18109,35
C538089,2010-12-09 14:47:00.000,18230,34
"564165",2011-08-23 13:35:00.000,13593,18
"543984",2011-02-15 09:35:00.000,15601,56
C559659,2011-07-11 13:07:00.000,14796,34
C543241,2011-02-04 14:02:00.000,17315,54
"550490",2011-04-18 14:32:00.000,17054,56
C536758,2010-12-02 14:25:00.000,13767,9
"577791",2011-11-21 16:36:00.000,17100,54
"560975",2011-07-22 11:56:00.000,14426,60
C552709,2011-05-10 16:27:00.000,12886,56
"546755",2011-03-16 13:29:00.000,12502,56
"551953",2011-05-05 11:53:00.000,13448,56
"547056",2011-03-20 12:25:00.000,16402,60
"553553",2011-05-17 16:32:00.000,16156,35
"539326",2010-12-17 09:22:00.000,14560,33
"567785",2011-09-22 11:28:00.000,18102,56
"550299",2011-04-15 16:46:00.000,17389,35
"546998",2011-03-18 13:32:00.000,16023,59
"564709",2011-08-28 10:15:00.000,15569,55
"547379",2011-03-22 15:13:00.000,12720,53
C566956,2011-09-15 16:45:00.000,14019,35
"570179",2011-10-07 14:27:00.000,17509,36
"548730",2011-04-04 10:11:00.000,17669,35
C537602,2010-12-07 12:45:00.000,17511,36
"575062",2011-11-08 12:30:00.000,17651,52
C574515,2011-11-04 13:38:00.000,15159,59
"538640",2010-12-13 14:32:00.000,17524,18
"575765",2011-11-11 11:02:00.000,17730,56
"574629",2011-11-06 11:21:00.000,16326,56
"545845",2011-03-07 13:38:00.000,12754,9
"570646",2011-10-11 12:49:00.000,12824,56
"572992",2011-10-27 10:57:00.000,12681,60
"553490",2011-05-17 12:44:00.000,13309,59
C568157,2011-09-25 12:18:00.000,14367,9
"570506",2011-10-11 09:50:00.000,13283,55
"579135",2011-11-28 12:44:00.000,18096,18
"568176",2011-09-25 13:25:00.000,12685,59
"550161",2011-04-14 15:58:00.000,14154,33
"544642",2011-02-22 11:41:00.000,17811,59
"545185",2011-02-28 15:04:00.000,16027,18
"555933",2011-06-08 08:49:00.000,12567,56
"569332",2011-10-03 13:46:00.000,12637,55
"565367",2011-09-02 14:56:00.000,17091,34
"575975",2011-11-13 13:18:00.000,13536,18
"554985",2011-05-29 12:26:00.000,12426,33
"572932",2011-10-27 10:14:00.000,15791,60
"570555",2011-10-11 11:03:00.000,17119,53
"578314",2011-11-23 16:33:00.000,13350,9
"561909",2011-08-01 10:23:00.000,15625,56
"575854",2011-11-11 12:20:00.000,14125,33
"566244",2011-09-11 11:58:00.000,15502,56
"541362",2011-01-17 14:49:00.000,17730,59
"575510",2011-11-10 10:33:00.000,14646,60
"560805",2011-07-21 10:44:00.000,14259,35
"559774",2011-07-12 11:37:00.000,18122,55
"561794",2011-07-29 13:11:00.000,12921,34
"557325",2011-06-20 09:44:00.000,15291,52
"543842",2011-02-14 11:22:00.000,16333,59
"550632",2011-04-19 14:56:00.000,16907,56
"549101",2011-04-06 11:34:00.000,14606,55
"554132",2011-05-23 09:43:00.000,12360,60
"572037",2011-10-20 12:07:00.000,17365,9
"545321",2011-03-01 14:53:00.000,12747,18
"544157",2011-02-16 12:46:00.000,12372,56
"549206",2011-04-07 10:38:00.000,15281,56
"537469",2010-12-07 10:43:00.000,17720,56
"548701",2011-04-03 11:36:00.000,17629,33
"579443",2011-11-29 13:40:00.000,16479,52
"551826",2011-05-04 12:33:00.000,17955,34
"567170",2011-09-18 12:40:00.000,13566,55
"565589",2011-09-05 13:52:00.000,17450,35
"550512",2011-04-18 16:31:00.000,18069,52
"574861",2011-11-07 12:24:00.000,17368,54
"558105",2011-06-26 14:54:00.000,15644,35
"545082",2011-02-28 10:37:00.000,16992,54
"543117",2011-02-03 13:30:00.000,12464,9
"554069",2011-05-22 10:57:00.000,15281,53
"574694",2011-11-06 13:36:00.000,12381,9
"565338",2011-09-02 14:39:00.000,14948,53
"567865",2011-09-22 14:11:00.000,17311,59
"545682",2011-03-06 11:39:00.000,14701,60
"560734",2011-07-20 14:58:00.000,15298,60
"561065",2011-07-24 14:18:00.000,14180,34
"567803",2011-09-22 12:11:00.000,18102,9
"563555",2011-08-17 13:21:00.000,16755,35
C537807,2010-12-08 13:23:00.000,13495,55
"540406",2011-01-07 09:53:00.000,13798,59
C546740,2011-03-16 12:13:00.000,16983,9
"542994",2011-02-02 12:03:00.000,17230,59
"563726",2011-08-18 17:02:00.000,16582,52
"552293",2011-05-08 14:05:00.000,16232,36
"562262",2011-08-03 15:39:00.000,13408,52
"544338",2011-02-18 08:47:00.000,12852,52
"580386",2011-12-04 10:29:00.000,18065,18
"541122",2011-01-14 09:23:00.000,12708,33
"544476",2011-02-21 09:58:00.000,14796,60
"544183",2011-02-16 15:43:00.000,17857,9
"538594",2010-12-13 11:57:00.000,16927,55
"570429",2011-10-10 14:06:00.000,13225,56
"536786",2010-12-02 15:23:00.000,15061,33
C562375,2011-08-04 14:46:00.000,14911,60
"575192",2011-11-09 09:32:00.000,16205,36
"566399",2011-09-12 13:11:00.000,16141,36
"564721",2011-08-28 12:01:00.000,15095,55
"575743",2011-11-11 10:01:00.000,12757,33
"542930",2011-02-02 10:41:00.000,14233,59
"556241",2011-06-09 16:04:00.000,12597,36
"581587",2011-12-09 12:50:00.000,12680,55
C576918,2011-11-17 10:40:00.000,14102,56
C540243,2011-01-05 15:32:00.000,12585,33
"545900",2011-03-07 17:42:00.000,17817,59
"576873",2011-11-16 16:30:00.000,17835,53
"547059",2011-03-20 12:50:00.000,14693,34
"574262",2011-11-03 14:05:00.000,13721,52
C562367,2011-08-04 14:03:00.000,17811,59
"556998",2011-06-16 10:48:00.000,16672,9
"577809",2011-11-22 08:34:00.000,12584,33
"563426",2011-08-16 11:38:00.000,15140,33
C567147,2011-09-16 15:14:00.000,12709,9
"544421",2011-02-18 15:21:00.000,13951,54
"553179",2011-05-15 11:30:00.000,15440,59
C550533,2011-04-19 11:03:00.000,17071,53
C540381,2011-01-06 17:37:00.000,16705,56
"543190",2011-02-04 11:52:00.000,17226,52
"581401",2011-12-08 13:43:00.000,17644,54
"542716",2011-01-31 14:02:00.000,16407,53
C579496,2011-11-29 15:38:00.000,18161,55
"544103",2011-02-16 10:33:00.000,17961,60
"562580",2011-08-07 13:31:00.000,14024,33
"553047",2011-05-13 09:38:00.000,13534,34
"557217",2011-06-17 12:30:00.000,17426,55
"569856",2011-10-06 14:28:00.000,17068,56
"549664",2011-04-11 12:13:00.000,13113,54
"564503",2011-08-25 14:23:00.000,13971,35
C568599,2011-09-28 11:20:00.000,14395,35
"561678",2011-07-28 18:33:00.000,17931,60
C566084,2011-09-09 10:11:00.000,12621,60
"561048",2011-07-24 12:51:00.000,12939,18
"540943",2011-01-12 12:31:00.000,17841,56
"540799",2011-01-11 12:12:00.000,17365,54
"557406",2011-06-20 11:30:00.000,15747,34
"552217",2011-05-06 15:13:00.000,18170,56
"580888",2011-12-06 12:26:00.000,14110,53
"563381",2011-08-16 10:48:00.000,15768,36
"561221",2011-07-26 09:23:00.000,15281,53
"564544",2011-08-25 15:50:00.000,15663,59
"566694",2011-09-14 11:50:00.000,16401,52
"570271",2011-10-10 10:29:00.000,13756,18
"550163",2011-04-14 16:26:00.000,14154,35
"556439",2011-06-10 14:46:00.000,18061,59
"549256",2011-04-07 12:24:00.000,15754,33
"542694",2011-01-31 12:37:00.000,12908,34
"557295",2011-06-19 13:37:00.000,12724,55
C551512,2011-04-28 19:51:00.000,14032,34
"576902",2011-11-17 08:56:00.000,17330,35
"578790",2011-11-25 12:20:00.000,14966,59
"553160",2011-05-13 15:26:00.000,14194,60
"570723",2011-10-12 11:09:00.000,15267,55
"566605",2011-09-13 16:27:00.000,13263,60
"548541",2011-03-31 17:59:00.000,14957,18
"556106",2011-06-08 16:54:00.000,14056,60
"538942",2010-12-15 11:14:00.000,17346,55
C546535,2011-03-14 14:11:00.000,15502,56
"554108",2011-05-22 14:29:00.000,13668,56
C543918,2011-02-14 13:42:00.000,12921,59
"565862",2011-09-07 14:56:00.000,15885,35
"574482",2011-11-04 12:47:00.000,17193,55
"568369",2011-09-26 16:15:00.000,16710,55
"559056",2011-07-06 09:15:00.000,14645,33
"545000",2011-02-25 12:37:00.000,15281,54
"557504",2011-06-20 15:48:00.000,16839,60
"543352",2011-02-07 13:32:00.000,15577,18
"564961",2011-08-31 14:28:00.000,14525,18
"569685",2011-10-05 14:47:00.000,16758,18
"549169",2011-04-06 17:25:00.000,17906,18
"546852",2011-03-17 13:27:00.000,13104,52
"578117",2011-11-23 10:01:00.000,14334,55
"573184",2011-10-28 11:33:00.000,14110,9
"570522",2011-10-11 10:46:00.000,16029,18
"576224",2011-11-14 13:08:00.000,15458,60
"574328",2011-11-04 09:05:00.000,13081,18
"552537",2011-05-10 10:11:00.000,17315,35
C540377,2011-01-06 17:31:00.000,16656,52
"536566",2010-12-01 15:21:00.000,16928,18
"576328",2011-11-14 15:19:00.000,13577,53
"548404",2011-03-31 09:38:00.000,16398,53
C559253,2011-07-07 11:44:00.000,12472,53
"555412",2011-06-03 09:46:00.000,13069,54
"571710",2011-10-18 15:54:00.000,13032,55
"545902",2011-03-07 17:55:00.000,15834,60
"551199",2011-04-27 11:30:00.000,13018,54
"573140",2011-10-27 17:34:00.000,15955,9
"565242",2011-09-02 10:13:00.000,14436,52
"548656",2011-04-01 14:05:00.000,12748,53
"550829",2011-04-21 10:19:00.000,17841,34
C543026,2011-02-02 14:44:00.000,16717,55
"550138",2011-04-14 14:02:00.000,12841,35
"568505",2011-09-27 12:17:00.000,15311,60
"563205",2011-08-14 12:03:00.000,14040,36
C540535,2011-01-09 14:17:00.000,15005,36
"570121",2011-10-07 12:49:00.000,13419,56
C539476,2010-12-19 14:43:00.000,16686,52
"562537",2011-08-05 15:02:00.000,12517,33
"557635",2011-06-21 15:27:00.000,12748,36
C557004,2011-06-16 11:16:00.000,16729,34
"580525",2011-12-04 15:16:00.000,13630,55
C576243,2011-11-14 13:38:00.000,15953,60
C541689,2011-01-20 16:16:00.000,13090,56
"547717",2011-03-25 08:53:00.000,16833,54
"548509",2011-03-31 15:00:00.000,14543,52
"558759",2011-07-03 12:36:00.000,13148,18
"573282",2011-10-28 13:55:00.000,18030,35
"554788",2011-05-26 12:00:00.000,12987,59
"560361",2011-07-18 11:58:00.000,13488,59
"580653",2011-12-05 13:34:00.000,17706,56
"554817",2011-05-26 14:08:00.000,15622,55
"574656",2011-11-06 11:36:00.000,16434,59
"536601",2010-12-02 08:33:00.000,17850,52
C549973,2011-04-13 14:30:00.000,17873,36
C566185,2011-09-09 13:02:00.000,18167,55
"563692",2011-08-18 13:01:00.000,17243,52
"537567",2010-12-07 11:59:00.000,18119,52
"567915",2011-09-22 17:15:00.000,12579,53
C553518,2011-05-17 14:14:00.000,16642,9
"556303",2011-06-10 10:26:00.000,17064,35
"566430",2011-09-12 14:37:00.000,16475,60
"537828",2010-12-08 14:43:00.000,15680,60
"544304",2011-02-17 13:47:00.000,18125,53
"570680",2011-10-11 15:36:00.000,13969,35
"550323",2011-04-17 12:57:00.000,13692,36
"541851",2011-01-23 14:20:00.000,17841,52
C579780,2011-11-30 15:18:00.000,14217,60
"569921",2011-10-06 17:28:00.000,12523,35
"575496",2011-11-10 09:09:00.000,14944,60
"551467",2011-04-28 16:20:00.000,12600,35
C577385,2011-11-18 16:53:00.000,14189,18
"577258",2011-11-18 12:27:00.000,16764,33
"559346",2011-07-07 17:19:00.000,13486,55
"555816",2011-06-07 11:49:00.000,13089,35
C536815,2010-12-02 17:05:00.000,14443,54
"556189",2011-06-09 11:57:00.000,15615,59
"581186",2011-12-07 16:39:00.000,13756,53
"565569",2011-09-05 12:21:00.000,14111,34
"564953",2011-08-31 13:37:00.000,17588,54
"564553",2011-08-25 18:45:00.000,18200,34
"537404",2010-12-06 14:46:00.000,17191,59
"578091",2011-11-22 17:15:00.000,14554,33
"550274",2011-04-15 12:23:00.000,15498,33
"573492",2011-10-31 11:57:00.000,13544,18
"567523",2011-09-21 08:27:00.000,17034,52
"552839",2011-05-11 14:25:00.000,14367,34
"569658",2011-10-05 13:00:00.000,16359,18
"575908",2011-11-11 15:54:00.000,13091,18
"569331",2011-10-03 13:39:00.000,16875,59
"569060",2011-09-30 10:52:00.000,13954,54
C577799,2011-11-21 16:55:00.000,13458,35
"544044",2011-02-15 12:05:00.000,14659,18
C574318,2011-11-03 19:11:00.000,16729,52
"558706",2011-07-01 12:52:00.000,16839,54
"542420",2011-01-27 18:05:00.000,17180,60
"542869",2011-02-01 12:27:00.000,17035,60
"577776",2011-11-21 16:02:00.000,12504,36
"555382",2011-06-02 14:46:00.000,17133,9
"539865",2010-12-23 09:59:00.000,15587,56
"571828",2011-10-19 11:52:00.000,16440,9
"572893",2011-10-26 14:36:00.000,18059,18
"575059",2011-11-08 12:25:00.000,14071,59
"536792",2010-12-02 15:28:00.000,15061,34
"571666",2011-10-18 13:02:00.000,16422,60
"559927",2011-07-13 17:03:00.000,17567,33
C556457,2011-06-10 16:50:00.000,15856,35
"551149",2011-04-26 14:19:00.000,13184,36
"569832",2011-10-06 12:51:00.000,15315,60
"552064",2011-05-06 11:05:00.000,15874,35
"558921",2011-07-05 09:57:00.000,15078,52
"553941",2011-05-20 10:37:00.000,14334,52
"563212",2011-08-14 12:41:00.000,17800,52
"562213",2011-08-03 13:39:00.000,13975,55
"538216",2010-12-10 11:51:00.000,14543,33
"560716",2011-07-20 13:26:00.000,17675,36
C577390,2011-11-18 17:01:00.000,18276,35
"580166",2011-12-02 11:21:00.000,13495,18
C545679,2011-03-06 11:07:00.000,16923,34
"578102",2011-11-23 08:39:00.000,13089,18
"553749",2011-05-19 09:59:00.000,13468,33
"546520",2011-03-14 12:28:00.000,14911,18
C557165,2011-06-17 11:10:00.000,15238,9
"565211",2011-09-01 17:14:00.000,16638,59
C547309,2011-03-22 11:17:00.000,17416,33
"545014",2011-02-25 13:15:00.000,18223,9
"559745",2011-07-12 11:15:00.000,17790,59
"571432",2011-10-17 13:03:00.000,16737,60
"554067",2011-05-22 10:47:00.000,18150,34
"549715",2011-04-11 14:40:00.000,13203,33
"576543",2011-11-15 12:50:00.000,13236,55
C579904,2011-12-01 08:43:00.000,17049,55
"538892",2010-12-14 16:53:00.000,16422,53
"539762",2010-12-22 10:29:00.000,13953,33
C567961,2011-09-23 09:16:00.000,13430,60
"574018",2011-11-02 12:04:00.000,13477,53
C540158,2011-01-05 11:42:00.000,12471,60
"567369",2011-09-20 09:06:00.000,17527,35
"537634",2010-12-07 15:15:00.000,16775,54
"546369",2011-03-11 11:41:00.000,15513,18
"557127",2011-06-16 19:40:00.000,15014,35
"568554",2011-09-27 15:31:00.000,12455,55
"553691",2011-05-18 14:08:00.000,15311,36
"581394",2011-12-08 13:15:00.000,16892,60
"552238",2011-05-06 16:48:00.000,14403,33
"537458",2010-12-07 09:55:00.000,17091,34
C558239,2011-06-27 15:24:00.000,16966,35
"570829",2011-10-12 13:17:00.000,16295,33
"580093",2011-12-01 14:41:00.000,12971,18
"543274",2011-02-06 12:48:00.000,17392,36
"563929",2011-08-21 15:35:00.000,15031,55
"580073",2011-12-01 14:03:00.000,16813,59
"556768",2011-06-14 12:21:00.000,17243,35
"581165",2011-12-07 14:39:00.000,15701,52
"544481",2011-02-21 10:36:00.000,18155,54
"570841",2011-10-12 14:18:00.000,12553,52
"548185",2011-03-29 14:58:00.000,15628,18
"549443",2011-04-08 12:56:00.000,15775,18
"576852",2011-11-16 15:45:00.000,16809,53
"547892",2011-03-28 10:15:00.000,12669,18
"578087",2011-11-22 16:44:00.000,15965,18
"538193",2010-12-10 10:51:00.000,15061,34
C580886,2011-12-06 12:25:00.000,15311,34
C553906,2011-05-19 18:13:00.000,16554,34
"550833",2011-04-21 10:48:00.000,15860,55
"578113",2011-11-23 09:35:00.000,14560,53
"561670",2011-07-28 17:15:00.000,17373,35
"544648",2011-02-22 12:24:00.000,15722,53
"549983",2011-04-13 15:55:00.000,16348,54
"566022",2011-09-08 12:47:00.000,13925,9
"575087",2011-11-08 13:57:00.000,16549,9
"562141",2011-08-03 10:12:00.000,17389,9
"552669",2011-05-10 15:05:00.000,16710,60
C541254,2011-01-16 13:53:00.000,17841,52
"558472",2011-06-29 15:40:00.000,16553,55
"558075",2011-06-24 17:07:00.000,17858,33
"576663",2011-11-16 11:31:00.000,16157,59
"544472",2011-02-21 09:09:00.000,15129,9
"561885",2011-07-31 13:13:00.000,15532,54
"554076",2011-05-22 11:30:00.000,16556,55
"570342",2011-10-10 12:26:00.000,17706,53
C541498,2011-01-18 15:21:00.000,13693,59
"567642",2011-09-21 14:15:00.000,12409,59
"581479",2011-12-09 09:00:00.000,17364,35
"547650",2011-03-24 12:08:00.000,17059,55
"573178",2011-10-28 10:45:00.000,14412,18
C550807,2011-04-20 15:56:00.000,13717,59
"560641",2011-07-20 11:00:00.000,15587,55
"538250",2010-12-10 12:20:00.000,18118,9
C576223,2011-11-14 13:02:00.000,15993,35
"557798",2011-06-23 09:38:00.000,16187,9
C562961,2011-08-11 10:24:00.000,14305,52
"578058",2011-11-22 15:07:00.000,18249,9
"566037",2011-09-08 13:26:00.000,13249,52
"564539",2011-08-25 15:22:00.000,12715,9
"542586",2011-01-28 15:45:00.000,12377,33
"537895",2010-12-09 10:30:00.000,14299,55
C572488,2011-10-24 13:57:00.000,12474,52
"547509",2011-03-23 13:42:00.000,15606,33
C555248,2011-06-01 14:49:00.000,17682,56
C551329,2011-04-27 16:13:00.000,14626,33
"560535",2011-07-19 12:13:00.000,13167,33
"554326",2011-05-23 16:32:00.000,13737,33
"569338",2011-10-03 14:18:00.000,16013,18
"545074",2011-02-28 09:28:00.000,17655,18
"580394",2011-12-04 10:53:00.000,14397,18
"537389",2010-12-06 13:41:00.000,17757,60
"567340",2011-09-19 15:02:00.000,12540,52
"547987",2011-03-29 09:11:00.000,17428,34
C570478,2011-10-10 16:55:00.000,14644,18
C558898,2011-07-04 15:59:00.000,14952,35
"554672",2011-05-25 15:54:00.000,14415,18
"546543",2011-03-14 15:40:00.000,17841,18
"562457",2011-08-05 11:00:00.000,18079,36
"552268",2011-05-08 11:49:00.000,14709,60
"573161",2011-10-28 09:00:00.000,17736,52
"564199",2011-08-23 17:31:00.000,13263,33
"536537",2010-12-01 13:51:00.000,15922,54
"575671",2011-11-10 15:03:00.000,12670,54
"577044",2011-11-17 13:45:00.000,17428,33
"567128",2011-09-16 14:04:00.000,18055,60
C548487,2011-03-31 12:57:00.000,14952,18
"569634",2011-10-05 12:09:00.000,12843,18
"566272",2011-09-11 13:51:00.000,14487,36
"565733",2011-09-06 12:11:00.000,16359,35
"553538",2011-05-17 15:26:00.000,15855,34
C561589,2011-07-28 10:57:00.000,16133,53
"568512",2011-09-27 12:28:00.000,14101,34
"566610",2011-09-13 16:56:00.000,17961,53
"572321",2011-10-24 08:59:00.000,15592,53
"567860",2011-09-22 13:53:00.000,18102,18
"567506",2011-09-20 14:37:00.000,13038,35
"563024",2011-08-11 13:41:00.000,14639,9
C548488,2011-03-31 13:03:00.000,16638,33
"565850",2011-09-07 12:55:00.000,14530,53
"555630",2011-06-06 12:04:00.000,14732,56
"566734",2011-09-14 14:09:00.000,16910,54
"579253",2011-11-28 16:54:00.000,17450,59
C569979,2011-10-06 19:29:00.000,17652,52
"568159",2011-09-25 12:22:00.000,17719,55
"575584",2011-11-10 11:55:00.000,12682,35
"543349",2011-02-07 13:13:00.000,17774,18
"546242",2011-03-10 13:07:00.000,16743,59
"537213",2010-12-05 15:26:00.000,12748,36
"576567",2011-11-15 13:41:00.000,17220,60
"538183",2010-12-10 10:21:00.000,16265,52
"554965",2011-05-27 16:00:00.000,14560,55
"553567",2011-05-18 09:13:00.000,13592,36
C536826,2010-12-02 17:30:00.000,17924,33
"554667",2011-05-25 15:18:00.000,15727,18
"579012",2011-11-28 09:43:00.000,15511,54
"555195",2011-06-01 11:27:00.000,15240,59
C539071,2010-12-15 17:04:00.000,17820,34
C540843,2011-01-11 16:21:00.000,15602,53
"564640",2011-08-26 13:00:00.000,14837,59
"574895",2011-11-07 14:44:00.000,16570,18
"565783",2011-09-06 15:53:00.000,13122,55
"540477",2011-01-07 14:49:00.000,13233,36
"577045",2011-11-17 13:46:00.000,17428,9
"541974",2011-01-24 14:16:00.000,14541,59
"552968",2011-05-12 13:33:00.000,16184,60
"549309",2011-04-08 09:15:00.000,15114,54
C545724,2011-03-07 11:18:00.000,14051,35
"540114",2011-01-05 09:44:00.000,15498,60
"569024",2011-09-30 10:04:00.000,12822,53
"544996",2011-02-25 11:53:00.000,12474,54
"557966",2011-06-24 09:38:00.000,15187,56
"576400",2011-11-15 10:51:00.000,13632,59
"568311",2011-09-26 12:53:00.000,17287,59
"548324",2011-03-30 13:01:00.000,13316,52
"574321",2011-11-03 19:28:00.000,16016,60
"572313",2011-10-23 15:54:00.000,14731,35
"542126",2011-01-25 14:53:00.000,13001,33
"551351",2011-04-28 10:20:00.000,14298,60
"539107",2010-12-16 10:52:00.000,16705,9
C536853,2010-12-03 10:07:00.000,14679,52
"546882",2011-03-17 17:26:00.000,14422,60
"570507",2011-10-11 09:53:00.000,16561,59
C545843,2011-03-07 13:37:00.000,12921,56
"548970",2011-04-05 11:03:00.000,14646,54
"543099",2011-02-03 12:00:00.000,16684,53
"544090",2011-02-16 08:15:00.000,13880,9
C577509,2011-11-20 12:46:00.000,13118,52
"547220",2011-03-21 15:02:00.000,13410,55
"546127",2011-03-09 14:57:00.000,17730,34
"580643",2011-12-05 12:59:00.000,14547,35
"541038",2011-01-13 12:10:00.000,16395,18
"577299",2011-11-18 12:52:00.000,12498,56
"553205",2011-05-16 08:13:00.000,15813,9
C580740,2011-12-06 09:25:00.000,12479,59
C540860,2011-01-12 11:04:00.000,15953,56
"541215",2011-01-14 13:42:00.000,14329,54
C580312,2011-12-02 15:09:00.000,13969,55
"562850",2011-08-10 10:08:00.000,14680,34
"565492",2011-09-05 11:43:00.000,13881,33
"569014",2011-09-30 09:05:00.000,18053,52
C574488,2011-11-04 12:58:00.000,13050,53
"570511",2011-10-11 10:24:00.000,14397,18
C538874,2010-12-14 15:16:00.000,12867,34
C579090,2011-11-28 10:48:00.000,12427,55
"548353",2011-03-30 15:05:00.000,15980,55
"567683",2011-09-21 16:31:00.000,13704,33
"553341",2011-05-16 12:25:00.000,16293,34
"572350",2011-10-24 11:33:00.000,15516,60
C580917,2011-12-06 13:57:00.000,13362,34
C554874,2011-05-27 11:02:00.000,15615,34
"579171",2011-11-28 14:30:00.000,13030,33
"553607",2011-05-18 10:47:00.000,16684,34
"554286",2011-05-23 14:16:00.000,17686,35
C543760,2011-02-11 15:12:00.000,15638,36
"568331",2011-09-26 14:25:00.000,16600,33
"540851",2011-01-12 09:43:00.000,12523,59
"564216",2011-08-24 09:23:00.000,12642,18
"559316",2011-07-07 13:54:00.000,12647,33
C549184,2011-04-07 09:28:00.000,12428,34
"547891",2011-03-28 10:14:00.000,13266,34
C541961,2011-01-24 12:58:00.000,17799,33
C544557,2011-02-21 12:31:00.000,17422,36
C543603,2011-02-10 13:40:00.000,15570,35
"573629",2011-10-31 15:30:00.000,12522,56
"557973",2011-06-24 10:26:00.000,12955,35
"544185",2011-02-16 15:51:00.000,16684,34
"568495",2011-09-27 12:08:00.000,14755,59
"575884",2011-11-11 13:46:00.000,12685,56
"558643",2011-07-01 09:51:00.000,13534,36
"555408",2011-06-03 08:54:00.000,13294,56
"581375",2011-12-08 12:36:00.000,16210,55
"580299",2011-12-02 13:58:00.000,14023,18
"536608",2010-12-02 09:37:00.000,12855,34
"570022",2011-10-07 10:21:00.000,14067,60
"543829",2011-02-14 09:47:00.000,12939,18
"551088",2011-04-26 12:31:00.000,14640,35
"571125",2011-10-14 09:48:00.000,16394,9
"545558",2011-03-03 15:31:00.000,17873,52
"536636",2010-12-02 11:23:00.000,15070,52
"577334",2011-11-18 14:42:00.000,15368,60
C565804,2011-09-07 10:50:00.000,17491,33
C560189,2011-07-15 12:30:00.000,17652,55
C570484,2011-10-10 17:08:00.000,14911,56
"572315",2011-10-23 16:00:00.000,14504,34
"576637",2011-11-16 09:34:00.000,16079,35
"564093",2011-08-23 10:29:00.000,14930,53
C577819,2011-11-22 09:23:00.000,17313,52
"577595",2011-11-20 16:12:00.000,16399,53
"565199",2011-09-01 16:30:00.000,18171,53
"571824",2011-10-19 11:49:00.000,12472,56
"571683",2011-10-18 14:07:00.000,15140,59
"576827",2011-11-16 14:28:00.000,12901,36
"545853",2011-03-07 13:50:00.000,16517,36
"540464",2011-01-07 13:17:00.000,14298,33
"541756",2011-01-21 11:42:00.000,12664,33
"562847",2011-08-10 09:34:00.000,16245,54
"574729",2011-11-06 15:04:00.000,15526,53
"567522",2011-09-20 16:41:00.000,17873,36
"554827",2011-05-26 15:19:00.000,14646,35
"563444",2011-08-16 13:50:00.000,16033,60
"543232",2011-02-04 13:28:00.000,13113,35
"545431",2011-03-02 14:58:00.000,12873,55
"540122",2011-01-05 10:39:00.000,13694,35
"574890",2011-11-07 14:23:00.000,18229,52
"539391",2010-12-17 11:51:00.000,12417,52
"571221",2011-10-14 13:35:00.000,16416,34
"556912",2011-06-15 13:26:00.000,15005,18
"557041",2011-06-16 14:24:00.000,13575,36
"544408",2011-02-18 13:29:00.000,16726,55
"546553",2011-03-15 08:52:00.000,13499,9
"581005",2011-12-07 08:45:00.000,12828,9
"560366",2011-07-18 12:19:00.000,16859,52
"549445",2011-04-08 13:01:00.000,17809,55
"562446",2011-08-04 19:06:00.000,13145,60
C563609,2011-08-18 06:34:00.000,18178,18
"545928",2011-03-08 11:59:00.000,14407,53
"559131",2011-07-06 13:04:00.000,18144,56
"540248",2011-01-05 15:57:00.000,15034,53
"558751",2011-07-03 11:26:00.000,16009,36
C567532,2011-09-21 09:44:00.000,15888,56
"537407",2010-12-06 14:55:00.000,15502,60
"542085",2011-01-25 12:33:00.000,14534,54
"573108",2011-10-27 15:09:00.000,12430,53
"575837",2011-11-11 11:37:00.000,12748,52
"580908",2011-12-06 13:20:00.000,16495,59
C544635,2011-02-22 11:04:00.000,18257,18
"580552",2011-12-05 10:09:00.000,15572,54
"561872",2011-07-31 11:46:00.000,13018,56
"556778",2011-06-14 12:41:00.000,16712,54
"568103",2011-09-23 15:45:00.000,12518,35
"547829",2011-03-25 15:24:00.000,16081,54
"569472",2011-10-04 12:38:00.000,14515,36
"564308",2011-08-24 12:36:00.000,13901,54
"552054",2011-05-06 10:19:00.000,15062,60
"545634",2011-03-04 12:12:00.000,14911,52
C559189,2011-07-07 10:25:00.000,12626,33
"552492",2011-05-09 16:02:00.000,12888,55
"572064",2011-10-20 13:06:00.000,15159,9
"552879",2011-05-12 09:55:00.000,12976,34
"563231",2011-08-14 15:42:00.000,14658,56
C541691,2011-01-20 16:22:00.000,13090,34
"546912",2011-03-17 20:12:00.000,15861,18
"537138",2010-12-05 12:44:00.000,17211,9
"575334",2011-11-09 13:54:00.000,14493,54
C539944,2010-12-23 11:38:00.000,14560,18
C565284,2011-09-02 11:31:00.000,12471,9
"546909",2011-03-17 19:01:00.000,14056,34
"542711",2011-01-31 13:19:00.000,17894,33
C538375,2010-12-12 11:19:00.000,17126,60
"548150",2011-03-29 12:55:00.000,17315,53
C559683,2011-07-11 14:56:00.000,17337,36
"550297",2011-04-15 15:58:00.000,14056,53
C571814,2011-10-19 11:45:00.000,14477,9
"556416",2011-06-10 12:19:00.000,15527,59
"577512",2011-11-20 12:55:00.000,12523,56
"570492",2011-10-11 08:23:00.000,14194,60
"577071",2011-11-17 14:56:00.000,13969,33
"572743",2011-10-25 16:13:00.000,14482,52
"562201",2011-08-03 12:31:00.000,14527,9
"550467",2011-04-18 13:36:00.000,18009,33
"562930",2011-08-10 16:01:00.000,14209,9
"552171",2011-05-06 13:01:00.000,14145,34
"545447",2011-03-02 16:34:00.000,17426,36
"567545",2011-09-21 10:27:00.000,13155,35
"550772",2011-04-20 13:13:00.000,17856,9
"557762",2011-06-22 14:01:00.000,15810,9
"540994",2011-01-13 09:29:00.000,13089,33
"563952",2011-08-22 10:44:00.000,15572,18
"546398",2011-03-11 14:52:00.000,13043,55
C571029,2011-10-13 12:23:00.000,13035,53
C540347,2011-01-06 13:56:00.000,16424,59
"579634",2011-11-30 12:18:00.000,12598,9
"576014",2011-11-13 14:29:00.000,17218,9
"573416",2011-10-31 08:29:00.000,14688,36
"542894",2011-02-01 13:45:00.000,12775,52
"572306",2011-10-23 15:11:00.000,17841,55
"568181",2011-09-25 13:42:00.000,17154,60
"556267",2011-06-09 19:33:00.000,13694,35
"548451",2011-03-31 11:25:00.000,17365,53
"537743",2010-12-08 11:02:00.000,17706,54
"550004",2011-04-14 09:56:00.000,12569,53
"548734",2011-04-04 10:40:00.000,13059,60
"573868",2011-11-01 12:18:00.000,12491,59
C572754,2011-10-25 17:29:00.000,15482,33
"559888",2011-07-13 11:47:00.000,16450,35
C580714,2011-12-05 16:39:00.000,12479,53
"579288",2011-11-29 11:05:00.000,17772,59
"559459",2011-07-08 12:53:00.000,15311,60
"556245",2011-06-09 16:10:00.000,17841,52
"556023",2011-06-08 12:21:00.000,14527,52
"555936",2011-06-08 09:16:00.000,12567,53
"556305",2011-06-10 10:38:00.000,12643,56
"560537",2011-07-19 12:19:00.000,17779,34
"548367",2011-03-30 15:51:00.000,17677,33
C569032,2011-09-30 10:40:00.000,15061,60
"561020",2011-07-22 17:21:00.000,13563,36
"577553",2011-11-20 15:30:00.000,17425,33
"572466",2011-10-24 13:28:00.000,14997,35
"559134",2011-07-06 13:14:00.000,12700,34
C575223,2011-11-09 11:33:00.000,12472,54
"569013",2011-09-30 08:19:00.000,15187,9
"574588",2011-11-06 10:30:00.000,14936,52
C566751,2011-09-14 15:42:00.000,14911,52
"545022",2011-02-25 14:24:00.000,12921,18
"557573",2011-06-21 10:56:00.000,15061,60
"562711",2011-08-08 14:53:00.000,16788,60
"580135",2011-12-01 19:33:00.000,14702,54
"547093",2011-03-21 08:20:00.000,14762,34
"565318",2011-09-02 13:01:00.000,12921,35
"580524",2011-12-04 15:13:00.000,13704,60
"558757",2011-07-03 12:22:00.000,13148,35
"553670",2011-05-18 12:28:00.000,14407,33
"547021",2011-03-18 15:43:00.000,13046,59
"543011",2011-02-02 13:25:00.000,15270,36
"580772",2011-12-06 11:00:00.000,15992,35
"551825",2011-05-04 12:32:00.000,16942,34
"572887",2011-10-26 13:47:00.000,12362,60
"537769",2010-12-08 12:17:00.000,15021,36
"580545",2011-12-05 09:16:00.000,12782,18
"565083",2011-09-01 09:19:00.000,16187,60
"578093",2011-11-22 17:21:00.000,14911,35
C545504,2011-03-03 11:35:00.000,13630,9
"542535",2011-01-28 13:37:00.000,12735,60
"564192",2011-08-23 16:36:00.000,17719,33
"579413",2011-11-29 12:50:00.000,13668,53
"549014",2011-04-05 15:00:00.000,17841,59
"558571",2011-06-30 14:46:00.000,17017,35
"553051",2011-05-13 10:11:00.000,15498,9
"567701",2011-09-22 09:36:00.000,17172,55
"547655",2011-03-24 12:52:00.000,14267,55
"576914",2011-11-17 10:09:00.000,15124,36
"560078",2011-07-14 16:12:00.000,16040,60
C564998,2011-08-31 16:14:00.000,17581,53
"547935",2011-03-28 14:19:00.000,15874,36
"554711",2011-05-26 10:41:00.000,12654,35
"550832",2011-04-21 10:31:00.000,17588,60
"540003",2011-01-04 10:37:00.000,16875,18
"552446",2011-05-09 13:28:00.000,16729,18
"543623",2011-02-10 15:24:00.000,16405,55
"562443",2011-08-04 18:37:00.000,17723,36
C549723,2011-04-11 16:05:00.000,13995,55
"552575",2011-05-10 12:25:00.000,14397,36
"579435",2011-11-29 13:20:00.000,16782,56
"565800",2011-09-07 10:23:00.000,14911,33
"561222",2011-07-26 09:27:00.000,13588,60
"548978",2011-04-05 12:08:00.000,15727,33
"543132",2011-02-03 15:27:00.000,15235,35
"571845",2011-10-19 12:34:00.000,16869,60
"536583",2010-12-01 16:21:00.000,13777,54
"568878",2011-09-29 12:34:00.000,14524,34
C548391,2011-03-30 17:06:00.000,13488,60
C538632,2010-12-13 13:28:00.000,14085,54
"580539",2011-12-05 08:39:00.000,18180,55
C568832,2011-09-29 11:35:00.000,17450,34
"571456",2011-10-17 13:57:00.000,16729,52
"556685",2011-06-14 10:00:00.000,14503,52
"574893",2011-11-07 14:40:00.000,18036,59
"554707",2011-05-26 10:15:00.000,14101,53
C538804,2010-12-14 11:56:00.000,13769,35
"538172",2010-12-10 09:33:00.000,15805,60
"555876",2011-06-07 15:28:00.000,15799,54
"539160",2010-12-16 11:43:00.000,16746,9
"542079",2011-01-25 12:15:00.000,18144,55
"544211",2011-02-17 11:05:00.000,13018,54
C566779,2011-09-15 10:03:00.000,13931,56
"553922",2011-05-20 09:24:00.000,17926,35
"577535",2011-11-20 14:07:00.000,14071,34
"571685",2011-10-18 14:15:00.000,12863,35
"568201",2011-09-25 14:58:00.000,14712,59
"567099",2011-09-16 13:31:00.000,15311,34
"573774",2011-11-01 10:27:00.000,16029,59
"543814",2011-02-13 15:17:00.000,15640,33
"569720",2011-10-06 09:11:00.000,14646,60
"579946",2011-12-01 10:44:00.000,15993,55
"545591",2011-03-04 10:28:00.000,17581,55
C555384,2011-06-02 15:20:00.000,13534,59
"571901",2011-10-19 14:36:00.000,12757,52
C560526,2011-07-19 11:57:00.000,16401,33
"541434",2011-01-18 10:22:00.000,14911,60
"578146",2011-11-23 11:07:00.000,13742,53
"550498",2011-04-18 15:14:00.000,14692,56
"576019",2011-11-13 14:31:00.000,12865,9
"538688",2010-12-14 09:50:00.000,14829,9
"577826",2011-11-22 09:43:00.000,17600,60
"559827",2011-07-13 09:44:00.000,15189,54
"546785",2011-03-17 09:56:00.000,15189,60
"565614",2011-09-05 15:20:00.000,17309,9
"553660",2011-05-18 11:58:00.000,14620,55
C568646,2011-09-28 11:45:00.000,13430,35
"570638",2011-10-11 12:36:00.000,17888,60
"540365",2011-01-06 16:12:00.000,12413,60
C556633,2011-06-13 15:10:00.000,17696,35
"539985",2010-12-23 15:16:00.000,15856,55
C567187,2011-09-19 08:40:00.000,12705,33
"566092",2011-09-09 10:42:00.000,13823,9
"551542",2011-05-03 09:05:00.000,14732,56
C543628,2011-02-10 15:51:00.000,16558,34
"553846",2011-05-19 12:40:00.000,15738,52
"577738",2011-11-21 13:35:00.000,13739,18
"568784",2011-09-29 09:15:00.000,15144,56
"566776",2011-09-15 09:53:00.000,14911,34
"569537",2011-10-04 15:45:00.000,13269,35
"558555",2011-06-30 13:03:00.000,15578,54
"568675",2011-09-28 13:32:00.000,14298,35
"571050",2011-10-13 13:44:00.000,14624,53
"556417",2011-06-10 12:24:00.000,14543,53
C554203,2011-05-23 12:14:00.000,14573,59
"580680",2011-12-05 14:51:00.000,13001,53
"553381",2011-05-16 15:34:00.000,13456,59
"556791",2011-06-14 13:51:00.000,16928,18
"577695",2011-11-21 11:55:00.000,15645,60
C560289,2011-07-18 10:14:00.000,16398,35
"571462",2011-10-17 14:14:00.000,16363,59
"538210",2010-12-10 11:44:00.000,14256,54
"556540",2011-06-13 12:51:00.000,13552,18
"542745",2011-01-31 16:47:00.000,15881,33
"563011",2011-08-11 12:00:00.000,16283,33
"560258",2011-07-17 13:26:00.000,13340,54
"571438",2011-10-17 13:25:00.000,15066,36
"572719",2011-10-25 15:03:00.000,13871,56
"540986",2011-01-12 16:14:00.000,15291,60
"545411",2011-03-02 12:21:00.000,16128,35
"552886",2011-05-12 10:18:00.000,16244,36
"566326",2011-09-12 12:11:00.000,16211,60
C554333,2011-05-23 17:15:00.000,13310,56
"539015",2010-12-15 13:38:00.000,15822,60
"542905",2011-02-01 15:11:00.000,12540,34
"556714",2011-06-14 10:49:00.000,14680,33
C541237,2011-01-14 17:26:00.000,13599,18
"542620",2011-01-31 08:56:00.000,13089,9
"562852",2011-08-10 10:12:00.000,13050,9
C547675,2011-03-24 14:07:00.000,17754,54
"554992",2011-05-29 14:08:00.000,16686,60
"547718",2011-03-25 09:39:00.000,17450,59
"551687",2011-05-03 13:22:00.000,14135,35
"543739",2011-02-11 12:49:00.000,15550,55
"572528",2011-10-24 15:43:00.000,13176,33
C568796,2011-09-29 10:20:00.000,17870,60
"575066",2011-11-08 12:42:00.000,13668,56
"562034",2011-08-02 09:14:00.000,12449,53
"542224",2011-01-26 12:45:00.000,17888,33
"553552",2011-05-17 16:23:00.000,17702,18
"572613",2011-10-25 11:28:00.000,15345,59
C543790,2011-02-11 17:12:00.000,17071,52
"537789",2010-12-08 12:49:00.000,14051,52
"545334",2011-03-01 16:34:00.000,15750,56
"580213",2011-12-02 12:08:00.000,17495,9
"553404",2011-05-17 08:34:00.000,14952,34
C545720,2011-03-07 10:33:00.000,15039,60
"541479",2011-01-18 11:54:00.000,16422,18
"549115",2011-04-06 12:41:00.000,13098,34
"558875",2011-07-04 13:35:00.000,13301,18
"577057",2011-11-17 14:26:00.000,12748,35
"549189",2011-04-07 10:11:00.000,15235,54
"579138",2011-11-28 12:54:00.000,13590,9
"570181",2011-10-07 14:28:00.000,16354,56
"579506",2011-11-29 16:31:00.000,15089,9
"576630",2011-11-16 08:38:00.000,13816,56
"566300",2011-09-11 16:05:00.000,18215,34
"558339",2011-06-28 13:55:00.000,16928,53
"578283",2011-11-23 13:54:00.000,13139,59
"557211",2011-06-17 11:49:00.000,15513,36
C577349,2011-11-18 15:32:00.000,16168,60
"542944",2011-02-02 11:14:00.000,17560,60
"571793",2011-10-19 11:38:00.000,16621,52
"546533",2011-03-14 13:53:00.000,15388,35
"544796",2011-02-23 13:37:00.000,16208,36
"538657",2010-12-13 15:26:00.000,15867,18
"551281",2011-04-27 13:31:00.000,13571,34
"575366",2011-11-09 15:02:00.000,14621,54
"576236",2011-11-14 13:31:00.000,13755,36
"549750",2011-04-12 10:48:00.000,18109,36
"555470",2011-06-03 11:33:00.000,12455,33
C559007,2011-07-05 12:42:00.000,13534,60
"541800",2011-01-21 14:38:00.000,15235,9
"555553",2011-06-05 13:45:00.000,12662,54
C546270,2011-03-10 15:03:00.000,17567,52
C563240,2011-08-15 10:06:00.000,15048,52
"539101",2010-12-16 10:35:00.000,16029,53
"580005",2011-12-01 11:38:00.000,16376,55
C568689,2011-09-28 14:42:00.000,17841,53
"562466",2011-08-05 11:49:00.000,13435,54
"555524",2011-06-05 11:37:00.000,16923,53
"576083",2011-11-14 08:22:00.000,17404,33
C566471,2011-09-12 18:18:00.000,16670,36
"577597",2011-11-21 08:19:00.000,16366,9
"542419",2011-01-27 17:41:00.000,14662,18
"563550",2011-08-17 12:50:00.000,14194,54
"569983",2011-10-06 19:49:00.000,17231,55
"565143",2011-09-01 13:47:00.000,17386,59
"581173",2011-12-07 15:07:00.000,17870,54
"555832",2011-06-07 12:19:00.000,15969,52
"536579",2010-12-01 16:16:00.000,13777,34
"554505",2011-05-24 15:14:00.000,17521,33
"560093",2011-07-14 17:11:00.000,14461,53
"570722",2011-10-12 11:08:00.000,14642,52
"543251",2011-02-04 14:51:00.000,14194,33
"569216",2011-10-02 12:41:00.000,15555,54
"545573",2011-03-03 16:58:00.000,15393,59
"576862",2011-11-16 16:06:00.000,14825,35
C575257,2011-11-09 11:59:00.000,13623,9
"557092",2011-06-16 15:39:00.000,12908,18
"575296",2011-11-09 12:25:00.000,16041,36
"553045",2011-05-13 09:33:00.000,12770,59
C539707,2010-12-21 12:17:00.000,18223,60
"548741",2011-04-04 12:00:00.000,16224,55
C538755,2010-12-14 11:30:00.000,16782,36
"574037",2011-11-02 12:50:00.000,16043,35
"574676",2011-11-06 12:32:00.000,16243,56
C564545,2011-08-25 16:08:00.000,14188,56
"549577",2011-04-11 08:16:00.000,14286,56
"573351",2011-10-30 12:34:00.000,13524,55
"577897",2011-11-22 11:48:00.000,14424,35
"564301",2011-08-24 11:54:00.000,14299,52
"541877",2011-01-24 10:12:00.000,12559,9
C548341,2011-03-30 14:30:00.000,13089,9
"544448",2011-02-20 12:01:00.000,14878,59
"577298",2011-11-18 12:49:00.000,14299,35
"546754",2011-03-16 13:13:00.000,13027,53
"537829",2010-12-08 14:46:00.000,15498,59
C540250,2011-01-05 16:02:00.000,17511,54
"546918",2011-03-18 09:19:00.000,15854,53
C545839,2011-03-07 13:33:00.000,15110,18
"565860",2011-09-07 14:41:00.000,12748,34
"552288",2011-05-08 13:20:00.000,13313,60
"571728",2011-10-19 09:18:00.000,16123,60
"558637",2011-06-30 20:08:00.000,17891,56
C545003,2011-02-25 12:46:00.000,18231,9
"577034",2011-11-17 13:16:00.000,12847,36
"562914",2011-08-10 13:25:00.000,16558,52
"577335",2011-11-18 14:50:00.000,14285,34
"564639",2011-08-26 12:55:00.000,18036,33
"556455",2011-06-10 16:46:00.000,15856,52
C546395,2011-03-11 14:29:00.000,14214,33
"573338",2011-10-30 11:47:00.000,14546,9
"560305",2011-07-18 10:49:00.000,16511,18
"567211",2011-09-19 11:02:00.000,14159,18
C538696,2010-12-14 10:02:00.000,13050,54
"574036",2011-11-02 12:46:00.000,16607,18
"567823",2011-09-22 12:55:00.000,12910,33
"572080",2011-10-20 14:12:00.000,16592,34
"537672",2010-12-08 09:30:00.000,13050,55
"577047",2011-11-17 13:48:00.000,13014,33
C539499,2010-12-20 11:01:00.000,15312,56
"556195",2011-06-09 12:21:00.000,16745,18
"536575",2010-12-01 16:01:00.000,13777,59
"578621",2011-11-24 15:26:00.000,13719,53
"572133",2011-10-21 10:11:00.000,12407,55
"542786",2011-02-01 10:15:00.000,17314,52
"560587",2011-07-19 15:49:00.000,13631,56
"554107",2011-05-22 14:09:00.000,16249,33
"546101",2011-03-09 12:12:00.000,14803,36
"581432",2011-12-08 15:51:00.000,13798,54
"546733",2011-03-16 11:47:00.000,16029,52
"537624",2010-12-07 14:41:00.000,12748,35
"547041",2011-03-20 10:56:00.000,13777,52
"569865",2011-10-06 14:47:00.000,12748,36
C560589,2011-07-19 15:50:00.000,15249,53
C540846,2011-01-11 16:59:00.000,13162,36
"568346",2011-09-26 15:28:00.000,14096,36
"569577",2011-10-05 10:53:00.000,12828,35
"557314",2011-06-19 15:59:00.000,12541,54
"557145",2011-06-17 10:43:00.000,17139,52
"569556",2011-10-05 08:50:00.000,14936,18
"554858",2011-05-27 10:15:00.000,17042,60
"580644",2011-12-05 13:10:00.000,16904,53
"539401",2010-12-17 12:02:00.000,12709,36
"564638",2011-08-26 12:54:00.000,13812,53
"563616",2011-08-18 09:39:00.000,13027,53
C567946,2011-09-23 07:58:00.000,12909,34
"549943",2011-04-13 12:09:00.000,13544,9
"549850",2011-04-12 14:58:00.000,16168,54
"552846",2011-05-11 14:38:00.000,14646,18
"581139",2011-12-07 13:21:00.000,13798,56
"552044",2011-05-06 09:14:00.000,17423,55
"546402",2011-03-11 15:22:00.000,13305,9
"537206",2010-12-05 15:02:00.000,15235,9
"545653",2011-03-04 13:39:00.000,15311,60
"577831",2011-11-22 10:17:00.000,16748,35
"581476",2011-12-09 08:48:00.000,12433,34
"548170",2011-03-29 13:53:00.000,15290,34
"537334",2010-12-06 12:06:00.000,16719,9
"571123",2011-10-14 09:35:00.000,14856,53
"576771",2011-11-16 13:19:00.000,13285,53
"544061",2011-02-15 13:12:00.000,14176,9
"559550",2011-07-10 15:38:00.000,17757,54
"567096",2011-09-16 13:13:00.000,15099,60
C572486,2011-10-24 13:51:00.000,14156,18
"538067",2010-12-09 13:59:00.000,15288,56
C561083,2011-07-24 16:20:00.000,13230,54
"544340",2011-02-18 09:41:00.000,12527,54
"555410",2011-06-03 09:30:00.000,16239,53
"563507",2011-08-17 10:08:00.000,14414,34
"581241",2011-12-08 10:58:00.000,15520,33
"575325",2011-11-09 13:46:00.000,17293,9
"575952",2011-11-13 11:55:00.000,16015,52
"558070",2011-06-24 15:59:00.000,12843,18
"541835",2011-01-23 10:15:00.000,17243,33
"581059",2011-12-07 11:12:00.000,13267,54
C542244,2011-01-26 15:04:00.000,13098,59
"545535",2011-03-03 14:09:00.000,13199,53
"581421",2011-12-08 15:23:00.000,15898,9
"559836",2011-07-13 10:09:00.000,13911,54
"552058",2011-05-06 10:36:00.000,15218,53
"570878",2011-10-13 08:28:00.000,16523,35
"564871",2011-08-31 10:46:00.000,17949,54
C580179,2011-12-02 11:58:00.000,13352,35
"547881",2011-03-27 16:08:00.000,13110,59
"578297",2011-11-23 14:51:00.000,17017,33
"552638",2011-05-10 13:00:00.000,17700,53
C551999,2011-05-05 15:53:00.000,14911,59
"546846",2011-03-17 12:47:00.000,13533,9
"566286",2011-09-11 14:58:00.000,14057,59
"565250",2011-09-02 10:42:00.000,13643,35
"561360",2011-07-26 15:37:00.000,16133,53
"544677",2011-02-22 16:13:00.000,18196,35
"574326",2011-11-04 08:29:00.000,14913,52
"540859",2011-01-12 10:58:00.000,17965,9
"563090",2011-08-11 17:00:00.000,16186,59
"537036",2010-12-03 17:28:00.000,15545,60
"565994",2011-09-08 11:46:00.000,13244,35
"559701",2011-07-12 09:10:00.000,16013,34
"580294",2011-12-02 13:46:00.000,17364,18
"542782",2011-02-01 10:00:00.000,12712,34
"566077",2011-09-09 09:38:00.000,13441,36
C577781,2011-11-21 16:14:00.000,15406,36
"561051",2011-07-24 13:11:00.000,16684,54
"559904",2011-07-13 13:20:00.000,13149,52
"577732",2011-11-21 13:09:00.000,15093,54
"572288",2011-10-23 12:28:00.000,17377,18
C556270,2011-06-09 19:37:00.000,14232,54
"550885",2011-04-21 11:59:00.000,16185,60
"564836",2011-08-30 12:32:00.000,17402,9
"566015",2011-09-08 12:19:00.000,16426,52
"581215",2011-12-08 09:05:00.000,13408,59
"554282",2011-05-23 14:01:00.000,15769,35
"578174",2011-11-23 11:37:00.000,13576,60
"540648",2011-01-10 14:58:00.000,15061,55
C575172,2011-11-08 17:53:00.000,16790,36
"537392",2010-12-06 13:58:00.000,17068,53
"542349",2011-01-27 12:10:00.000,15513,36
"536460",2010-12-01 12:22:00.000,14849,59
C569971,2011-10-06 19:20:00.000,16875,56
C538350,2010-12-10 15:01:00.000,13798,59
"540512",2011-01-09 11:39:00.000,17114,33
"561887",2011-07-31 13:33:00.000,14414,60
C564504,2011-08-25 14:24:00.000,16722,59
"581291",2011-12-08 11:38:00.000,14135,36
"540015",2011-01-04 11:40:00.000,13319,35
"571658",2011-10-18 12:48:00.000,12621,59
"575733",2011-11-11 08:33:00.000,13810,59
"547805",2011-03-25 13:35:00.000,13327,35
"566649",2011-09-14 11:26:00.000,18173,36
"564306",2011-08-24 12:23:00.000,17865,9
"571558",2011-10-18 09:30:00.000,17730,35
"570796",2011-10-12 12:19:00.000,16241,54
"562461",2011-08-05 11:19:00.000,16029,55
C558252,2011-06-27 17:02:00.000,18155,53
"547197",2011-03-21 12:45:00.000,17811,60
"570126",2011-10-07 13:16:00.000,16910,36
"561635",2011-07-28 14:35:00.000,16912,33
"547962",2011-03-28 15:38:00.000,12957,55
"571041",2011-10-13 13:00:00.000,14527,52
"570374",2011-10-10 12:34:00.000,14719,18
C556294,2011-06-10 09:34:00.000,15108,53
"565923",2011-09-08 10:00:00.000,17567,33
C554856,2011-05-27 09:55:00.000,17166,36
"540242",2011-01-05 15:30:00.000,15046,53
"570491",2011-10-10 17:26:00.000,14395,53
"550317",2011-04-17 11:56:00.000,15172,56
"570694",2011-10-12 08:10:00.000,14911,59
"543131",2011-02-03 15:23:00.000,13539,36
"575205",2011-11-09 10:18:00.000,13147,52
"563660",2011-08-18 11:03:00.000,13694,55
"540396",2011-01-06 18:33:00.000,14031,56
C551388,2011-04-28 11:41:00.000,17874,9
"552235",2011-05-06 16:17:00.000,15194,52
"537371",2010-12-06 12:47:00.000,15028,52
"560871",2011-07-21 14:40:00.000,14745,34
"556492",2011-06-12 14:48:00.000,15939,34
"563688",2011-08-18 12:41:00.000,16767,52
"557878",2011-06-23 13:13:00.000,16940,53
"553677",2011-05-18 12:58:00.000,16553,54
C575663,2011-11-10 14:52:00.000,13769,60
"555249",2011-06-01 14:57:00.000,17472,53
"538209",2010-12-10 11:42:00.000,12748,55
"561081",2011-07-24 16:15:00.000,13230,60
"538327",2010-12-10 13:58:00.000,15514,52
C544775,2011-02-23 11:35:00.000,14211,9
"573163",2011-10-28 09:06:00.000,16843,36
"555571",2011-06-05 15:36:00.000,15462,36
"537154",2010-12-05 13:05:00.000,15808,54
"543114",2011-02-03 13:26:00.000,14156,34
"570036",2011-10-07 10:50:00.000,16358,33
"562209",2011-08-03 13:06:00.000,13213,55
"580071",2011-12-01 13:47:00.000,15500,33
"574182",2011-11-03 11:51:00.000,16841,60
"567742",2011-09-22 10:47:00.000,14261,60
"573032",2011-10-27 13:36:00.000,18211,9
"551352",2011-04-28 10:20:00.000,16637,33
"548861",2011-04-04 13:42:00.000,18185,9
C544594,2011-02-21 16:58:00.000,15079,35
"563360",2011-08-15 15:06:00.000,15023,18
C540385,2011-01-06 17:52:00.000,14426,9
"572889",2011-10-26 13:56:00.000,12748,18
"569721",2011-10-06 09:28:00.000,12628,53
"551400",2011-04-28 13:18:00.000,17160,54
"545435",2011-03-02 15:28:00.000,16217,56
"545226",2011-03-01 09:33:00.000,12428,36
C572440,2011-10-24 12:06:00.000,17811,35
"545223",2011-03-01 08:58:00.000,16462,53
"562344",2011-08-04 12:14:00.000,17381,55
"564848",2011-08-30 15:37:00.000,16928,18
C553866,2011-05-19 14:14:00.000,14620,60
"577538",2011-11-20 14:20:00.000,18040,59
"558366",2011-06-28 15:30:00.000,13631,18
"569474",2011-10-04 12:39:00.000,14178,59
C578363,2011-11-24 10:40:00.000,15482,52
"559804",2011-07-12 14:17:00.000,17405,54
"563247",2011-08-15 10:59:00.000,13089,9
"559016",2011-07-05 13:01:00.000,14051,60
C550014,2011-04-14 10:52:00.000,16133,18
"553477",2011-05-17 11:46:00.000,14239,53
"546550",2011-03-14 16:54:00.000,17799,52
C538833,2010-12-14 13:05:00.000,14680,33
C549666,2011-04-11 12:17:00.000,13113,36
C546207,2011-03-10 11:17:00.000,14211,59
C547791,2011-03-25 12:07:00.000,17979,35
"573129",2011-10-27 16:35:00.000,13147,54
"554921",2011-05-27 12:44:00.000,13854,52
"552461",2011-05-09 14:44:00.000,17723,52
"564337",2011-08-24 14:40:00.000,12649,59
"549424",2011-04-08 11:50:00.000,15367,18
"568921",2011-09-29 14:40:00.000,17373,34
"547716",2011-03-25 08:52:00.000,16833,34
"564741",2011-08-28 14:53:00.000,16107,59
C542271,2011-01-27 09:40:00.000,12637,56
"551395",2011-04-28 12:47:00.000,14271,54
"538011",2010-12-09 12:24:00.000,14896,53
C554005,2011-05-20 12:23:00.000,15620,34
"541791",2011-01-21 13:07:00.000,16928,9
"571693",2011-10-18 14:44:00.000,14776,9
"559665",2011-07-11 13:35:00.000,12556,18
"551960",2011-05-05 12:38:00.000,18239,36
"548644",2011-04-01 13:02:00.000,15291,60
"562152",2011-08-03 10:56:00.000,16168,54
"566912",2011-09-15 14:05:00.000,14367,36
"556084",2011-06-08 15:23:00.000,17491,9
C538705,2010-12-14 10:33:00.000,15093,33
"548326",2011-03-30 13:02:00.000,15424,36
"555526",2011-06-05 11:42:00.000,14364,34
C554870,2011-05-27 10:57:00.000,15078,35
"562459",2011-08-05 11:17:00.000,16029,52
"564643",2011-08-26 13:25:00.000,15356,60
"545012",2011-02-25 13:08:00.000,13666,52
C554525,2011-05-24 17:19:00.000,15093,60
"544689",2011-02-23 08:46:00.000,12980,54
"543096",2011-02-03 11:39:00.000,14044,34
"565120",2011-09-01 11:41:00.000,15206,55
"577025",2011-11-17 12:54:00.000,16161,54
"558352",2011-06-28 14:54:00.000,17940,54
C579887,2011-11-30 17:42:00.000,16717,53
C545436,2011-03-02 15:52:00.000,13093,9
"553937",2011-05-20 10:33:00.000,14056,54
"580608",2011-12-05 11:39:00.000,16811,54
C556268,2011-06-09 19:34:00.000,13317,18
"539642",2010-12-20 15:35:00.000,15867,59
"557021",2011-06-16 12:55:00.000,17642,60
"543242",2011-02-04 14:03:00.000,15090,54
"562587",2011-08-07 14:34:00.000,15640,53
"538069",2010-12-09 14:08:00.000,16795,18
"565473",2011-09-05 10:27:00.000,16717,53
"548457",2011-03-31 11:52:00.000,13468,35
"564744",2011-08-28 15:25:00.000,13778,54
"545660",2011-03-04 14:28:00.000,17191,36
C538100,2010-12-09 15:00:00.000,16579,53
"544462",2011-02-20 14:21:00.000,17050,52
"559158",2011-07-06 16:03:00.000,17428,53
"549059",2011-04-06 10:46:00.000,15529,35
"577905",2011-11-22 11:51:00.000,15497,9
"580281",2011-12-02 13:15:00.000,12704,56
"578665",2011-11-24 17:02:00.000,16570,18
"563623",2011-08-18 10:23:00.000,15189,18
"542246",2011-01-26 15:31:00.000,15227,54
"580221",2011-12-02 12:13:00.000,14092,54
"567653",2011-09-21 14:35:00.000,12550,59
"544441",2011-02-20 10:29:00.000,16566,52
"574831",2011-11-07 11:26:00.000,15522,60
"575091",2011-11-08 14:05:00.000,17160,33
"558065",2011-06-24 15:33:00.000,16419,53
"561219",2011-07-26 08:51:00.000,18180,33
C549540,2011-04-10 10:12:00.000,17114,54
"540031",2011-01-04 13:50:00.000,17975,36
"579006",2011-11-28 09:08:00.000,17924,9
"558567",2011-06-30 14:37:00.000,14191,52
"547521",2011-03-23 15:00:00.000,16713,54
"549579",2011-04-11 09:18:00.000,15780,52
"560086",2011-07-14 16:35:00.000,15839,54
"556792",2011-06-14 13:52:00.000,17043,36
"576079",2011-11-13 16:24:00.000,16877,59
"539610",2010-12-20 14:33:00.000,14606,56
"559355",2011-07-07 18:14:00.000,17007,59
"567163",2011-09-18 11:31:00.000,13247,56
"548744",2011-04-04 12:07:00.000,17725,52
"562779",2011-08-09 12:58:00.000,17841,56
"556509",2011-06-13 10:33:00.000,12708,55
"580652",2011-12-05 13:33:00.000,17511,36
C580832,2011-12-06 11:40:00.000,12753,36
C581330,2011-12-08 11:57:00.000,15877,9
"563241",2011-08-15 10:22:00.000,12758,9
"552647",2011-05-10 13:33:00.000,13012,34
"566220",2011-09-09 15:53:00.000,15251,55
"558526",2011-06-30 11:01:00.000,17949,52
"562040",2011-08-02 10:00:00.000,17553,36
"546774",2011-03-16 15:45:00.000,14505,55
"537794",2010-12-08 13:01:00.000,16713,59
"543396",2011-02-08 10:28:00.000,15189,36
"563836",2011-08-19 12:56:00.000,15938,52
"580283",2011-12-02 13:20:00.000,16133,52
"569366",2011-10-03 15:26:00.000,18102,18
"558995",2011-07-05 12:03:00.000,17671,9
"563194",2011-08-12 16:36:00.000,17858,34
C546773,2011-03-16 15:42:00.000,14505,54
C551175,2011-04-26 17:17:00.000,14329,59
C550177,2011-04-14 17:17:00.000,13534,54
"579273",2011-11-29 10:00:00.000,15197,56
"576787",2011-11-16 13:54:00.000,13815,60
"573370",2011-10-30 13:30:00.000,16626,18
"547380",2011-03-22 15:20:00.000,16809,35
"554940",2011-05-27 13:49:00.000,12494,33
"557483",2011-06-20 14:17:00.000,12643,53
"553210",2011-05-16 09:40:00.000,14016,33
C539838,2010-12-22 13:59:00.000,13458,35
"551845",2011-05-04 14:03:00.000,17961,55
C562048,2011-08-02 11:19:00.000,13534,52
"574476",2011-11-04 12:20:00.000,17203,36
"564077",2011-08-22 15:42:00.000,14711,60
"559798",2011-07-12 13:32:00.000,12720,54
"560397",2011-07-18 14:04:00.000,17652,52
"552033",2011-05-05 18:36:00.000,14776,34
C547232,2011-03-21 16:15:00.000,12994,33
"540769",2011-01-11 10:38:00.000,12601,54
"566721",2011-09-14 12:50:00.000,12921,35
"573666",2011-10-31 16:24:00.000,15977,33
"571559",2011-10-18 09:32:00.000,14911,53
"564202",2011-08-24 08:27:00.000,16342,18
C559294,2011-07-07 12:29:00.000,17861,56
"555340",2011-06-02 11:33:00.000,13334,36
"549755",2011-04-12 11:34:00.000,16843,59
C542913,2011-02-01 15:57:00.000,16779,53
"573390",2011-10-30 14:53:00.000,17213,54
"570009",2011-10-07 09:38:00.000,14138,18
"550925",2011-04-21 14:37:00.000,17061,33
"557110",2011-06-16 16:26:00.000,17865,54
"553940",2011-05-20 10:36:00.000,14112,18
"556443",2011-06-10 15:28:00.000,12712,54
"548214",2011-03-30 09:17:00.000,13720,33
"553129",2011-05-13 12:34:00.000,17765,33
"566201",2011-09-09 14:18:00.000,15189,52
"557794",2011-06-23 09:08:00.000,16287,53
"552561",2011-05-10 11:49:00.000,17581,53
"571909",2011-10-19 15:08:00.000,15006,34
C575630,2011-11-10 13:35:00.000,15830,9
"554337",2011-05-23 17:25:00.000,17920,34
"571744",2011-10-19 10:43:00.000,14434,53
C539244,2010-12-16 13:24:00.000,14606,56
"580527",2011-12-04 15:19:00.000,13736,59
"552463",2011-05-09 14:54:00.000,14699,34
"544353",2011-02-18 10:32:00.000,18229,9
"537382",2010-12-06 13:13:00.000,16710,33
"573407",2011-10-30 15:58:00.000,18067,55
"554939",2011-05-27 13:49:00.000,15311,35
"557612",2011-06-21 12:40:00.000,14460,59
"536980",2010-12-03 14:26:00.000,17819,33
"579410",2011-11-29 12:45:00.000,16168,34
"572182",2011-10-21 10:32:00.000,13588,36
"569841",2011-10-06 13:27:00.000,17428,18
"549542",2011-04-10 11:11:00.000,15311,52
"537456",2010-12-07 09:43:00.000,17450,55
C550029,2011-04-14 11:27:00.000,13539,35
"548955",2011-04-05 10:47:00.000,12348,55
"545597",2011-03-04 10:58:00.000,14570,52
C555364,2011-06-02 14:17:00.000,14903,9
"558356",2011-06-28 14:58:00.000,14854,35
C579883,2011-11-30 17:32:00.000,14194,53
"576085",2011-11-14 08:28:00.000,15365,34
C557646,2011-06-21 17:11:00.000,17306,56
"574276",2011-11-03 14:39:00.000,17857,34
C568584,2011-09-28 10:13:00.000,15706,53
"570234",2011-10-09 14:22:00.000,17790,52
"569147",2011-09-30 15:33:00.000,12842,54
C562943,2011-08-11 09:16:00.000,12693,36
C566088,2011-09-09 10:24:00.000,14911,53
"539316",2010-12-16 18:38:00.000,17848,9
"580738",2011-12-06 09:06:00.000,17666,36
C549912,2011-04-13 09:02:00.000,15737,52
C566970,2011-09-16 08:51:00.000,13993,56
"554787",2011-05-26 11:51:00.000,16356,60
"548325",2011-03-30 13:01:00.000,13509,56
"571231",2011-10-14 14:22:00.000,15856,35
C576247,2011-11-14 13:42:00.000,13139,59
"550003",2011-04-14 09:43:00.000,14428,35
"575216",2011-11-09 11:04:00.000,13384,55
C539947,2010-12-23 11:47:00.000,13854,9
"566627",2011-09-14 10:28:00.000,18229,33
C541007,2011-01-13 10:47:00.000,13078,60
"557797",2011-06-23 09:22:00.000,12919,54
"574750",2011-11-07 09:12:00.000,17164,36
"572870",2011-10-26 13:22:00.000,13408,53
C542604,2011-01-30 12:35:00.000,13148,60
"565971",2011-09-08 11:27:00.000,13571,36
"548872",2011-04-04 14:42:00.000,13015,34
"565803",2011-09-07 10:38:00.000,17735,9
"563728",2011-08-18 17:09:00.000,17045,34
"559687",2011-07-11 15:28:00.000,17966,55
"574536",2011-11-04 14:35:00.000,15707,59
"564656",2011-08-26 14:40:00.000,14141,35
"544571",2011-02-21 13:07:00.000,15146,9
C579866,2011-11-30 16:39:00.000,17528,53
"562593",2011-08-07 15:43:00.000,16549,59
"558638",2011-07-01 08:16:00.000,16317,59
"560701",2011-07-20 12:45:00.000,16729,53
"553200",2011-05-15 15:14:00.000,16034,59
"575312",2011-11-09 12:49:00.000,13588,53
"546562",2011-03-15 10:45:00.000,16293,52
"537757",2010-12-08 11:38:00.000,17975,9
"564319",2011-08-24 13:18:00.000,15059,54
"566773",2011-09-15 09:43:00.000,12444,36
"565410",2011-09-04 11:17:00.000,14691,54
"541844",2011-01-23 12:19:00.000,16931,34
"575871",2011-11-11 12:52:00.000,14911,59
C556649,2011-06-13 16:15:00.000,15238,9
"554118",2011-05-22 15:26:00.000,16592,56
"561995",2011-08-01 13:44:00.000,16133,54
"543325",2011-02-07 12:22:00.000,17692,55
"537077",2010-12-05 11:59:00.000,17062,54
"543027",2011-02-02 14:51:00.000,12414,53
"576888",2011-11-16 17:16:00.000,14948,52
"555351",2011-06-02 12:37:00.000,13408,53
"581281",2011-12-08 11:36:00.000,18109,35
"551164",2011-04-26 15:56:00.000,17262,34
"572928",2011-10-27 09:27:00.000,14623,33
"576406",2011-11-15 11:17:00.000,13692,60
"546122",2011-03-09 14:32:00.000,15581,56
"566057",2011-09-08 15:16:00.000,17997,56
"552559",2011-05-10 11:44:00.000,15865,56
"578033",2011-11-22 13:42:00.000,12656,60
"537673",2010-12-08 09:49:00.000,12709,33
"580712",2011-12-05 16:37:00.000,13021,36
"543248",2011-02-04 14:25:00.000,16029,54
"538170",2010-12-09 19:32:00.000,13969,56
"573897",2011-11-01 14:29:00.000,16729,34
"544322",2011-02-17 15:50:00.000,14211,35
"559132",2011-07-06 13:06:00.000,15053,18
"536532",2010-12-01 13:24:00.000,12433,36
"575320",2011-11-09 13:30:00.000,17011,60
"546037",2011-03-09 10:00:00.000,14825,56
C543109,2011-02-03 12:39:00.000,12775,60
"536698",2010-12-02 12:28:00.000,15363,60
"544293",2011-02-17 12:42:00.000,17954,60
C566753,2011-09-14 15:48:00.000,14911,54
"547023",2011-03-18 15:54:00.000,16422,9
"549026",2011-04-05 16:42:00.000,17409,52
"539578",2010-12-20 12:45:00.000,13027,54
"551656",2011-05-03 12:10:00.000,14911,59
"548332",2011-03-30 13:39:00.000,15364,9
"579037",2011-11-28 10:23:00.000,13418,52
"552467",2011-05-09 15:29:00.000,15249,52
C544458,2011-02-20 13:48:00.000,14667,60
"562964",2011-08-11 10:29:00.000,13488,55
"577176",2011-11-18 11:07:00.000,13305,35
"541864",2011-01-23 16:17:00.000,13798,18
"581427",2011-12-08 15:36:00.000,13890,55
"542360",2011-01-27 12:40:00.000,14701,59
"546684",2011-03-16 09:47:00.000,16152,18
"536800",2010-12-02 16:12:00.000,14829,18
"543592",2011-02-10 11:57:00.000,17243,9
"574273",2011-11-03 14:33:00.000,16322,33
"576300",2011-11-14 14:39:00.000,15058,56
"561353",2011-07-26 14:42:00.000,18094,9
C561682,2011-07-28 19:27:00.000,13631,35
"555233",2011-06-01 12:46:00.000,13917,55
"554090",2011-05-22 12:22:00.000,17315,18
C540151,2011-01-05 11:13:00.000,12494,52
"558612",2011-06-30 15:40:00.000,17949,35
"555498",2011-06-03 15:07:00.000,13885,34
C569987,2011-10-06 19:54:00.000,18194,34
"576604",2011-11-15 15:23:00.000,13435,60
"570876",2011-10-12 17:19:00.000,16085,55
"557118",2011-06-16 17:05:00.000,14849,53
"553683",2011-05-18 13:50:00.000,14060,9
"565181",2011-09-01 15:52:00.000,17381,52
"565415",2011-09-04 12:00:00.000,14067,36
"577551",2011-11-20 15:21:00.000,12395,54
"560210",2011-07-15 14:20:00.000,14958,18
C568347,2011-09-26 15:31:00.000,17997,33
C539632,2010-12-20 15:07:00.000,17230,34
"576326",2011-11-14 15:18:00.000,16504,33
"559029",2011-07-05 14:42:00.000,16316,34
"572859",2011-10-26 12:39:00.000,16418,60
"566172",2011-09-09 12:24:00.000,17001,35
"551185",2011-04-27 09:21:00.000,16103,55
"579096",2011-11-28 11:07:00.000,15561,56
"570509",2011-10-11 10:16:00.000,13109,9
C548906,2011-04-05 08:24:00.000,13636,53
"576664",2011-11-16 11:41:00.000,14646,36
"568707",2011-09-28 15:33:00.000,14911,52
"574521",2011-11-04 13:44:00.000,15358,53
C541573,2011-01-19 12:47:00.000,15311,52
"541134",2011-01-14 10:20:00.000,15615,55
"577059",2011-11-17 14:30:00.000,13704,9
"566005",2011-09-08 11:56:00.000,16426,56
"552958",2011-05-12 12:49:00.000,15498,35
"561774",2011-07-29 12:41:00.000,16729,55
"570640",2011-10-11 12:38:00.000,12474,60
C562797,2011-08-09 14:29:00.000,16672,55
"563819",2011-08-19 11:56:00.000,14062,55
"579747",2011-11-30 14:40:00.000,12528,54
C556057,2011-06-08 13:50:00.000,14221,34
"575368",2011-11-09 15:07:00.000,14482,59
C547187,2011-03-21 12:20:00.000,12779,54
"545221",2011-03-01 08:35:00.000,14740,52
"550621",2011-04-19 13:41:00.000,13263,59
"572998",2011-10-27 11:42:00.000,14560,56
C539097,2010-12-16 10:28:00.000,12621,36
"554506",2011-05-24 15:22:00.000,14083,59
C566459,2011-09-12 17:17:00.000,13236,36
"566628",2011-09-14 10:32:00.000,12971,34
C547802,2011-03-25 13:12:00.000,12921,52
C542951,2011-02-02 11:16:00.000,16985,54
"547986",2011-03-29 08:46:00.000,18177,59
"542632",2011-01-31 10:13:00.000,13324,56
"550539",2011-04-19 11:27:00.000,13479,9
C579886,2011-11-30 17:39:00.000,15676,36
"542647",2011-01-31 11:46:00.000,18245,59
C573502,2011-10-31 12:02:00.000,14808,56
"549588",2011-04-11 10:04:00.000,12428,36
"580892",2011-12-06 12:30:00.000,13199,60
"570353",2011-10-10 12:29:00.000,17706,55
"538473",2010-12-12 12:35:00.000,13668,18
C572334,2011-10-24 10:25:00.000,14607,36
"564720",2011-08-28 12:00:00.000,15095,36
"537674",2010-12-08 09:51:00.000,15628,52
"567826",2011-09-22 13:05:00.000,12877,18
"545822",2011-03-07 12:53:00.000,13884,35
C574712,2011-11-06 14:25:00.000,14502,59
"537126",2010-12-05 12:13:00.000,18118,34
"547553",2011-03-23 16:00:00.000,15644,9
C577486,2011-11-20 11:59:00.000,15533,54
C576240,2011-11-14 13:34:00.000,14441,9
"556483",2011-06-12 13:12:00.000,14823,60
"554996",2011-05-29 14:28:00.000,16407,18
C569902,2011-10-06 16:20:00.000,13647,9
"553000",2011-05-12 15:21:00.000,17667,59
"569907",2011-10-06 16:41:00.000,12569,54
"544912",2011-02-24 15:12:00.000,18198,59
"566868",2011-09-15 13:13:00.000,14595,35
"579472",2011-11-29 15:09:00.000,13521,35
"536835",2010-12-02 18:06:00.000,13145,52
"567334",2011-09-19 14:55:00.000,14911,35
"540809",2011-01-11 12:37:00.000,18095,60
C570406,2011-10-10 12:52:00.000,17841,9
"573405",2011-10-30 15:55:00.000,13822,54
"552961",2011-05-12 12:54:00.000,15489,56
"556434",2011-06-10 14:06:00.000,14895,59
C555598,2011-06-06 10:57:00.000,15095,9
"543748",2011-02-11 13:54:00.000,12913,35
"553462",2011-05-17 10:57:00.000,17147,34
"538512",2010-12-12 14:03:00.000,16665,9
C576871,2011-11-16 16:23:00.000,14441,60
C557142,2011-06-17 10:06:00.000,12678,33
"559686",2011-07-11 15:26:00.000,17966,59
"567333",2011-09-19 14:55:00.000,14282,60
"553852",2011-05-19 13:05:00.000,15599,59
"553153",2011-05-13 14:56:00.000,13089,60
"579725",2011-11-30 14:21:00.000,15060,56
"572100",2011-10-20 15:45:00.000,16705,33
"570784",2011-10-12 11:49:00.000,12569,33
"544110",2011-02-16 11:03:00.000,15059,18
"543279",2011-02-06 14:46:00.000,17105,33
"550313",2011-04-17 11:21:00.000,12681,35
"539829",2010-12-22 12:47:00.000,12734,33
C574658,2011-11-06 11:44:00.000,15426,53
"557757",2011-06-22 13:28:00.000,14606,18
"543987",2011-02-15 09:49:00.000,14849,55
"579792",2011-11-30 15:43:00.000,12714,53
"537806",2010-12-08 13:21:00.000,13113,9
C539302,2010-12-16 17:33:00.000,15392,54
"540538",2011-01-09 14:36:00.000,17841,59
"553833",2011-05-19 11:41:00.000,17346,9
"541610",2011-01-20 10:18:00.000,16029,36
"560976",2011-07-22 12:08:00.000,18146,33
"574952",2011-11-08 09:47:00.000,13924,56
C569992,2011-10-06 20:18:00.000,16133,36
"548012",2011-03-29 11:15:00.000,17377,34
"554947",2011-05-27 14:29:00.000,12748,53
"551085",2011-04-26 12:29:00.000,14854,18
"567202",2011-09-19 10:36:00.000,13325,9
"574590",2011-11-06 10:44:00.000,18077,59
"555108",2011-05-31 14:18:00.000,18231,36
"580658",2011-12-05 13:44:00.000,17090,54
"548867",2011-04-04 14:17:00.000,14719,18
C538670,2010-12-13 16:19:00.000,13448,52
"551874",2011-05-05 07:37:00.000,16422,35
"539252",2010-12-16 14:17:00.000,17744,9
"560422",2011-07-18 15:14:00.000,16746,53
"556971",2011-06-16 10:19:00.000,13082,52
"568104",2011-09-23 15:50:00.000,16485,60
"572990",2011-10-27 10:54:00.000,18276,35
"559676",2011-07-11 14:40:00.000,17340,60
"559014",2011-07-05 12:53:00.000,14262,18
"545081",2011-02-28 10:35:00.000,16057,9
"549274",2011-04-07 13:07:00.000,12721,33
"572764",2011-10-26 09:58:00.000,15110,34
"539647",2010-12-20 16:08:00.000,15460,52
C568184,2011-09-25 13:55:00.000,15429,54
"562527",2011-08-05 13:49:00.000,12647,52
"540481",2011-01-07 15:42:00.000,16955,55
"549734",2011-04-11 17:12:00.000,16409,56
"541709",2011-01-21 11:09:00.000,17504,9
"536841",2010-12-02 18:27:00.000,16150,53
"554142",2011-05-23 10:38:00.000,15288,59
"572309",2011-10-23 15:29:00.000,14432,52
"557875",2011-06-23 13:09:00.000,13300,52
"556263",2011-06-09 18:41:00.000,13969,18
"564356",2011-08-24 15:47:00.000,13969,18
"543468",2011-02-08 14:45:00.000,14562,18
"567291",2011-09-19 11:55:00.000,12527,35
"537350",2010-12-06 12:23:00.000,14708,52
"578372",2011-11-24 11:17:00.000,17451,54
"546555",2011-03-15 09:22:00.000,17675,36
"576321",2011-11-14 14:59:00.000,14953,34
C541693,2011-01-20 17:02:00.000,14309,9
C550455,2011-04-18 13:02:00.000,13098,53
C552535,2011-05-10 09:59:00.000,13269,18
C573929,2011-11-02 10:14:00.000,17811,60
"577700",2011-11-21 12:06:00.000,14449,54
"570697",2011-10-12 09:10:00.000,15281,56
"571682",2011-10-18 14:00:00.000,14179,9
"552320",2011-05-09 08:26:00.000,13985,55
C550442,2011-04-18 12:28:00.000,16550,52
"544920",2011-02-24 16:31:00.000,13081,56
"581411",2011-12-08 14:15:00.000,17554,55
"557622",2011-06-21 14:15:00.000,17960,35
"548728",2011-04-04 09:55:00.000,13198,56
"565541",2011-09-05 12:00:00.000,14159,35
"544066",2011-02-15 13:53:00.000,12971,35
"578133",2011-11-23 10:55:00.000,14205,53
"552644",2011-05-10 13:25:00.000,15063,59
"574888",2011-11-07 14:21:00.000,16353,52
"541814",2011-01-21 15:41:00.000,17306,34
"547970",2011-03-28 16:28:00.000,17238,36
"573932",2011-11-02 10:26:00.000,17966,36
"554543",2011-05-25 09:18:00.000,16091,36
"570482",2011-10-10 17:00:00.000,17459,36
"559981",2011-07-14 11:30:00.000,14562,35
"542239",2011-01-26 14:35:00.000,17786,54
"565618",2011-09-05 15:40:00.000,15974,35
C552564,2011-05-10 11:55:00.000,13694,53
"543373",2011-02-07 15:04:00.000,16945,34
"575085",2011-11-08 13:41:00.000,12849,18
C563611,2011-08-18 06:38:00.000,17340,35
"545235",2011-03-01 10:31:00.000,12683,60
C580761,2011-12-06 10:31:00.000,17528,55
"579133",2011-11-28 12:36:00.000,17852,34
"572316",2011-10-23 16:13:00.000,17836,56
"564227",2011-08-24 10:19:00.000,15249,55
"541474",2011-01-18 11:51:00.000,16997,18
"559064",2011-07-06 10:15:00.000,15673,35
"563328",2011-08-15 13:07:00.000,14606,56
"536890",2010-12-03 11:48:00.000,14156,59
C563601,2011-08-18 06:25:00.000,13047,56
"546314",2011-03-10 19:05:00.000,16808,33
"545575",2011-03-03 18:28:00.000,13014,33
"580607",2011-12-05 11:39:00.000,15290,56
"553005",2011-05-12 16:29:00.000,14651,36
"568169",2011-09-25 12:54:00.000,14152,36
"558383",2011-06-29 08:58:00.000,18075,53
"539317",2010-12-16 19:04:00.000,17392,36
"552039",2011-05-06 08:10:00.000,13081,54
"550151",2011-04-14 14:41:00.000,13089,34
"573352",2011-10-30 12:35:00.000,14077,52
"577502",2011-11-20 12:34:00.000,12598,56
"538097",2010-12-09 14:56:00.000,15192,53
"574830",2011-11-07 11:21:00.000,16053,35
"553860",2011-05-19 13:57:00.000,17841,35
"542000",2011-01-25 10:49:00.000,14257,18
"566723",2011-09-14 13:02:00.000,15804,33
C539035,2010-12-15 14:33:00.000,15535,55
C581148,2011-12-07 14:02:00.000,12462,53
C552568,2011-05-10 12:04:00.000,12901,56
"545874",2011-03-07 15:02:00.000,12841,55
"537852",2010-12-08 15:56:00.000,17340,59
C551463,2011-04-28 16:13:00.000,13534,35
"576373",2011-11-15 08:43:00.000,12640,60
"537144",2010-12-05 13:00:00.000,15880,59
C542032,2011-01-25 11:45:00.000,15311,55
"547878",2011-03-27 16:01:00.000,15939,56
C563553,2011-08-17 13:14:00.000,16755,52
"563441",2011-08-16 13:13:00.000,13140,33
C545450,2011-03-02 16:46:00.000,16839,18
"543127",2011-02-03 14:51:00.000,16748,9
C566999,2011-09-16 11:14:00.000,14842,56
C575160,2011-11-08 16:23:00.000,14911,60
"562448",2011-08-04 19:22:00.000,17428,53
C553222,2011-05-16 10:10:00.000,13662,18
"541795",2011-01-21 13:47:00.000,14692,33
C545458,2011-03-02 17:19:00.000,13018,33
"550473",2011-04-18 13:54:00.000,14623,18
"536781",2010-12-02 15:14:00.000,17460,18
C571707,2011-10-18 15:33:00.000,14056,55
"546248",2011-03-10 13:46:00.000,16477,9
"554112",2011-05-22 14:44:00.000,17611,55
"557277",2011-06-19 12:06:00.000,16484,60
"539290",2010-12-16 16:36:00.000,16271,35
"543657",2011-02-11 10:38:00.000,15133,35
"572895",2011-10-26 14:39:00.000,12569,55
"545470",2011-03-03 10:26:00.000,14483,56
"545896",2011-03-07 17:19:00.000,15869,33
"566818",2011-09-15 11:20:00.000,13104,35
"575169",2011-11-08 17:21:00.000,14367,56
C543771,2011-02-11 15:43:00.000,15658,56
"576661",2011-11-16 11:17:00.000,17377,56
"559516",2011-07-08 16:08:00.000,14708,55
"544800",2011-02-23 13:45:00.000,15687,34
"578854",2011-11-27 11:15:00.000,14859,55
"556043",2011-06-08 12:49:00.000,14078,55
"551291",2011-04-27 14:26:00.000,14298,54
C556278,2011-06-09 19:53:00.000,13462,54
C544696,2011-02-23 09:41:00.000,14735,18
"567408",2011-09-20 10:47:00.000,14201,9
"565153",2011-09-01 14:47:00.000,18241,56
C557653,2011-06-21 17:25:00.000,14040,36
"542899",2011-02-01 14:12:00.000,17376,52
"555947",2011-06-08 10:45:00.000,14911,54
"553346",2011-05-16 12:57:00.000,17054,53
"577482",2011-11-20 11:43:00.000,16762,56
C579892,2011-12-01 08:23:00.000,13310,33
C576401,2011-11-15 10:52:00.000,13026,55
"561818",2011-07-29 15:51:00.000,16775,9
"559340",2011-07-07 16:51:00.000,13699,59
"552954",2011-05-12 12:30:00.000,14064,52
"581225",2011-12-08 09:55:00.000,17677,33
"552032",2011-05-05 18:16:00.000,14393,18
C542404,2011-01-27 16:08:00.000,13534,33
"540095",2011-01-04 15:40:00.000,14553,18
"576628",2011-11-16 08:28:00.000,13449,36
"548330",2011-03-30 13:26:00.000,14810,35
"571200",2011-10-14 12:25:00.000,14060,35
"581150",2011-12-07 14:12:00.000,17266,33
"580685",2011-12-05 15:16:00.000,17676,56
"578301",2011-11-23 15:14:00.000,17034,60
"562583",2011-08-07 13:54:00.000,15831,52
"581222",2011-12-08 09:46:00.000,14520,35
"578530",2011-11-24 14:37:00.000,14251,36
"536381",2010-12-01 09:41:00.000,15311,60
"540827",2011-01-11 14:15:00.000,17569,59
"575896",2011-11-11 14:52:00.000,12480,60
"563914",2011-08-21 13:18:00.000,12518,60
"552831",2011-05-11 14:12:00.000,13052,33
"572856",2011-10-26 12:28:00.000,18118,55
"554079",2011-05-22 11:41:00.000,14546,56
"556476",2011-06-12 12:08:00.000,17175,52
C563602,2011-08-18 06:26:00.000,14291,9
"578682",2011-11-25 08:55:00.000,17173,53
"543287",2011-02-07 10:03:00.000,16422,59
"570600",2011-10-11 12:05:00.000,16076,60
C572917,2011-10-26 16:33:00.000,15296,34
"567529",2011-09-21 09:22:00.000,18236,9
"575152",2011-11-08 16:12:00.000,16284,34
"574664",2011-11-06 12:07:00.000,14482,34
"580760",2011-12-06 10:30:00.000,12877,53
C574486,2011-11-04 12:56:00.000,15329,34
"546781",2011-03-17 09:03:00.000,12955,33
"571549",2011-10-18 08:12:00.000,13536,52
"552285",2011-05-08 12:58:00.000,14684,33
"545696",2011-03-06 14:21:00.000,15696,53
"567183",2011-09-18 15:32:00.000,14769,18
"550643",2011-04-19 16:14:00.000,18116,9
"580139",2011-12-02 09:10:00.000,17157,33
"544670",2011-02-22 15:22:00.000,16161,36
"568245",2011-09-26 12:23:00.000,13867,33
"567486",2011-09-20 13:53:00.000,17340,33
"581413",2011-12-08 14:39:00.000,16833,34
"537241",2010-12-06 10:18:00.000,14293,33
"543901",2011-02-14 12:13:00.000,17659,53
"546239",2011-03-10 12:59:00.000,14064,36
"559329",2011-07-07 15:41:00.000,15241,34
"565854",2011-09-07 13:22:00.000,12490,55
"553004",2011-05-12 16:11:00.000,17764,53
"571372",2011-10-17 11:55:00.000,17201,33
"537201",2010-12-05 14:19:00.000,12472,9
"577795",2011-11-21 16:50:00.000,13246,33
"555733",2011-06-07 08:21:00.000,16839,18
C555261,2011-06-01 15:37:00.000,16873,53
"546919",2011-03-18 09:55:00.000,12500,33
"571038",2011-10-13 12:58:00.000,15511,52
"568555",2011-09-27 15:34:00.000,16122,18
"543214",2011-02-04 13:19:00.000,12779,9
"536944",2010-12-03 12:20:00.000,12557,52
"561863",2011-07-31 10:40:00.000,17695,53
"571447",2011-10-17 13:47:00.000,14911,36
"552327",2011-05-09 10:03:00.000,17007,60
"549880",2011-04-12 15:30:00.000,15932,59
"548807",2011-04-04 12:54:00.000,16422,18
"549187",2011-04-07 10:09:00.000,16144,53
"552445",2011-05-09 13:27:00.000,16839,56
"540348",2011-01-06 13:56:00.000,12841,33
C544397,2011-02-18 12:21:00.000,12462,33
"558536",2011-06-30 12:06:00.000,12424,55
"572124",2011-10-21 08:47:00.000,14156,34
"562451",2011-08-05 09:25:00.000,15110,34
"561322",2011-07-26 13:03:00.000,15203,34
"554964",2011-05-27 15:57:00.000,15867,53
"578024",2011-11-22 13:27:00.000,12705,60
"566215",2011-09-09 15:11:00.000,14895,53
"570027",2011-10-07 10:41:00.000,14844,56
C553479,2011-05-17 11:50:00.000,13098,54
"565763",2011-09-06 14:09:00.000,14739,33
"562381",2011-08-04 15:33:00.000,16873,56
"560893",2011-07-21 17:08:00.000,13804,35
"554560",2011-05-25 10:35:00.000,13317,33
"542739",2011-01-31 15:57:00.000,17389,35
"539040",2010-12-15 15:14:00.000,17214,18
"559933",2011-07-14 09:54:00.000,16719,53
"549915",2011-04-13 09:32:00.000,18231,60
"566465",2011-09-12 17:58:00.000,15764,54
"566283",2011-09-11 14:34:00.000,17838,59
"557955",2011-06-23 18:59:00.000,16175,52
"576052",2011-11-13 14:48:00.000,15787,59
"573504",2011-10-31 12:05:00.000,13983,18
C557022,2011-06-16 12:56:00.000,16942,53
"537221",2010-12-05 15:54:00.000,17965,18
"544926",2011-02-24 17:50:00.000,13468,55
C574472,2011-11-04 12:01:00.000,17690,33
"556425",2011-06-10 12:51:00.000,14178,35
"577171",2011-11-18 10:52:00.000,17159,34
"548552",2011-04-01 09:06:00.000,17613,18
"551991",2011-05-05 15:29:00.000,14697,56
"571246",2011-10-14 15:59:00.000,17750,59
"553681",2011-05-18 13:13:00.000,15410,33
"552042",2011-05-06 09:00:00.000,13952,53
"554494",2011-05-24 14:00:00.000,16327,52
"551338",2011-04-27 17:03:00.000,15581,60
"570448",2011-10-10 14:55:00.000,13224,60
"542836",2011-02-01 11:31:00.000,16745,53
"563857",2011-08-19 15:44:00.000,12968,56
"563502",2011-08-17 08:50:00.000,12722,60
C543776,2011-02-11 16:12:00.000,14133,9
"569319",2011-10-03 12:17:00.000,14290,34
"579391",2011-11-29 12:07:00.000,14251,35
"573748",2011-11-01 09:24:00.000,14911,53
"543055",2011-02-03 10:41:00.000,12502,60
C579347,2011-11-29 11:47:00.000,17658,36
"558481",2011-06-30 09:02:00.000,17675,34
"549259",2011-04-07 12:33:00.000,13712,9
"552322",2011-05-09 09:16:00.000,17049,9
"551990",2011-05-05 15:13:00.000,15759,60
"554865",2011-05-27 10:37:00.000,14280,56
"567852",2011-09-22 13:21:00.000,18102,60
"574733",2011-11-06 15:17:00.000,17082,60
"569360",2011-10-03 14:59:00.000,14653,54
"537258",2010-12-06 11:16:00.000,17227,53
"568471",2011-09-27 11:49:00.000,17805,34
"560686",2011-07-20 11:50:00.000,15632,52
"558390",2011-06-29 10:23:00.000,13461,56
C546022,2011-03-08 17:28:00.000,14507,33
C577889,2011-11-22 11:42:00.000,16191,59
"555620",2011-06-06 11:46:00.000,12748,53
"546766",2011-03-16 14:49:00.000,12971,33
"575576",2011-11-10 11:45:00.000,16025,54
"544457",2011-02-20 13:46:00.000,14667,35
C580597,2011-12-05 11:02:00.000,16360,60
"552167",2011-05-06 12:23:00.000,18227,34
"551415",2011-04-28 13:36:00.000,15622,53
"578255",2011-11-23 12:58:00.000,14675,60
"555568",2011-06-05 15:25:00.000,17589,9
"579274",2011-11-29 10:01:00.000,13467,9
C544897,2011-02-24 12:27:00.000,17867,33
"553016",2011-05-12 18:58:00.000,12748,52
"580257",2011-12-02 12:26:00.000,14688,55
"571180",2011-10-14 10:47:00.000,15498,9
C548607,2011-04-01 11:20:00.000,16700,56
"575642",2011-11-10 14:07:00.000,14466,34
"548315",2011-03-30 12:34:00.000,16019,52
"545603",2011-03-04 11:49:00.000,15827,33
"547498",2011-03-23 12:24:00.000,15021,36
"579990",2011-12-01 11:20:00.000,14804,36
"573992",2011-11-02 11:20:00.000,15275,36
"576586",2011-11-15 14:22:00.000,12415,9
"540267",2011-01-06 11:12:00.000,12415,55
"576857",2011-11-16 15:52:00.000,12748,56
"565930",2011-09-08 10:32:00.000,12685,54
"541886",2011-01-24 11:21:00.000,15039,55
"560853",2011-07-21 12:33:00.000,15311,54
"543688",2011-02-11 11:36:00.000,15270,52
C577151,2011-11-18 09:50:00.000,12781,53
"570113",2011-10-07 12:31:00.000,15874,54
"561713",2011-07-29 11:56:00.000,12901,53
C541707,2011-01-21 11:07:00.000,18223,33
"539041",2010-12-15 15:34:00.000,15456,55
"538283",2010-12-10 12:56:00.000,12748,52
"564367",2011-08-25 09:18:00.000,12712,34
"555896",2011-06-07 16:04:00.000,15640,55
"566440",2011-09-12 15:19:00.000,15755,56
C539276,2010-12-16 15:36:00.000,16503,33
"548293",2011-03-30 11:51:00.000,13798,35
"577838",2011-11-22 10:32:00.000,16352,18
"573695",2011-10-31 17:13:00.000,15023,35
"577610",2011-11-21 09:55:00.000,15373,18
"573376",2011-10-30 13:50:00.000,13617,9
"565469",2011-09-05 10:00:00.000,17389,60
C545837,2011-03-07 13:32:00.000,12598,9
C543764,2011-02-11 15:16:00.000,17035,35
C538098,2010-12-09 14:57:00.000,14441,55
C538088,2010-12-09 14:45:00.000,14766,34
"557252",2011-06-17 16:23:00.000,17961,33
"580648",2011-12-05 13:15:00.000,12628,55
"548546",2011-03-31 19:20:00.000,16600,53
"538841",2010-12-14 13:11:00.000,16899,53
"576907",2011-11-17 09:34:00.000,12610,60
"541263",2011-01-16 16:10:00.000,16843,52
"555559",2011-06-05 14:18:00.000,13862,59
"547223",2011-03-21 15:10:00.000,12867,55
"568781",2011-09-29 08:28:00.000,14952,53
C559351,2011-07-07 17:42:00.000,13408,56
"538169",2010-12-09 19:28:00.000,13230,18
"544319",2011-02-17 15:03:00.000,14379,59
"571266",2011-10-16 11:41:00.000,17769,60
"555245",2011-06-01 14:12:00.000,14800,34
"564657",2011-08-26 14:44:00.000,14135,55
"542229",2011-01-26 13:38:00.000,12474,55
"570217",2011-10-09 12:19:00.000,17323,34
"536585",2010-12-01 16:24:00.000,17460,54
"570116",2011-10-07 12:38:00.000,12856,18
C562051,2011-08-02 11:58:00.000,15602,55
"572908",2011-10-26 15:47:00.000,15835,55
C575171,2011-11-08 17:49:00.000,18164,33
"553831",2011-05-19 11:36:00.000,14442,34
"560286",2011-07-18 09:38:00.000,14062,36
"539006",2010-12-15 12:54:00.000,15101,33
"548216",2011-03-30 09:27:00.000,12971,53
"555732",2011-06-07 08:19:00.000,14542,18
"562348",2011-08-04 12:36:00.000,17511,59
"559813",2011-07-12 15:42:00.000,18272,59
C539072,2010-12-15 17:05:00.000,15664,36
"536618",2010-12-02 10:17:00.000,17017,33
C537763,2010-12-08 12:03:00.000,16713,33
"573316",2011-10-28 18:07:00.000,12657,35
C542714,2011-01-31 13:28:00.000,12437,35
"550314",2011-04-17 11:30:00.000,16905,54
"567672",2011-09-21 15:39:00.000,16085,36
"559607",2011-07-11 11:39:00.000,12681,53
"562163",2011-08-03 12:06:00.000,15628,53
"553220",2011-05-16 09:57:00.000,13319,54
"581074",2011-12-07 11:27:00.000,15568,54
C548467,2011-03-31 12:20:00.000,16619,9
"567510",2011-09-20 14:52:00.000,14298,54
"555946",2011-06-08 10:43:00.000,17238,35
"562849",2011-08-10 09:52:00.000,16700,54
"555849",2011-06-07 13:33:00.000,13266,9
"547378",2011-03-22 14:56:00.000,14051,60
C559744,2011-07-12 11:13:00.000,15416,36
"569822",2011-10-06 12:13:00.000,15706,54
"560724",2011-07-20 13:55:00.000,16186,36
"571672",2011-10-18 13:15:00.000,13880,55
"573496",2011-10-31 11:59:00.000,17841,59
"580158",2011-12-02 10:41:00.000,12558,52
C541861,2011-01-23 15:48:00.000,13742,60
"565429",2011-09-04 12:54:00.000,16434,34
"545427",2011-03-02 14:41:00.000,16792,52
"570254",2011-10-10 09:41:00.000,16179,59
"553570",2011-05-18 09:23:00.000,13756,55
"576631",2011-11-16 08:53:00.000,16626,53
"571215",2011-10-14 12:57:00.000,13810,56
"566875",2011-09-15 13:43:00.000,17669,33
"560536",2011-07-19 12:15:00.000,16626,54
C549968,2011-04-13 14:24:00.000,14064,59
"571548",2011-10-18 07:56:00.000,15505,18
"580517",2011-12-04 14:40:00.000,17173,36
"569080",2011-09-30 11:46:00.000,15593,53
"563237",2011-08-15 09:57:00.000,14321,53
"569402",2011-10-04 09:00:00.000,12413,9
"574335",2011-11-04 09:49:00.000,13592,56
"555492",2011-06-03 14:24:00.000,16967,34
"549017",2011-04-05 15:20:00.000,15145,36
"545052",2011-02-27 12:27:00.000,13971,36
"567288",2011-09-19 11:49:00.000,16906,33
"550318",2011-04-17 12:25:00.000,16085,55
"563347",2011-08-15 13:46:00.000,16961,35
"547226",2011-03-21 15:33:00.000,14167,53
"563369",2011-08-16 09:25:00.000,13394,53
"552057",2011-05-06 10:34:00.000,17504,9
"559691",2011-07-11 15:52:00.000,13089,18
"545149",2011-02-28 12:19:00.000,15062,36
"567142",2011-09-16 14:55:00.000,14262,35
"556466",2011-06-12 11:07:00.000,15465,55
"578118",2011-11-23 10:08:00.000,12955,18
"554991",2011-05-29 14:03:00.000,14823,36
C552031,2011-05-05 18:14:00.000,13089,54
C560877,2011-07-21 15:14:00.000,16859,56
"558748",2011-07-03 10:23:00.000,17800,34
"540993",2011-01-13 09:23:00.000,13284,9
"561662",2011-07-28 16:28:00.000,12407,54
"574351",2011-11-04 10:37:00.000,17348,56
"551978",2011-05-05 13:43:00.000,17527,60
"538641",2010-12-13 14:36:00.000,15640,59
"556240",2011-06-09 15:55:00.000,18041,9
C569996,2011-10-06 20:38:00.000,15322,56
"541484",2011-01-18 12:46:00.000,16814,55
"569373",2011-10-03 16:12:00.000,12971,56
C553748,2011-05-19 09:57:00.000,16676,35
"558294",2011-06-28 10:37:00.000,16545,36
"578350",2011-11-24 09:51:00.000,15632,34
"566226",2011-09-11 10:39:00.000,15605,55
C576248,2011-11-14 13:47:00.000,16639,52
"544299",2011-02-17 12:55:00.000,13178,9
"572077",2011-10-20 14:09:00.000,15807,54
"545222",2011-03-01 08:49:00.000,13880,34
"544568",2011-02-21 12:54:00.000,15065,33
"537405",2010-12-06 14:51:00.000,17841,54
"542084",2011-01-25 12:31:00.000,14680,36
"572320",2011-10-24 08:48:00.000,16325,18
"550132",2011-04-14 13:33:00.000,16933,34
"575828",2011-11-11 11:34:00.000,17162,9
"561893",2011-07-31 14:39:00.000,12942,60
"580094",2011-12-01 14:50:00.000,15904,36
"562851",2011-08-10 10:09:00.000,13117,36
"560883",2011-07-21 16:10:00.000,13694,54
"540280",2011-01-06 12:37:00.000,12386,56
"553504",2011-05-17 13:26:00.000,13310,18
"561802",2011-07-29 14:29:00.000,12748,59
"569105",2011-09-30 12:35:00.000,16729,52
"566756",2011-09-14 15:54:00.000,12457,9
"575220",2011-11-09 11:19:00.000,17511,9
"566442",2011-09-12 15:29:00.000,14732,54
C579092,2011-11-28 10:50:00.000,16900,33
"572721",2011-10-25 15:07:00.000,16201,54
"575196",2011-11-09 09:41:00.000,16767,54
"558894",2011-07-04 15:50:00.000,16344,9
C554533,2011-05-24 17:33:00.000,16923,52
"540915",2011-01-12 12:00:00.000,13267,34
"573481",2011-10-31 11:10:00.000,13994,54
C545834,2011-03-07 13:16:00.000,13458,18
"562888",2011-08-10 11:58:00.000,14388,59
"560053",2011-07-14 15:44:00.000,17612,60
"574670",2011-11-06 12:20:00.000,12838,9
"567066",2011-09-16 12:17:00.000,13418,34
C562142,2011-08-03 10:37:00.000,15189,52
"547570",2011-03-24 09:50:00.000,13636,33
"572865",2011-10-26 13:01:00.000,17841,55
"561098",2011-07-25 10:56:00.000,14194,33
C543475,2011-02-08 15:15:00.000,14415,36
"578510",2011-11-24 13:25:00.000,14056,59
"553996",2011-05-20 11:33:00.000,15220,54
"546638",2011-03-15 12:52:00.000,15106,56
"543162",2011-02-03 18:08:00.000,17507,59
"541732",2011-01-21 11:34:00.000,16387,36
"566016",2011-09-08 12:20:00.000,15144,54
"581582",2011-12-09 12:21:00.000,17581,35
"580149",2011-12-02 10:15:00.000,12748,55
"573484",2011-10-31 11:33:00.000,14883,53
"574086",2011-11-03 08:39:00.000,15651,18
"552464",2011-05-09 15:12:00.000,12726,34
"575691",2011-11-10 16:21:00.000,14180,60
"577312",2011-11-18 13:18:00.000,17049,34
"577322",2011-11-18 13:45:00.000,17888,9
C562953,2011-08-11 10:12:00.000,16180,59
"537700",2010-12-08 10:51:00.000,18229,53
"578128",2011-11-23 10:38:00.000,12919,35
"547909",2011-03-28 12:22:00.000,15033,9
C544653,2011-02-22 12:55:00.000,13113,56
"566235",2011-09-11 11:17:00.000,15636,36
"546067",2011-03-09 10:58:00.000,17450,33
C580954,2011-12-06 14:19:00.000,12967,55
"567145",2011-09-16 15:09:00.000,12921,36
"557122",2011-06-16 17:37:00.000,16558,53
C570889,2011-10-13 10:49:00.000,13954,34
"547644",2011-03-24 11:38:00.000,14267,33
C548972,2011-04-05 11:42:00.000,15674,52
"544084",2011-02-15 16:27:00.000,14760,53
"556017",2011-06-08 11:56:00.000,15382,36
"542659",2011-01-31 12:09:00.000,15738,52
"537156",2010-12-05 13:08:00.000,17858,35
"543907",2011-02-14 12:16:00.000,17346,59
C564209,2011-08-24 09:07:00.000,14189,56
"575512",2011-11-10 10:36:00.000,14121,9
C549545,2011-04-10 11:19:00.000,18118,35
"568195",2011-09-25 14:41:00.000,13408,34
"573582",2011-10-31 14:23:00.000,16633,55
"569219",2011-10-02 13:01:00.000,13558,36
C564426,2011-08-25 11:13:00.000,15804,36
"551895",2011-05-05 10:22:00.000,12877,9
"536578",2010-12-01 16:15:00.000,17690,54
"544910",2011-02-24 14:32:00.000,16072,35
"542058",2011-01-25 11:59:00.000,15601,9
"561072",2011-07-24 15:39:00.000,14019,53
"549594",2011-04-11 10:25:00.000,16029,52
"549106",2011-04-06 12:08:00.000,17045,56
"544918",2011-02-24 16:30:00.000,13081,60
C566466,2011-09-12 18:00:00.000,13850,56
C566490,2011-09-13 10:20:00.000,16656,35
C550810,2011-04-20 15:58:00.000,15135,55
"554269",2011-05-23 13:03:00.000,13223,33
C580970,2011-12-06 15:01:00.000,15814,60
"575388",2011-11-09 15:30:00.000,12971,54
"548610",2011-04-01 11:28:00.000,15860,55
"571313",2011-10-17 10:42:00.000,14156,53
"563706",2011-08-18 14:48:00.000,14189,54
"537650",2010-12-07 15:48:00.000,16125,59
"553224",2011-05-16 10:40:00.000,17228,55
"553021",2011-05-12 19:22:00.000,18172,60
"575485",2011-11-09 17:03:00.000,18274,55
"549568",2011-04-10 15:09:00.000,15665,35
"569325",2011-10-03 12:41:00.000,16774,60
"562287",2011-08-04 11:07:00.000,12455,33
"560223",2011-07-15 15:32:00.000,16904,52
"545023",2011-02-25 14:25:00.000,12921,34
"571280",2011-10-16 13:08:00.000,18122,9
"565456",2011-09-04 16:12:00.000,16629,55
C565305,2011-09-02 12:18:00.000,15311,59
C575577,2011-11-10 11:46:00.000,15597,52
"549953",2011-04-13 13:15:00.000,12766,55
"566218",2011-09-09 15:25:00.000,13079,53
"556473",2011-06-12 12:00:00.000,17265,35
"580144",2011-12-02 09:53:00.000,12684,34
"571202",2011-10-14 12:29:00.000,14937,56
"560792",2011-07-21 10:32:00.000,15189,56
C579519,2011-11-29 18:11:00.000,12748,60
"559354",2011-07-07 18:02:00.000,16012,56
"539410",2010-12-17 13:17:00.000,16353,53
"556282",2011-06-10 08:24:00.000,15679,54
"581185",2011-12-07 16:29:00.000,16672,9
"577790",2011-11-21 16:35:00.000,14198,55
"575960",2011-11-13 12:28:00.000,15429,9
"562520",2011-08-05 12:38:00.000,12599,54
C570278,2011-10-10 11:05:00.000,14534,55
"565386",2011-09-02 15:48:00.000,17997,52
C562909,2011-08-10 13:00:00.000,17602,59
"562014",2011-08-01 14:05:00.000,14341,35
"555884",2011-06-07 15:44:00.000,17389,53
"572513",2011-10-24 14:36:00.000,16728,36
C568055,2011-09-23 12:50:00.000,17929,36
C552552,2011-05-10 10:51:00.000,16525,59
"549881",2011-04-12 15:30:00.000,14032,53
"567346",2011-09-19 15:53:00.000,13767,34
"552250",2011-05-06 19:55:00.000,12748,36
"557304",2011-06-19 14:40:00.000,16326,35
"580063",2011-12-01 13:29:00.000,17450,34
"544069",2011-02-15 14:17:00.000,12616,18
"542872",2011-02-01 12:42:00.000,15939,36
"545515",2011-03-03 12:06:00.000,12727,53
C569940,2011-10-06 18:00:00.000,15611,53
"580744",2011-12-06 09:31:00.000,13694,60
"546391",2011-03-11 14:06:00.000,17800,36
"579130",2011-11-28 12:32:00.000,14735,35
C566782,2011-09-15 10:12:00.000,16048,54
"547420",2011-03-23 10:43:00.000,15449,55
"578295",2011-11-23 14:39:00.000,12569,56
"564088",2011-08-23 09:38:00.000,17702,36
"553522",2011-05-17 14:43:00.000,15005,33
"569019",2011-09-30 09:38:00.000,15602,53
"556779",2011-06-14 12:45:00.000,16774,52
"557956",2011-06-23 19:20:00.000,18283,60
"564067",2011-08-22 15:07:00.000,18241,52
"556767",2011-06-14 12:17:00.000,18073,36
"561056",2011-07-24 13:17:00.000,13477,55
"541267",2011-01-17 10:37:00.000,12779,54
"575891",2011-11-11 14:12:00.000,15692,35
C542104,2011-01-25 13:26:00.000,16191,52
"580978",2011-12-06 15:36:00.000,13078,52
"575694",2011-11-10 16:38:00.000,12748,33
"547195",2011-03-21 12:42:00.000,17204,54
"557128",2011-06-16 19:49:00.000,14765,56
"557117",2011-06-16 17:04:00.000,14849,35
"540262",2011-01-06 10:01:00.000,14045,52
"580396",2011-12-04 11:00:00.000,13838,34
"547085",2011-03-20 15:41:00.000,12600,53
"565246",2011-09-02 10:27:00.000,12408,36
"553497",2011-05-17 12:49:00.000,14410,60
C539195,2010-12-16 12:05:00.000,12748,35
"562790",2011-08-09 13:51:00.000,14646,33
"556542",2011-06-13 12:52:00.000,14719,18
"547985",2011-03-29 08:43:00.000,16455,33
"572658",2011-10-25 12:29:00.000,17690,18
C548357,2011-03-30 15:14:00.000,15785,56
"578252",2011-11-23 12:48:00.000,16079,9
"564507",2011-08-25 14:34:00.000,15513,33
"558876",2011-07-04 13:36:00.000,17841,36
"570693",2011-10-11 16:50:00.000,16161,56
"538859",2010-12-14 13:59:00.000,16553,9
"567817",2011-09-22 12:41:00.000,15005,52
C554529,2011-05-24 17:27:00.000,14226,9
"539099",2010-12-16 10:30:00.000,16670,52
"550450",2011-04-18 12:47:00.000,15615,34
"544336",2011-02-17 19:36:00.000,13230,34
C542537,2011-01-28 13:54:00.000,12501,60
"581385",2011-12-08 13:11:00.000,13298,53
C564257,2011-08-24 10:45:00.000,16607,34
"536791",2010-12-02 15:27:00.000,17850,9
C542232,2011-01-26 13:44:00.000,16714,34
"561508",2011-07-27 14:23:00.000,16696,35
"537892",2010-12-09 10:13:00.000,12481,36
"570049",2011-10-07 10:55:00.000,17228,60
"552642",2011-05-10 13:22:00.000,14288,56
"550525",2011-04-19 10:19:00.000,14672,54
C580099,2011-12-01 15:06:00.000,13171,59
"549566",2011-04-10 14:27:00.000,13610,55
"567633",2011-09-21 13:34:00.000,12939,35
"545004",2011-02-25 12:48:00.000,13753,60
"573179",2011-10-28 10:56:00.000,13199,60
"544094",2011-02-16 09:11:00.000,15810,55
"563934",2011-08-21 16:02:00.000,15313,36
"555575",2011-06-05 15:47:00.000,14466,35
C565425,2011-09-04 12:40:00.000,15561,36
"572233",2011-10-21 14:41:00.000,14646,33
"542059",2011-01-25 11:59:00.000,16757,55
"552041",2011-05-06 08:25:00.000,14273,33
"553225",2011-05-16 10:41:00.000,16912,33
"564305",2011-08-24 12:20:00.000,14875,9
"539255",2010-12-16 14:26:00.000,16316,9
"571662",2011-10-18 12:54:00.000,14861,33
"540907",2011-01-12 11:52:00.000,13488,35
C574030,2011-11-02 12:35:00.000,13870,35
"562286",2011-08-04 10:45:00.000,15061,33
"550192",2011-04-15 08:45:00.000,12582,9
"569400",2011-10-04 08:30:00.000,17381,34
"536663",2010-12-02 12:07:00.000,16546,56
"560997",2011-07-22 13:59:00.000,12627,60
C559059,2011-07-06 10:00:00.000,13338,52
C536827,2010-12-02 17:31:00.000,13408,33
"551182",2011-04-27 08:43:00.000,14282,52
"547712",2011-03-24 19:31:00.000,16905,55
"563351",2011-08-15 14:17:00.000,16902,18
"576677",2011-11-16 12:03:00.000,16393,34
"566163",2011-09-09 11:48:00.000,12637,60
"552269",2011-05-08 11:52:00.000,16121,56
"559418",2011-07-08 11:36:00.000,12681,18
"553727",2011-05-18 16:56:00.000,13531,33
"568132",2011-09-23 16:22:00.000,15549,55
"580691",2011-12-05 15:48:00.000,13790,33
"537484",2010-12-07 11:30:00.000,14733,54
"540680",2011-01-10 16:24:00.000,15311,34
"544685",2011-02-22 17:13:00.000,13285,34
"569423",2011-10-04 10:42:00.000,16882,56
"559255",2011-07-07 12:04:00.000,13027,35
"562437",2011-08-04 17:58:00.000,13047,35
"558552",2011-06-30 12:42:00.000,13694,52
"560222",2011-07-15 15:28:00.000,14293,55
"540508",2011-01-09 11:20:00.000,14810,60
"575509",2011-11-10 10:32:00.000,17101,54
"561076",2011-07-24 15:52:00.000,17696,34
"557326",2011-06-20 09:50:00.000,14194,52
"553503",2011-05-17 13:20:00.000,14606,52
"539981",2010-12-23 14:35:00.000,13304,18
"553201",2011-05-15 15:31:00.000,17758,54
"576560",2011-11-15 13:21:00.000,12877,60
"564109",2011-08-23 10:48:00.000,17450,54
"541011",2011-01-13 11:26:00.000,15447,60
"539633",2010-12-20 15:09:00.000,17230,56
"568210",2011-09-25 15:56:00.000,17159,54
"561801",2011-07-29 14:14:00.000,12981,52
"536399",2010-12-01 10:52:00.000,17850,60
"575966",2011-11-13 12:38:00.000,13984,35
"551194",2011-04-27 11:12:00.000,14606,52
"569965",2011-10-06 18:47:00.000,18109,34
"572461",2011-10-24 12:56:00.000,17344,53
"564065",2011-08-22 15:05:00.000,15150,60
C555246,2011-06-01 14:33:00.000,13662,34
"551888",2011-05-05 09:29:00.000,15304,55
"559900",2011-07-13 12:27:00.000,13089,9
"545593",2011-03-04 10:31:00.000,17581,18
"550662",2011-04-20 09:29:00.000,15078,55
"578817",2011-11-25 13:45:00.000,16764,36
"558043",2011-06-24 13:28:00.000,13425,55
"558642",2011-07-01 09:47:00.000,17667,53
"537593",2010-12-07 12:21:00.000,14282,36
"558641",2011-07-01 09:19:00.000,17865,33
C568570,2011-09-28 09:04:00.000,15358,60
"570677",2011-10-11 15:10:00.000,12836,35
"538501",2010-12-12 12:51:00.000,13715,52
"554868",2011-05-27 10:52:00.000,13135,53
"569322",2011-10-03 12:31:00.000,16912,59
"539032",2010-12-15 14:25:00.000,18050,54
"538093",2010-12-09 14:49:00.000,12682,59
C555354,2011-06-02 13:26:00.000,16566,52
"553525",2011-05-17 14:50:00.000,16266,54
C572119,2011-10-20 19:23:00.000,15598,18
"559782",2011-07-12 11:55:00.000,12722,54
"560262",2011-07-17 13:40:00.000,14224,53
"577757",2011-11-21 15:10:00.000,13755,18
"553848",2011-05-19 12:50:00.000,17364,9
"565839",2011-09-07 11:46:00.000,13186,36
"548533",2011-03-31 17:17:00.000,13883,36
"574700",2011-11-06 13:53:00.000,16033,54
"537773",2010-12-08 12:36:00.000,16016,33
C547851,2011-03-27 12:08:00.000,16782,55
"574467",2011-11-04 11:53:00.000,18172,9
"577011",2011-11-17 12:19:00.000,15657,55
"554834",2011-05-26 15:35:00.000,17416,54
C575592,2011-11-10 12:10:00.000,12619,33
"579949",2011-12-01 11:00:00.000,16700,35
C548485,2011-03-31 12:50:00.000,14051,52
"562283",2011-08-04 10:43:00.000,15249,34
C540470,2011-01-07 14:09:00.000,14505,56
C573306,2011-10-28 16:15:00.000,17837,35
"538040",2010-12-09 13:08:00.000,16520,35
"538744",2010-12-14 11:26:00.000,15356,53
"551897",2011-05-05 10:31:00.000,13711,35
"540416",2011-01-07 10:55:00.000,16473,52
"575978",2011-11-13 13:27:00.000,15903,54
"550183",2011-04-14 17:58:00.000,14105,9
"559658",2011-07-11 13:06:00.000,13003,52
"547108",2011-03-21 11:36:00.000,14659,52
"577105",2011-11-17 17:16:00.000,16076,35
"562039",2011-08-02 09:55:00.000,12593,36
"559070",2011-07-06 10:41:00.000,13468,56
"539087",2010-12-16 09:44:00.000,13093,34
"578942",2011-11-27 13:29:00.000,17288,59
"544804",2011-02-23 14:40:00.000,17504,60
"571733",2011-10-19 09:59:00.000,16187,33
"571905",2011-10-19 14:51:00.000,12370,59
"539646",2010-12-20 16:04:00.000,17230,18
C559743,2011-07-12 11:12:00.000,13599,60
"553574",2011-05-18 09:59:00.000,16422,34
"541114",2011-01-13 15:19:00.000,14299,35
"553170",2011-05-13 16:57:00.000,14676,53
"545158",2011-02-28 13:28:00.000,15874,60
"543413",2011-02-08 11:32:00.000,13098,55
"576323",2011-11-14 15:10:00.000,16161,52
"562928",2011-08-10 15:29:00.000,15494,34
C579918,2011-12-01 08:58:00.000,13410,53
"550488",2011-04-18 14:27:00.000,16729,54
C542413,2011-01-27 17:11:00.000,16923,34
"563690",2011-08-18 12:53:00.000,15152,59
"572617",2011-10-25 11:52:00.000,18272,54
"536572",2010-12-01 15:40:00.000,16539,34
"557772",2011-06-22 14:47:00.000,16458,34
"545276",2011-03-01 11:30:00.000,12933,55
"563697",2011-08-18 13:44:00.000,16813,55
"538080",2010-12-09 14:28:00.000,17646,56
C557882,2011-06-23 13:23:00.000,15061,54
"549999",2011-04-14 09:09:00.000,15813,54
"552261",2011-05-08 11:34:00.000,16807,9
"568215",2011-09-26 08:38:00.000,13390,35
"558628",2011-06-30 17:59:00.000,12626,60
"575332",2011-11-09 13:53:00.000,13209,54
"569859",2011-10-06 14:36:00.000,16814,53
"581310",2011-12-08 11:43:00.000,16442,35
"570269",2011-10-10 10:16:00.000,17227,33
C574525,2011-11-04 13:55:00.000,17841,60
C554344,2011-05-23 17:44:00.000,14032,53
C563258,2011-08-15 12:08:00.000,15311,59
"542922",2011-02-02 09:06:00.000,12682,54
"542375",2011-01-27 13:42:00.000,12626,56
"552887",2011-05-12 10:22:00.000,13092,33
"546665",2011-03-15 15:06:00.000,15867,56
"577355",2011-11-18 15:53:00.000,14911,18
"546917",2011-03-18 09:17:00.000,14911,60
"579269",2011-11-29 09:48:00.000,14601,36
"565674",2011-09-06 09:49:00.000,15271,33
C549919,2011-04-13 09:50:00.000,15201,9
"546155",2011-03-10 08:29:00.000,15632,34
"559935",2011-07-14 10:08:00.000,15125,18
"573082",2011-10-27 14:21:00.000,17173,9
"551314",2011-04-27 15:07:00.000,16333,60
"580831",2011-12-06 11:39:00.000,14418,56
"548542",2011-03-31 18:05:00.000,13918,36
C574248,2011-11-03 13:00:00.000,13925,55
"579689",2011-11-30 14:00:00.000,14606,9
"550126",2011-04-14 12:43:00.000,12853,18
"579365",2011-11-29 11:54:00.000,14173,18
"576591",2011-11-15 14:32:00.000,16422,60
"564325",2011-08-24 13:27:00.000,13694,36
"549592",2011-04-11 10:14:00.000,14311,52
C550176,2011-04-14 17:13:00.000,14619,9
C569949,2011-10-06 18:27:00.000,12584,53
"552764",2011-05-11 11:34:00.000,17489,36
"566821",2011-09-15 11:33:00.000,14227,34
"553573",2011-05-18 09:52:00.000,16446,34
C573098,2011-10-27 14:45:00.000,15088,33
C580263,2011-12-02 12:43:00.000,12536,36
"578626",2011-11-24 15:38:00.000,12709,36
"578285",2011-11-23 13:57:00.000,12748,53
"549522",2011-04-08 15:34:00.000,16873,35
"569323",2011-10-03 12:32:00.000,16912,56
"557933",2011-06-23 15:07:00.000,13014,18
"561228",2011-07-26 10:16:00.000,12431,9
"551438",2011-04-28 15:23:00.000,13408,52
"566232",2011-09-11 10:58:00.000,15159,53
"547719",2011-03-25 10:05:00.000,14404,56
"540647",2011-01-10 14:57:00.000,17406,53
C567543,2011-09-21 10:19:00.000,13418,55
"541429",2011-01-18 09:44:00.000,14688,56
C580702,2011-12-05 16:26:00.000,17404,9
C570447,2011-10-10 14:50:00.000,16791,36
"576050",2011-11-13 14:44:00.000,15022,52
"573132",2011-10-27 16:55:00.000,15189,36
"572866",2011-10-26 13:07:00.000,15005,59
"561355",2011-07-26 14:51:00.000,13090,35
C558559,2011-06-30 13:20:00.000,17648,56
"540174",2011-01-05 12:35:00.000,16353,59
C578367,2011-11-24 11:00:00.000,14640,34
"573136",2011-10-27 17:00:00.000,12709,56
"571228",2011-10-14 14:00:00.000,15132,33
"553709",2011-05-18 15:29:00.000,13767,54
"577303",2011-11-18 13:02:00.000,14390,56
"563260",2011-08-15 12:22:00.000,16668,60
"569302",2011-10-03 12:04:00.000,16205,53
"551150",2011-04-26 14:37:00.000,18144,52
"545048",2011-02-27 11:48:00.000,14810,53
C540360,2011-01-06 15:35:00.000,18041,36
"536859",2010-12-03 10:43:00.000,12841,55
"552860",2011-05-11 16:26:00.000,17889,33
"545305",2011-03-01 12:58:00.000,15257,56
C566671,2011-09-14 11:39:00.000,17841,35
"537396",2010-12-06 14:08:00.000,17223,33
"542778",2011-02-01 09:01:00.000,14496,36
"560264",2011-07-17 13:46:00.000,12833,53
"543839",2011-02-14 11:08:00.000,17811,52
"564047",2011-08-22 13:03:00.000,16952,9
"540813",2011-01-11 12:41:00.000,14669,53
"580306",2011-12-02 14:29:00.000,14250,59
"540387",2011-01-06 17:58:00.000,16306,52
"571903",2011-10-19 14:40:00.000,15754,33
"556500",2011-06-13 07:58:00.000,13468,18
"554085",2011-05-22 11:53:00.000,16945,60
"555576",2011-06-05 15:52:00.000,13410,54
"570409",2011-10-10 13:03:00.000,12682,60
"568792",2011-09-29 09:53:00.000,18192,36
"555285",2011-06-02 09:38:00.000,14298,59
"572237",2011-10-21 14:49:00.000,15152,53
"568547",2011-09-27 14:37:00.000,15568,35
C554531,2011-05-24 17:30:00.000,12463,56
"541571",2011-01-19 12:38:00.000,12841,35
"555932",2011-06-08 08:46:00.000,14217,60
"546253",2011-03-10 14:44:00.000,16080,60
"560357",2011-07-18 11:42:00.000,15527,59
"563438",2011-08-16 12:59:00.000,13743,52
C554690,2011-05-25 16:56:00.000,16871,59
"565293",2011-09-02 11:59:00.000,17857,35
"539579",2010-12-20 12:51:00.000,16713,54
"554631",2011-05-25 11:35:00.000,15882,56
C537853,2010-12-08 15:57:00.000,13370,36
C559939,2011-07-14 10:19:00.000,14426,55
"545521",2011-03-03 12:30:00.000,17995,60
"547686",2011-03-24 14:49:00.000,15513,60
"573546",2011-10-31 13:13:00.000,15974,52
"566257",2011-09-11 12:34:00.000,13324,34
"566299",2011-09-11 15:59:00.000,16871,33
"554639",2011-05-25 12:00:00.000,17955,59
"572060",2011-10-20 12:52:00.000,12569,9
"560597",2011-07-19 16:54:00.000,13798,56
"549721",2011-04-11 15:35:00.000,14911,59
"568536",2011-09-27 14:01:00.000,15061,54
"554999",2011-05-29 15:44:00.000,15547,36
"562422",2011-08-04 16:59:00.000,13218,52
"561170",2011-07-25 13:16:00.000,16027,36
"580504",2011-12-04 13:32:00.000,17936,52
"552656",2011-05-10 14:46:00.000,12712,52
"574299",2011-11-03 16:06:00.000,16746,59
C540346,2011-01-06 13:41:00.000,12471,60
"536603",2010-12-02 08:40:00.000,17850,9
"571735",2011-10-19 10:03:00.000,14229,54
"550346",2011-04-18 09:31:00.000,16639,33
"557431",2011-06-20 12:37:00.000,18260,34
"540530",2011-01-09 14:02:00.000,14755,33
"561467",2011-07-27 12:58:00.000,14040,56
C545432,2011-03-02 15:15:00.000,14657,9
"577121",2011-11-17 18:29:00.000,12681,9
"552950",2011-05-12 12:01:00.000,16116,60
C543779,2011-02-11 16:32:00.000,15240,35
"536534",2010-12-01 13:33:00.000,15350,52
"580311",2011-12-02 14:48:00.000,18245,55
C562020,2011-08-01 15:13:00.000,16774,33
"555574",2011-06-05 15:46:00.000,12417,9
"545684",2011-03-06 11:52:00.000,15606,18
"560872",2011-07-21 14:41:00.000,14745,35
"536884",2010-12-03 11:42:00.000,14589,52
"574246",2011-11-03 12:49:00.000,14849,34
"571933",2011-10-20 08:19:00.000,13199,18
"553736",2011-05-19 08:33:00.000,14735,35
C539069,2010-12-15 16:57:00.000,12947,9
"550033",2011-04-14 11:45:00.000,15005,52
"541690",2011-01-20 16:17:00.000,15422,60
"574739",2011-11-06 16:04:00.000,16357,53
"574353",2011-11-04 10:46:00.000,14659,36
C558436,2011-06-29 12:45:00.000,15805,35
C576788,2011-11-16 13:56:00.000,15344,54
"560712",2011-07-20 13:06:00.000,14456,35
"579258",2011-11-29 08:21:00.000,15148,56
"578852",2011-11-27 11:12:00.000,17841,54
"580663",2011-12-05 14:01:00.000,15621,55
"579179",2011-11-28 15:02:00.000,17237,34
"555871",2011-06-07 15:04:00.000,18073,60
"557792",2011-06-22 16:44:00.000,16987,55
"550939",2011-04-21 15:25:00.000,16146,53
"575068",2011-11-08 12:46:00.000,14282,54
"568183",2011-09-25 13:47:00.000,13991,35
"576066",2011-11-13 15:44:00.000,16898,55
"566728",2011-09-14 13:15:00.000,15841,56
"540750",2011-01-11 10:26:00.000,16351,52
"579499",2011-11-29 15:59:00.000,17682,35
"577326",2011-11-18 14:08:00.000,14646,18
"575684",2011-11-10 15:57:00.000,14397,53
"538592",2010-12-13 11:47:00.000,15854,36
"569029",2011-09-30 10:25:00.000,17450,52
C560860,2011-07-21 13:30:00.000,13668,36
"571286",2011-10-16 14:35:00.000,14547,54
"548470",2011-03-31 12:36:00.000,12782,34
"560569",2011-07-19 14:04:00.000,12480,55
"573928",2011-11-02 10:07:00.000,16839,53
"568174",2011-09-25 13:23:00.000,16261,33
"566256",2011-09-11 12:27:00.000,12680,56
C558903,2011-07-04 16:09:00.000,13115,54
"548267",2011-03-30 11:32:00.000,16954,55
"547405",2011-03-23 08:22:00.000,17705,35
"546760",2011-03-16 14:00:00.000,12597,59
"581192",2011-12-07 17:05:00.000,15883,56
"569036",2011-09-30 10:44:00.000,18217,33
"557235",2011-06-17 14:45:00.000,17204,56
C577149,2011-11-18 09:44:00.000,17034,33
C571927,2011-10-19 16:41:00.000,13109,35
C558522,2011-06-30 10:33:00.000,15932,35
"552830",2011-05-11 13:49:00.000,15187,36
"569122",2011-09-30 13:06:00.000,12694,52
"552023",2011-05-05 17:59:00.000,17624,34
"565088",2011-09-01 10:11:00.000,16145,18
"544934",2011-02-25 09:01:00.000,13345,60
C542640,2011-01-31 11:22:00.000,16839,18
"555560",2011-06-05 14:20:00.000,17346,54
"545705",2011-03-07 09:00:00.000,15554,59
"554315",2011-05-23 15:29:00.000,16086,9
"568955",2011-09-29 15:40:00.000,13759,60
"567971",2011-09-23 10:04:00.000,16681,35
"542597",2011-01-30 10:33:00.000,16326,34
C575573,2011-11-10 11:34:00.000,16705,35
"562085",2011-08-02 12:27:00.000,15228,56
"568578",2011-09-28 09:43:00.000,15301,9
"546984",2011-03-18 12:35:00.000,15019,56
"559123",2011-07-06 12:26:00.000,17341,55
"574289",2011-11-03 15:16:00.000,17750,60
"558234",2011-06-27 14:37:00.000,18073,56
C549899,2011-04-12 16:07:00.000,14961,60
"572677",2011-10-25 13:46:00.000,17596,56
"576891",2011-11-16 17:26:00.000,12662,18
"543976",2011-02-14 15:26:00.000,13089,59
"554008",2011-05-20 12:31:00.000,17455,36
"546724",2011-03-16 11:02:00.000,12845,59
C541828,2011-01-21 17:06:00.000,13769,34
"570130",2011-10-07 13:40:00.000,12885,55
"553184",2011-05-15 12:33:00.000,13232,35
"537888",2010-12-09 10:04:00.000,15358,53
C559149,2011-07-06 14:47:00.000,17469,54
"559768",2011-07-12 11:35:00.000,13207,35
"574709",2011-11-06 14:14:00.000,17768,18
"565216",2011-09-01 17:38:00.000,12971,33
"546857",2011-03-17 14:19:00.000,12937,59
"556961",2011-06-16 09:34:00.000,16276,56
"568321",2011-09-26 13:36:00.000,13639,60
"541789",2011-01-21 13:07:00.000,14088,55
"550339",2011-04-17 15:40:00.000,17697,56
"547381",2011-03-22 15:25:00.000,18041,52
"566518",2011-09-13 11:24:00.000,17779,52
"556127",2011-06-09 10:23:00.000,12406,54
C572538,2011-10-24 16:10:00.000,14121,53
C563856,2011-08-19 15:39:00.000,13090,54
"581057",2011-12-07 11:03:00.000,16817,56
"578997",2011-11-27 16:02:00.000,18001,54
"572487",2011-10-24 13:52:00.000,15801,9
C558313,2011-06-28 11:31:00.000,13870,35
"560545",2011-07-19 12:38:00.000,12569,56
"548704",2011-04-03 11:45:00.000,17381,59
"575209",2011-11-09 10:31:00.000,14214,53
"577440",2011-11-20 11:11:00.000,14477,36
C538703,2010-12-14 10:29:00.000,17519,53
"566018",2011-09-08 12:42:00.000,13137,55
"562047",2011-08-02 10:38:00.000,17788,55
"540383",2011-01-06 17:47:00.000,16422,35
"566576",2011-09-13 13:21:00.000,13098,53
"571426",2011-10-17 12:41:00.000,15179,33
"550620",2011-04-19 13:39:00.000,12585,53
"564058",2011-08-22 14:23:00.000,17676,52
"563753",2011-08-19 10:51:00.000,12513,55
C546313,2011-03-10 18:18:00.000,13094,33
"546157",2011-03-10 08:40:00.000,13502,53
"545279",2011-03-01 11:36:00.000,17811,36
"547837",2011-03-27 10:26:00.000,17243,34
"571698",2011-10-18 14:50:00.000,13805,34
C539943,2010-12-23 11:36:00.000,14032,35
"557620",2011-06-21 13:58:00.000,14408,59
"567236",2011-09-19 11:33:00.000,14735,59
C579864,2011-11-30 16:37:00.000,12584,9
"567700",2011-09-22 09:33:00.000,16379,53
"568230",2011-09-26 11:05:00.000,12925,18
"553363",2011-05-16 14:19:00.000,13650,9
"550911",2011-04-21 13:11:00.000,12354,35
"580956",2011-12-06 14:23:00.000,17841,53
C580165,2011-12-02 11:21:00.000,12359,9
"558993",2011-07-05 11:49:00.000,16729,18
"561085",2011-07-25 09:26:00.000,14367,59
"554709",2011-05-26 10:35:00.000,15769,59
C538694,2010-12-14 10:00:00.000,16143,60
"580600",2011-12-05 11:13:00.000,12841,54
"574099",2011-11-03 10:05:00.000,12808,52
"567854",2011-09-22 13:37:00.000,14038,53
C551513,2011-04-28 19:52:00.000,16592,36
"561803",2011-07-29 14:39:00.000,17926,54
"558389",2011-06-29 10:18:00.000,14383,60
C574057,2011-11-02 14:10:00.000,14102,60
"580189",2011-12-02 12:02:00.000,16353,33
C568601,2011-09-28 11:22:00.000,15696,9
"552259",2011-05-08 11:13:00.000,15796,18
C547234,2011-03-21 16:21:00.000,12428,9
"571199",2011-10-14 12:19:00.000,17949,9
"542386",2011-01-27 14:35:00.000,17540,35
"575410",2011-11-09 15:50:00.000,17705,35
"568668",2011-09-28 13:00:00.000,15750,55
"578304",2011-11-23 15:41:00.000,13831,53
"572230",2011-10-21 14:29:00.000,15740,59
"536762",2010-12-02 14:40:00.000,16186,56
"550617",2011-04-19 13:03:00.000,13376,18
C543662,2011-02-11 10:49:00.000,14441,53
"579543",2011-11-30 10:14:00.000,14653,33
"563353",2011-08-15 14:32:00.000,15480,52
"556072",2011-06-08 14:57:00.000,16126,56
"554009",2011-05-20 12:38:00.000,12935,34
"574887",2011-11-07 14:13:00.000,13717,36
"570007",2011-10-07 09:26:00.000,12519,54
"549558",2011-04-10 13:21:00.000,15058,34
"565239",2011-09-02 09:51:00.000,12670,33
"539078",2010-12-16 08:10:00.000,13408,56
C572481,2011-10-24 13:48:00.000,15632,9
"558263",2011-06-28 08:50:00.000,14646,52
"561693",2011-07-29 09:48:00.000,15120,55
"541408",2011-01-17 15:42:00.000,15738,52
"561641",2011-07-28 15:03:00.000,15939,18
"559305",2011-07-07 12:56:00.000,17892,36
"554483",2011-05-24 12:57:00.000,13771,56
"542596",2011-01-30 10:27:00.000,14532,54
"580117",2011-12-01 16:28:00.000,14655,18
"544305",2011-02-17 13:54:00.000,15044,53
"567292",2011-09-19 11:59:00.000,14606,53
C552704,2011-05-10 16:05:00.000,13098,53
C562147,2011-08-03 10:47:00.000,16180,52
C561227,2011-07-26 10:15:00.000,12431,56
"559302",2011-07-07 12:47:00.000,14527,53
"540096",2011-01-04 15:43:00.000,13253,54
"554064",2011-05-22 10:29:00.000,14195,60
"569086",2011-09-30 11:58:00.000,17949,56
"570273",2011-10-10 10:51:00.000,13373,52
"560720",2011-07-20 13:31:00.000,17677,59
"555158",2011-06-01 08:38:00.000,14842,9
"578310",2011-11-23 16:22:00.000,17434,56
C567527,2011-09-21 09:16:00.000,17450,60
"536521",2010-12-01 12:48:00.000,12748,53
"543538",2011-02-09 13:57:00.000,16143,52
"537040",2010-12-05 10:27:00.000,13089,9
"553658",2011-05-18 11:42:00.000,16818,36
"565936",2011-09-08 10:49:00.000,15653,9
"574090",2011-11-03 09:17:00.000,17442,18
"572134",2011-10-21 10:13:00.000,12500,60
"574908",2011-11-07 15:37:00.000,16009,55
"547444",2011-03-23 10:55:00.000,12811,18
"540489",2011-01-07 16:32:00.000,13593,36
"578147",2011-11-23 11:09:00.000,12748,35
"570664",2011-10-11 14:21:00.000,16362,35
"537649",2010-12-07 15:48:00.000,13807,18
"551998",2011-05-05 15:48:00.000,14099,34
"579286",2011-11-29 10:57:00.000,17772,53
"544453",2011-02-20 13:06:00.000,17214,9
C557047,2011-06-16 14:36:00.000,13488,56
"542153",2011-01-26 10:33:00.000,13534,52
"550924",2011-04-21 14:33:00.000,12664,34
"545046",2011-02-27 11:42:00.000,16598,9
"566629",2011-09-14 10:32:00.000,15622,53
"555266",2011-06-01 16:12:00.000,15611,56
"558760",2011-07-03 12:38:00.000,16918,56
"564374",2011-08-25 10:00:00.000,16589,59
C537834,2010-12-08 14:54:00.000,13267,18
C557111,2011-06-16 16:27:00.000,17865,9
"538634",2010-12-13 13:28:00.000,14085,35
"563571",2011-08-17 14:58:00.000,15541,56
"540662",2011-01-10 15:16:00.000,13767,33
"536632",2010-12-02 11:02:00.000,14388,60
C566209,2011-09-09 15:04:00.000,16362,59
"542381",2011-01-27 14:07:00.000,17213,35
"573911",2011-11-01 15:40:00.000,17315,59
"550250",2011-04-15 11:36:00.000,18171,36
"578922",2011-11-27 12:00:00.000,17236,54
"546856",2011-03-17 14:12:00.000,15433,56
"544647",2011-02-22 12:13:00.000,14060,18
"566227",2011-09-11 10:42:00.000,14258,52
"546646",2011-03-15 13:49:00.000,13716,36
"570910",2011-10-13 10:55:00.000,15489,33
"557264",2011-06-19 11:09:00.000,13618,33
"542777",2011-02-01 08:31:00.000,14911,33
"559137",2011-07-06 13:25:00.000,17861,53
"542543",2011-01-28 14:42:00.000,13141,34
"542345",2011-01-27 11:55:00.000,15910,33
C566468,2011-09-12 18:14:00.000,13319,60
"560244",2011-07-17 12:14:00.000,16931,55
"558778",2011-07-04 10:27:00.000,17160,54
C570958,2011-10-13 11:30:00.000,16873,59
"575757",2011-11-11 10:49:00.000,17295,18
"557671",2011-06-22 10:11:00.000,13849,9
C539655,2010-12-20 17:07:00.000,13089,36
"560266",2011-07-17 13:54:00.000,17389,52
"548455",2011-03-31 11:49:00.000,14790,9
"566041",2011-09-08 13:48:00.000,13814,59
"542226",2011-01-26 13:20:00.000,17075,33
"563684",2011-08-18 12:23:00.000,17386,9
"565598",2011-09-05 14:30:00.000,14842,9
"578335",2011-11-24 09:06:00.000,17481,59
"550996",2011-04-26 08:57:00.000,16681,52
"557958",2011-06-23 19:27:00.000,16161,9
"554713",2011-05-26 10:43:00.000,12654,9
"552456",2011-05-09 14:40:00.000,13999,56
"540664",2011-01-10 15:18:00.000,15044,18
"555527",2011-06-05 11:44:00.000,14364,18
C563218,2011-08-14 14:15:00.000,16401,33
"553468",2011-05-17 11:14:00.000,16029,53
"580090",2011-12-01 14:36:00.000,13323,56
"561324",2011-07-26 13:45:00.000,14414,55
"578004",2011-11-22 12:38:00.000,17155,18
C562773,2011-08-09 12:18:00.000,17841,52
"578806",2011-11-25 13:09:00.000,13149,34
"554367",2011-05-24 10:24:00.000,13089,52
"556731",2011-06-14 11:41:00.000,18283,52
"539594",2010-12-20 13:31:00.000,17621,56
"559926",2011-07-13 16:48:00.000,17644,56
"549942",2011-04-13 12:04:00.000,12971,52
"563922",2011-08-21 14:10:00.000,14529,33
"577357",2011-11-18 15:54:00.000,13098,53
"549302",2011-04-08 08:25:00.000,14246,33
"558456",2011-06-29 13:59:00.000,17063,52
"575702",2011-11-10 16:59:00.000,17109,34
"563476",2011-08-16 15:22:00.000,17682,56
"577328",2011-11-18 14:14:00.000,14088,18
"561236",2011-07-26 10:27:00.000,15159,55
C547168,2011-03-21 12:10:00.000,13593,9
"557940",2011-06-23 15:48:00.000,18017,9
"537758",2010-12-08 11:41:00.000,16122,53
"560538",2011-07-19 12:19:00.000,16128,55
"550991",2011-04-21 18:59:00.000,14060,18
"570190",2011-10-07 15:18:00.000,13456,36
"565747",2011-09-06 12:38:00.000,14239,55
"568916",2011-09-29 14:08:00.000,15452,35
C538376,2010-12-12 11:21:00.000,16393,18
"539142",2010-12-16 11:35:00.000,14849,59
C573021,2011-10-27 12:39:00.000,14911,56
"546113",2011-03-09 13:18:00.000,14344,36
"574523",2011-11-04 13:51:00.000,18167,56
"548631",2011-04-01 12:24:00.000,13184,9
"543041",2011-02-02 17:08:00.000,16405,36
"542795",2011-02-01 10:59:00.000,18055,34
C577683,2011-11-21 10:51:00.000,14493,52
"575338",2011-11-09 14:15:00.000,17867,34
"561902",2011-07-31 15:50:00.000,17404,56
"550671",2011-04-20 10:10:00.000,12457,56
"580937",2011-12-06 14:13:00.000,16143,52
"563578",2011-08-17 15:11:00.000,12949,18
"569887",2011-10-06 15:28:00.000,13882,36
"552134",2011-05-06 11:50:00.000,14944,18
"541606",2011-01-20 09:25:00.000,14784,55
"566017",2011-09-08 12:27:00.000,13330,56
C550300,2011-04-17 10:10:00.000,17243,9
"561395",2011-07-27 10:29:00.000,13999,34
"569835",2011-10-06 13:05:00.000,15518,59
C575058,2011-11-08 12:25:00.000,16013,35
"569861",2011-10-06 14:37:00.000,13816,34
"536793",2010-12-02 15:39:00.000,16203,54
"564079",2011-08-22 15:55:00.000,12627,53
"572023",2011-10-20 11:03:00.000,17764,54
"568322",2011-09-26 13:41:00.000,15958,9
"579518",2011-11-29 18:05:00.000,12748,35
"544605",2011-02-22 09:13:00.000,17512,54
"573070",2011-10-27 13:59:00.000,13263,53
"552240",2011-05-06 17:04:00.000,13723,55
"544892",2011-02-24 12:00:00.000,14527,18
"571283",2011-10-16 13:51:00.000,16533,59
C539448,2010-12-17 16:25:00.000,15157,60
"541269",2011-01-17 11:01:00.000,12626,60
"563111",2011-08-12 11:08:00.000,15249,9
"543478",2011-02-08 15:38:00.000,13798,53
"566670",2011-09-14 11:36:00.000,18065,52
"580355",2011-12-02 16:04:00.000,13953,55
"550303",2011-04-17 10:21:00.000,18213,52
C549049,2011-04-06 10:15:00.000,17677,54
"579017",2011-11-28 10:02:00.000,15571,53
C575224,2011-11-09 11:41:00.000,17511,9
"553755",2011-05-19 10:32:00.000,17457,35
"558918",2011-07-05 09:53:00.000,15646,36
"580759",2011-12-06 10:30:00.000,17593,36
"572210",2011-10-21 12:12:00.000,13755,9
C565581,2011-09-05 12:37:00.000,14565,54
"572063",2011-10-20 12:57:00.000,14606,35
"542812",2011-02-01 11:21:00.000,14850,18
C549533,2011-04-08 17:08:00.000,12408,9
"543246",2011-02-04 14:14:00.000,17315,34
"538828",2010-12-14 13:00:00.000,14298,59
"574017",2011-11-02 12:04:00.000,16014,36
"564901",2011-08-31 11:40:00.000,15690,33
"555401",2011-06-02 17:51:00.000,14088,18
"545428",2011-03-02 14:43:00.000,14239,35
"544702",2011-02-23 10:27:00.000,17135,18
"564734",2011-08-28 13:32:00.000,12484,59
C556635,2011-06-13 15:25:00.000,13505,9
C562618,2011-08-08 12:32:00.000,13186,34
"565128",2011-09-01 12:34:00.000,15189,33
"570818",2011-10-12 12:47:00.000,17841,53
"550158",2011-04-14 15:39:00.000,13989,55
"562378",2011-08-04 15:07:00.000,15046,35
C552556,2011-05-10 11:21:00.000,17504,53
"579526",2011-11-30 08:38:00.000,18058,60
"557805",2011-06-23 10:27:00.000,17651,35
"573917",2011-11-01 17:08:00.000,18135,55
"577182",2011-11-18 11:39:00.000,16945,36
"567957",2011-09-23 09:00:00.000,16136,59
"537235",2010-12-06 09:45:00.000,17381,34
"578270",2011-11-23 13:39:00.000,14096,52
"562100",2011-08-02 14:00:00.000,13437,18
"546110",2011-03-09 12:38:00.000,17770,54
"538181",2010-12-10 10:08:00.000,17076,60
"581570",2011-12-09 11:59:00.000,12662,34
"562562",2011-08-05 17:43:00.000,16271,53
C565402,2011-09-02 17:51:00.000,16401,53
"554088",2011-05-22 12:12:00.000,16801,54
"573102",2011-10-27 14:52:00.000,13266,54
"543294",2011-02-07 11:39:00.000,17849,56
"573409",2011-10-30 16:00:00.000,14112,36
"565204",2011-09-01 16:45:00.000,15829,60
"546668",2011-03-15 15:33:00.000,14735,53
"579262",2011-11-29 09:13:00.000,13599,55
"560237",2011-07-17 11:27:00.000,15281,60
"550276",2011-04-15 12:48:00.000,12989,60
C579970,2011-12-01 11:13:00.000,14388,18
"560689",2011-07-20 11:55:00.000,15039,54
"575516",2011-11-10 10:45:00.000,17340,52
"544819",2011-02-23 17:15:00.000,12748,35
"544667",2011-02-22 15:09:00.000,17511,36
"574302",2011-11-03 16:28:00.000,13914,54
"565467",2011-09-05 09:49:00.000,14129,60
"576327",2011-11-14 15:19:00.000,12476,35
"580053",2011-12-01 13:03:00.000,12912,56
C543761,2011-02-11 15:13:00.000,12943,34
"575415",2011-11-09 15:51:00.000,16168,34
"547648",2011-03-24 11:44:00.000,15144,52
C567703,2011-09-22 09:38:00.000,15810,18
"560547",2011-07-19 12:39:00.000,17419,18
C548350,2011-03-30 14:49:00.000,15648,60
"546250",2011-03-10 14:14:00.000,14350,53
"578152",2011-11-23 11:21:00.000,16954,35
"545032",2011-02-25 15:37:00.000,14051,56
"556182",2011-06-09 11:35:00.000,16892,35
"569111",2011-09-30 12:45:00.000,17675,59
"565580",2011-09-05 12:36:00.000,13851,54
"562447",2011-08-04 19:20:00.000,15251,53
C579891,2011-12-01 08:18:00.000,13644,35
"562913",2011-08-10 13:19:00.000,17042,56
"564860",2011-08-31 10:06:00.000,17725,60
"574052",2011-11-02 13:50:00.000,16706,53
"547888",2011-03-28 09:59:00.000,13368,60
"571406",2011-10-17 12:12:00.000,13871,59
"567818",2011-09-22 12:41:00.000,14395,35
"578358",2011-11-24 10:35:00.000,15482,56
C561211,2011-07-25 16:58:00.000,15544,59
C575565,2011-11-10 11:22:00.000,14401,56
"567669",2011-09-21 15:32:00.000,14887,54
"559164",2011-07-06 16:39:00.000,16422,18
"577314",2011-11-18 13:23:00.000,12444,54
"554791",2011-05-26 12:12:00.000,14911,60
"566482",2011-09-13 09:43:00.000,16609,18
"551951",2011-05-05 11:46:00.000,18094,54
C570556,2011-10-11 11:10:00.000,16029,33
"574899",2011-11-07 15:10:00.000,14426,52
"555383",2011-06-02 15:13:00.000,12517,54
"577409",2011-11-20 10:53:00.000,16779,36
C555355,2011-06-02 13:27:00.000,15841,35
"548010",2011-03-29 11:04:00.000,14646,52
"557466",2011-06-20 13:08:00.000,13815,56
"556629",2011-06-13 14:55:00.000,14841,60
"552882",2011-05-12 10:10:00.000,14646,34
"552645",2011-05-10 13:26:00.000,16791,18
"577733",2011-11-21 13:10:00.000,15163,59
C566752,2011-09-14 15:46:00.000,14397,54
"549733",2011-04-11 16:56:00.000,17827,52
"564223",2011-08-24 09:46:00.000,13013,53
"571444",2011-10-17 13:44:00.000,18179,52
"547389",2011-03-22 16:08:00.000,16721,9
"575197",2011-11-09 09:42:00.000,16767,52
C575679,2011-11-10 15:23:00.000,16863,18
"537435",2010-12-06 16:58:00.000,17920,9
"560974",2011-07-22 11:55:00.000,14426,36
"555650",2011-06-06 13:48:00.000,14156,9
"547078",2011-03-20 14:41:00.000,14408,18
"557766",2011-06-22 14:24:00.000,16566,34
"576923",2011-11-17 10:52:00.000,12753,52
C538082,2010-12-09 14:30:00.000,13777,59
"566026",2011-09-08 12:56:00.000,15618,18
"537653",2010-12-07 15:54:00.000,17897,35
C553024,2011-05-12 19:28:00.000,13136,36
"578346",2011-11-24 09:24:00.000,15270,60
"554073",2011-05-22 11:26:00.000,17007,55
"556967",2011-06-16 10:04:00.000,17193,9
"551133",2011-04-26 13:00:00.000,16656,60
"551301",2011-04-27 14:49:00.000,17675,18
"573878",2011-11-01 13:20:00.000,14243,9
"537659",2010-12-07 16:43:00.000,18102,18
"576676",2011-11-16 12:03:00.000,16855,9
"572695",2011-10-25 14:23:00.000,12610,52
"543022",2011-02-02 14:37:00.000,16771,52
"536624",2010-12-02 10:45:00.000,13418,59
"557739",2011-06-22 11:43:00.000,13780,60
"564137",2011-08-23 11:30:00.000,15722,53
"545042",2011-02-27 10:41:00.000,13261,54
"574586",2011-11-06 10:15:00.000,14882,35
"553371",2011-05-16 14:32:00.000,17288,60
"547866",2011-03-27 13:21:00.000,14878,33
"576690",2011-11-16 12:19:00.000,15900,52
C555197,2011-06-01 11:45:00.000,17739,55
"539314",2010-12-16 18:20:00.000,13874,35
C538693,2010-12-14 09:59:00.000,16558,59
"573333",2011-10-30 11:34:00.000,12483,18
"579263",2011-11-29 09:14:00.000,13599,9
"580156",2011-12-02 10:32:00.000,14897,55
"559677",2011-07-11 14:40:00.000,17340,56
"556822",2011-06-15 10:22:00.000,17155,55
"562347",2011-08-04 12:22:00.000,13263,36
"574883",2011-11-07 13:56:00.000,14623,56
"544899",2011-02-24 12:32:00.000,13118,60
C537814,2010-12-08 13:43:00.000,12712,18
"557133",2011-06-17 09:11:00.000,17306,34
"559057",2011-07-06 09:46:00.000,13089,36
C550966,2011-04-21 16:57:00.000,17663,52
C576866,2011-11-16 16:09:00.000,16278,60
C563603,2011-08-18 06:28:00.000,17302,53
"551822",2011-05-04 12:26:00.000,13524,56
"559205",2011-07-07 11:10:00.000,18073,54
"538851",2010-12-14 13:32:00.000,16556,18
"559508",2011-07-08 15:23:00.000,12748,36
C548576,2011-04-01 10:46:00.000,15696,59
"553181",2011-05-15 11:43:00.000,16168,55
"556204",2011-06-09 13:16:00.000,17169,54
"568171",2011-09-25 13:10:00.000,15312,53
"552013",2011-05-05 17:34:00.000,12451,18
C558249,2011-06-27 16:59:00.000,17562,54
"553662",2011-05-18 12:07:00.000,14758,35
C537746,2010-12-08 11:03:00.000,15021,60
C542910,2011-02-01 15:38:00.000,17511,9
"544282",2011-02-17 12:24:00.000,17865,35
"552532",2011-05-10 09:39:00.000,15615,55
"552296",2011-05-08 14:09:00.000,15518,52
"571418",2011-10-17 12:35:00.000,16412,35
C563752,2011-08-19 10:38:00.000,12362,18
C549430,2011-04-08 12:09:00.000,13846,56
"570554",2011-10-11 11:02:00.000,14800,56
"556892",2011-06-15 12:50:00.000,17581,53
"570648",2011-10-11 13:09:00.000,16086,34
"538504",2010-12-12 13:01:00.000,16011,52
"558633",2011-06-30 19:13:00.000,16745,18
C556676,2011-06-13 17:18:00.000,13397,35
"566082",2011-09-09 10:09:00.000,16293,59
"553169",2011-05-13 16:26:00.000,15159,18
"569001",2011-09-29 17:52:00.000,12703,60
"566085",2011-09-09 10:12:00.000,17841,53
"566052",2011-09-08 14:53:00.000,13199,54
"569487",2011-10-04 12:55:00.000,13351,33
"573270",2011-10-28 13:00:00.000,17418,54
"561119",2011-07-25 12:34:00.000,17719,55
C548976,2011-04-05 11:50:00.000,17725,33
"574734",2011-11-06 15:20:00.000,15025,60
"566245",2011-09-11 11:59:00.000,13426,18
"538518",2010-12-12 16:14:00.000,14505,60
"579121",2011-11-28 12:01:00.000,17299,53
C570486,2011-10-10 17:11:00.000,14533,34
"562718",2011-08-08 16:07:00.000,18241,60
"559657",2011-07-11 13:05:00.000,16701,35
"564849",2011-08-30 15:42:00.000,17675,34
"552364",2011-05-09 12:25:00.000,13004,52
"550188",2011-04-14 18:57:00.000,12457,56
"544354",2011-02-18 10:42:00.000,13489,60
"581496",2011-12-09 10:20:00.000,16558,35
"539946",2010-12-23 11:46:00.000,13817,53
"566361",2011-09-12 12:32:00.000,15253,34
"543594",2011-02-10 12:15:00.000,18093,56
"539254",2010-12-16 14:25:00.000,13199,34
"544104",2011-02-16 10:34:00.000,14665,53
"556125",2011-06-09 10:20:00.000,12947,59
C545650,2011-03-04 13:14:00.000,15311,52
"541594",2011-01-19 15:30:00.000,14916,53
C555730,2011-06-06 16:51:00.000,14625,54
"544688",2011-02-23 08:29:00.000,18151,33
C545836,2011-03-07 13:19:00.000,14606,59
C538699,2010-12-14 10:23:00.000,16422,36
"550290",2011-04-15 14:45:00.000,15246,56
"578040",2011-11-22 14:21:00.000,13322,33
"555280",2011-06-02 09:02:00.000,17162,52
"551835",2011-05-04 13:17:00.000,17646,18
"547065",2011-03-20 13:38:00.000,17068,35
"558557",2011-06-30 13:17:00.000,13282,52
"566733",2011-09-14 13:54:00.000,15103,36
C539114,2010-12-16 11:24:00.000,12494,36
"573583",2011-10-31 14:29:00.000,14167,53
"560212",2011-07-15 14:58:00.000,14722,18
"557124",2011-06-16 18:19:00.000,16359,52
"536619",2010-12-02 10:18:00.000,17017,60
C551521,2011-05-01 11:58:00.000,16401,55
"548673",2011-04-01 16:18:00.000,13767,60
"580632",2011-12-05 12:16:00.000,16360,33
"563100",2011-08-12 09:57:00.000,12381,9
C567359,2011-09-19 16:33:00.000,15201,35
"561908",2011-08-01 10:09:00.000,14239,33
"542401",2011-01-27 15:51:00.000,14541,18
"551218",2011-04-27 11:41:00.000,18077,54
"573339",2011-10-30 11:49:00.000,13278,56
"555289",2011-06-02 10:00:00.000,15078,18
"539641",2010-12-20 15:30:00.000,15311,34
"559711",2011-07-12 10:46:00.000,13590,18
"580162",2011-12-02 10:52:00.000,12856,35
"561952",2011-08-01 13:02:00.000,12949,18
"579196",2011-11-28 15:54:00.000,14096,18
"575945",2011-11-13 11:48:00.000,15864,33
"553120",2011-05-13 12:12:00.000,17139,35
C537838,2010-12-08 15:01:00.000,13115,55
"577295",2011-11-18 12:46:00.000,12682,52
"553227",2011-05-16 10:46:00.000,14211,34
"544412",2011-02-18 14:21:00.000,16531,36
"547359",2011-03-22 12:27:00.000,15719,18
C568587,2011-09-28 10:15:00.000,18225,18
C578132,2011-11-23 10:50:00.000,15502,53
"552263",2011-05-08 11:38:00.000,15561,56
"555017",2011-05-31 11:14:00.000,16801,59
C567536,2011-09-21 09:52:00.000,14284,54
"561584",2011-07-28 10:38:00.000,13534,36
"543651",2011-02-11 10:06:00.000,16306,33
C541868,2011-01-24 09:30:00.000,14796,9
"558421",2011-06-29 11:47:00.000,15611,60
C545840,2011-03-07 13:35:00.000,13089,9
"539717",2010-12-21 13:03:00.000,15208,36
"538310",2010-12-10 13:44:00.000,15529,54
"555007",2011-05-31 09:52:00.000,13694,60
"552018",2011-05-05 17:42:00.000,16817,34
"555476",2011-06-03 12:17:00.000,16593,36
"578086",2011-11-22 16:43:00.000,17519,35
"580374",2011-12-02 17:12:00.000,17584,55
"571248",2011-10-14 16:05:00.000,15826,36
"566025",2011-09-08 12:55:00.000,17634,9
"556641",2011-06-13 15:44:00.000,13663,56
C564964,2011-08-31 15:00:00.000,17315,33
"571556",2011-10-18 09:24:00.000,12662,53
"553146",2011-05-13 13:52:00.000,14873,9
"578063",2011-11-22 15:36:00.000,16929,53
"547990",2011-03-29 09:53:00.000,15589,18
"552953",2011-05-12 12:11:00.000,16745,18
"563013",2011-08-11 12:01:00.000,12993,18
"565440",2011-09-04 14:06:00.000,12709,34
C547992,2011-03-29 09:58:00.000,18225,54
"568167",2011-09-25 12:45:00.000,15706,56
"569858",2011-10-06 14:33:00.000,12939,55
"543009",2011-02-02 13:11:00.000,18041,9
"557763",2011-06-22 14:10:00.000,17669,60
"536968",2010-12-03 13:09:00.000,16013,56
"571863",2011-10-19 13:49:00.000,15468,36
"540838",2011-01-11 15:13:00.000,13862,35
"575920",2011-11-11 17:01:00.000,15473,33
C561598,2011-07-28 11:27:00.000,13109,54
"537774",2010-12-08 12:40:00.000,14060,60
"551337",2011-04-27 16:54:00.000,16418,34
"580259",2011-12-02 12:32:00.000,13705,59
"580029",2011-12-01 12:13:00.000,15380,60
"541244",2011-01-16 12:35:00.000,15535,60
"579150",2011-11-28 13:25:00.000,13408,34
"548747",2011-04-04 12:17:00.000,15223,33
"564371",2011-08-25 09:53:00.000,17705,60
"556397",2011-06-10 11:52:00.000,16029,56
"551393",2011-04-28 12:22:00.000,14973,9
"580889",2011-12-06 12:27:00.000,14071,18
"557960",2011-06-23 19:46:00.000,15453,52
"573442",2011-10-31 10:42:00.000,12488,9
C547410,2011-03-23 09:02:00.000,18183,34
"573420",2011-10-31 09:48:00.000,18223,54
"565920",2011-09-08 08:56:00.000,15298,36
"578946",2011-11-27 13:47:00.000,16005,18
"539766",2010-12-22 11:11:00.000,14092,60
"552528",2011-05-09 16:59:00.000,17218,54
"552852",2011-05-11 15:08:00.000,16712,33
C558361,2011-06-28 15:13:00.000,15128,18
"553572",2011-05-18 09:37:00.000,18223,34
"571306",2011-10-17 09:57:00.000,16701,53
C554336,2011-05-23 17:20:00.000,12474,52
"552824",2011-05-11 13:16:00.000,14056,60
"574315",2011-11-03 17:53:00.000,17076,54
"540130",2011-01-05 10:46:00.000,13798,35
"546827",2011-03-17 10:52:00.000,15301,59
"581101",2011-12-07 11:48:00.000,17835,54
"580469",2011-12-04 12:32:00.000,14583,56
"564438",2011-08-25 12:11:00.000,16628,60
"552560",2011-05-10 11:48:00.000,17581,54
"575214",2011-11-09 10:48:00.000,16751,36
"551428",2011-04-28 14:59:00.000,13499,54
"566557",2011-09-13 11:47:00.000,14646,54
"554579",2011-05-25 10:56:00.000,18229,36
"540671",2011-01-10 15:35:00.000,17739,59
C562119,2011-08-02 16:26:00.000,13505,60
"554382",2011-05-24 11:55:00.000,17365,52
C543837,2011-02-14 10:56:00.000,14431,9
"538849",2010-12-14 13:31:00.000,14415,54
"575319",2011-11-09 13:26:00.000,14836,9
"565327",2011-09-02 13:48:00.000,12832,33
"580316",2011-12-02 15:25:00.000,18109,59
"573336",2011-10-30 11:37:00.000,17372,52
"564661",2011-08-26 14:45:00.000,12948,54
"577347",2011-11-18 15:27:00.000,13960,33
"543189",2011-02-04 11:48:00.000,17517,33
"577794",2011-11-21 16:48:00.000,14030,60
"581218",2011-12-08 09:23:00.000,14191,59
"578364",2011-11-24 10:42:00.000,13588,60
C539402,2010-12-17 12:19:00.000,17315,54
C548577,2011-04-01 10:46:00.000,13694,33
C562118,2011-08-02 16:23:00.000,12457,54
"581171",2011-12-07 15:02:00.000,12615,52
C539726,2010-12-21 14:24:00.000,17007,33
C552706,2011-05-10 16:15:00.000,13014,60
"553842",2011-05-19 12:24:00.000,12524,9
"555549",2011-06-05 13:24:00.000,13637,33
"580668",2011-12-05 14:23:00.000,13685,52
"563300",2011-08-15 12:57:00.000,16774,59
"552855",2011-05-11 15:17:00.000,15815,36
"557634",2011-06-21 15:24:00.000,15412,53
C542644,2011-01-31 11:33:00.000,15497,33
"571030",2011-10-13 12:26:00.000,12876,59
"565849",2011-09-07 12:50:00.000,14309,34
C556297,2011-06-10 09:55:00.000,15609,33
C539467,2010-12-19 12:46:00.000,15044,54
"551876",2011-05-05 08:18:00.000,14867,54
"550035",2011-04-14 11:48:00.000,15039,33
"561430",2011-07-27 11:29:00.000,15172,56
"547227",2011-03-21 15:40:00.000,12748,9
"579623",2011-11-30 12:15:00.000,16062,56
"569550",2011-10-04 17:32:00.000,15955,36
"545821",2011-03-07 12:50:00.000,13001,59
C539251,2010-12-16 14:15:00.000,17213,55
C546623,2011-03-15 11:36:00.000,17954,54
"565727",2011-09-06 11:58:00.000,13158,34
C553510,2011-05-17 13:46:00.000,14342,18
"569242",2011-10-03 09:34:00.000,14193,59
"578520",2011-11-24 13:57:00.000,14591,36
C538314,2010-12-10 13:52:00.000,15514,36
"536560",2010-12-01 15:00:00.000,13093,9
"575874",2011-11-11 12:56:00.000,17054,35
"566667",2011-09-14 11:34:00.000,14660,53
"560870",2011-07-21 14:34:00.000,13157,56
"568829",2011-09-29 11:33:00.000,17633,56
"547222",2011-03-21 15:07:00.000,18008,18
C562956,2011-08-11 10:14:00.000,13186,59
"561685",2011-07-28 19:46:00.000,14315,9
"539295",2010-12-16 16:54:00.000,13767,60
C536818,2010-12-02 17:09:00.000,16995,36
"551283",2011-04-27 14:01:00.000,16755,36
"540829",2011-01-11 14:38:00.000,13784,54
"561356",2011-07-26 14:56:00.000,14273,18
"560238",2011-07-17 11:41:00.000,17725,53
C560687,2011-07-20 11:51:00.000,14606,33
"563718",2011-08-18 16:18:00.000,15144,55
"560233",2011-07-17 11:10:00.000,16813,54
"575604",2011-11-10 12:32:00.000,16011,35
"546847",2011-03-17 12:51:00.000,12989,60
"543045",2011-02-03 09:04:00.000,14309,55
"577309",2011-11-18 13:14:00.000,15933,52
"556827",2011-06-15 10:29:00.000,15134,59
"554845",2011-05-26 19:49:00.000,17450,9
"554663",2011-05-25 14:29:00.000,14985,34
"546382",2011-03-11 12:44:00.000,18149,52
"558376",2011-06-28 16:03:00.000,13418,54
"543161",2011-02-03 17:01:00.000,14497,18
"566319",2011-09-12 11:25:00.000,13431,9
"537831",2010-12-08 14:50:00.000,17894,35
"558686",2011-07-01 11:33:00.000,17706,55
"547577",2011-03-24 10:37:00.000,13183,52
"538166",2010-12-09 18:09:00.000,17965,60
"548449",2011-03-31 11:08:00.000,14911,56
"550178",2011-04-14 17:25:00.000,12662,36
"568894",2011-09-29 13:04:00.000,17528,33
"549551",2011-04-10 11:48:00.000,15955,60
C553023,2011-05-12 19:27:00.000,13952,54
"552641",2011-05-10 13:20:00.000,16525,36
"546399",2011-03-11 14:58:00.000,14352,18
"550345",2011-04-18 09:06:00.000,15304,18
"538280",2010-12-10 12:50:00.000,12748,60
"545838",2011-03-07 13:33:00.000,14606,53
C557478,2011-06-20 13:52:00.000,13408,34
"537664",2010-12-07 17:05:00.000,15024,54
"557473",2011-06-20 13:28:00.000,17428,55
"569229",2011-10-02 14:56:00.000,14502,55
"539484",2010-12-19 15:44:00.000,15640,55
"553547",2011-05-17 15:48:00.000,12474,53
"573879",2011-11-01 13:21:00.000,15039,59
C536807,2010-12-02 16:45:00.000,15834,55
C573869,2011-11-01 12:23:00.000,12523,53
"577554",2011-11-20 15:35:00.000,15533,33
"578927",2011-11-27 12:26:00.000,15747,33
"547058",2011-03-20 12:44:00.000,14232,33
"569849",2011-10-06 13:49:00.000,15264,60
C579415,2011-11-29 12:52:00.000,15311,59
"579789",2011-11-30 15:36:00.000,14385,52
C555345,2011-06-02 11:51:00.000,13267,9
"562586",2011-08-07 14:33:00.000,16066,59
"568059",2011-09-23 12:58:00.000,13097,60
"568992",2011-09-29 16:48:00.000,17218,52
"572766",2011-10-26 10:03:00.000,16013,53
C572482,2011-10-24 13:48:00.000,17314,55
C560652,2011-07-20 11:39:00.000,16393,9
"560568",2011-07-19 14:03:00.000,13895,56
"573126",2011-10-27 16:32:00.000,15738,54
"560181",2011-07-15 11:45:00.000,16621,60
C578832,2011-11-25 15:18:00.000,13069,54
"573173",2011-10-28 10:10:00.000,12362,54
C538749,2010-12-14 11:28:00.000,15713,60
"570123",2011-10-07 13:09:00.000,13314,34
"549830",2011-04-12 13:01:00.000,17811,52
"577711",2011-11-21 12:17:00.000,15527,18
"554820",2011-05-26 14:09:00.000,15622,18
"577556",2011-11-20 15:36:00.000,13832,56
"553878",2011-05-19 14:56:00.000,14733,33
"569741",2011-10-06 10:52:00.000,14626,35
"562376",2011-08-04 15:04:00.000,15254,36
"545856",2011-03-07 13:54:00.000,16225,33
"573599",2011-10-31 15:20:00.000,17924,18
"566619",2011-09-14 09:16:00.000,13798,56
"536805",2010-12-02 16:38:00.000,14775,34
"580055",2011-12-01 13:12:00.000,14298,33
"581010",2011-12-07 09:18:00.000,17503,56
"552864",2011-05-11 17:13:00.000,13235,33
"573125",2011-10-27 16:31:00.000,16855,53
"557802",2011-06-23 10:15:00.000,15130,54
"545587",2011-03-04 09:46:00.000,14796,56
"564851",2011-08-30 16:53:00.000,13183,9
"572935",2011-10-27 10:26:00.000,14189,35
"579014",2011-11-28 09:53:00.000,12906,33
C569233,2011-10-02 15:26:00.000,17841,55
C538803,2010-12-14 11:55:00.000,16262,36
"564496",2011-08-25 14:21:00.000,13050,52
"537608",2010-12-07 13:20:00.000,15024,55
"555741",2011-06-07 10:05:00.000,16817,53
"574323",2011-11-03 19:50:00.000,16438,35
"545578",2011-03-03 19:21:00.000,13715,56
"554946",2011-05-27 14:22:00.000,18242,59
"566491",2011-09-13 10:25:00.000,14060,54
"568907",2011-09-29 13:35:00.000,15370,60
C541818,2011-01-21 16:34:00.000,17389,36
"545399",2011-03-02 11:48:00.000,14934,53
"547651",2011-03-24 12:11:00.000,16904,52
"541407",2011-01-17 15:31:00.000,13199,36
"554051",2011-05-20 14:56:00.000,16696,53
"549428",2011-04-08 12:01:00.000,15815,36
"576769",2011-11-16 13:14:00.000,13575,55
"563075",2011-08-11 16:11:00.000,13645,52
C547409,2011-03-23 08:59:00.000,13092,60
"546963",2011-03-18 11:39:00.000,16779,53
"567295",2011-09-19 12:16:00.000,17490,56
"558554",2011-06-30 12:50:00.000,17949,34
C567519,2011-09-20 16:30:00.000,12474,35
"543247",2011-02-04 14:23:00.000,16029,18
"573004",2011-10-27 12:12:00.000,14646,34
"545820",2011-03-07 12:46:00.000,13884,52
C575161,2011-11-08 16:25:00.000,15271,34
"575297",2011-11-09 12:26:00.000,15134,53
"560097",2011-07-14 17:40:00.000,13050,54
"551889",2011-05-05 09:34:00.000,18198,9
"560446",2011-07-19 09:10:00.000,14156,34
C539950,2010-12-23 11:50:00.000,13534,33
"561087",2011-07-25 09:48:00.000,15144,9
"549992",2011-04-14 08:14:00.000,17669,56
"571040",2011-10-13 12:59:00.000,15272,36
"544083",2011-02-15 15:51:00.000,15606,52
"549193",2011-04-07 10:24:00.000,12580,18
"555945",2011-06-08 10:36:00.000,17409,34
"571864",2011-10-19 13:49:00.000,12731,36
C551285,2011-04-27 14:07:00.000,15005,35
"581483",2011-12-09 09:15:00.000,16446,35
"537035",2010-12-03 17:21:00.000,13081,35
"576519",2011-11-15 12:25:00.000,12676,60
"574874",2011-11-07 13:06:00.000,14911,59
"569998",2011-10-07 08:12:00.000,12540,59
"564630",2011-08-26 11:53:00.000,13644,36
"540276",2011-01-06 12:16:00.000,14680,53
"554923",2011-05-27 12:48:00.000,14735,52
"554359",2011-05-24 09:56:00.000,13590,59
"573572",2011-10-31 14:03:00.000,14527,53
"578781",2011-11-25 11:54:00.000,15872,60
"560447",2011-07-19 09:24:00.000,13756,55
"556186",2011-06-09 11:46:00.000,14241,53
"544093",2011-02-16 09:08:00.000,13750,34
"553022",2011-05-12 19:23:00.000,18172,35
"545043",2011-02-27 11:05:00.000,16407,56
"552563",2011-05-10 11:54:00.000,17597,60
"552721",2011-05-11 09:55:00.000,14691,56
"568238",2011-09-26 12:00:00.000,13927,59
"549680",2011-04-11 13:02:00.000,12701,18
"553873",2011-05-19 14:42:00.000,14859,60
"562984",2011-08-11 11:45:00.000,17841,60
C540391,2011-01-06 18:02:00.000,13047,34
"539423",2010-12-17 14:24:00.000,15811,59
"536597",2010-12-01 17:35:00.000,18011,54
"545658",2011-03-04 14:13:00.000,14670,9
"570591",2011-10-11 11:35:00.000,17071,33
"548405",2011-03-31 09:48:00.000,17088,18
"546392",2011-03-11 14:15:00.000,14587,35
"568906",2011-09-29 13:31:00.000,14681,9
C564478,2011-08-25 13:12:00.000,14732,52
"580136",2011-12-01 19:42:00.000,17841,33
"565859",2011-09-07 14:40:00.000,16818,55
"539308",2010-12-16 17:48:00.000,17412,60
"572765",2011-10-26 10:02:00.000,16013,60
"572283",2011-10-23 11:42:00.000,15000,18
"551739",2011-05-04 10:58:00.000,18118,52
"577476",2011-11-20 11:31:00.000,12540,9
C545454,2011-03-02 17:04:00.000,15189,18
"553197",2011-05-15 14:32:00.000,17263,35
"550440",2011-04-18 12:25:00.000,12407,33
C562954,2011-08-11 10:13:00.000,17429,53
C555605,2011-06-06 11:38:00.000,15281,18
"559990",2011-07-14 12:22:00.000,13319,55
"579843",2011-11-30 16:21:00.000,12921,60
"559436",2011-07-08 12:18:00.000,15901,60
"548670",2011-04-01 15:37:00.000,15356,33
"553923",2011-05-20 09:30:00.000,13266,55
"555916",2011-06-07 16:16:00.000,14958,56
C554011,2011-05-20 12:55:00.000,13151,52
"581237",2011-12-08 10:40:00.000,15443,52
"561719",2011-07-29 12:09:00.000,17519,55
"564043",2011-08-22 12:55:00.000,14414,55
"544903",2011-02-24 13:43:00.000,18065,35
"555739",2011-06-07 09:49:00.000,12380,33
"548705",2011-04-03 11:47:00.000,17381,52
"537429",2010-12-06 15:54:00.000,12748,53
"559555",2011-07-11 10:14:00.000,13678,54
"579619",2011-11-30 12:10:00.000,18241,9
"569424",2011-10-04 10:49:00.000,15529,9
"577152",2011-11-18 09:53:00.000,14277,56
"550144",2011-04-14 14:14:00.000,16520,53
"543537",2011-02-09 13:50:00.000,12401,59
"553149",2011-05-13 14:16:00.000,14226,18
"562572",2011-08-07 12:21:00.000,17298,53
C543972,2011-02-14 15:15:00.000,17924,54
"564811",2011-08-30 11:37:00.000,15769,33
C555273,2011-06-01 16:33:00.000,12708,34
"562721",2011-08-08 16:31:00.000,15985,52
"562276",2011-08-04 10:23:00.000,17735,9
"544409",2011-02-18 13:32:00.000,16265,33
"555542",2011-06-05 12:51:00.000,15108,18
"559106",2011-07-06 11:10:00.000,15889,34
C572343,2011-10-24 10:40:00.000,14607,36
"568918",2011-09-29 14:12:00.000,15955,59
C538081,2010-12-09 14:29:00.000,16898,60
"563211",2011-08-14 12:33:00.000,17049,36
"563104",2011-08-12 10:13:00.000,13888,59
"581114",2011-12-07 12:19:00.000,14527,35
C575980,2011-11-13 13:39:00.000,12867,35
"546486",2011-03-14 11:41:00.000,15039,34
C550642,2011-04-19 16:09:00.000,15027,9
"543487",2011-02-09 10:25:00.000,13319,56
C553875,2011-05-19 14:44:00.000,15660,54
"567530",2011-09-21 09:33:00.000,12390,60
C550534,2011-04-19 11:08:00.000,14326,33
"572899",2011-10-26 14:50:00.000,13435,54
"542090",2011-01-25 12:39:00.000,15518,9
"565420",2011-09-04 12:09:00.000,16326,18
"575873",2011-11-11 12:53:00.000,17677,36
"556503",2011-06-13 08:44:00.000,13517,54
"552819",2011-05-11 12:50:00.000,16652,54
"546542",2011-03-14 15:13:00.000,13263,36
"577403",2011-11-20 10:15:00.000,13988,59
"572767",2011-10-26 10:11:00.000,17865,60
C541232,2011-01-14 16:58:00.000,16235,60
"577852",2011-11-22 11:08:00.000,16532,35
"576463",2011-11-15 11:37:00.000,17974,33
"571288",2011-10-16 15:13:00.000,16052,36
C543175,2011-02-04 09:46:00.000,12712,18
"543008",2011-02-02 13:07:00.000,13824,53
"539593",2010-12-20 13:31:00.000,13319,36
"562890",2011-08-10 12:11:00.000,14191,56
"569686",2011-10-05 14:50:00.000,12719,56
"559812",2011-07-12 15:29:00.000,15051,56
"575476",2011-11-09 16:10:00.000,15046,34
"578666",2011-11-24 17:06:00.000,17727,54
"545523",2011-03-03 12:41:00.000,14524,54
"577359",2011-11-18 16:07:00.000,14903,52
"555646",2011-06-06 13:32:00.000,14135,33
"545323",2011-03-01 14:57:00.000,12352,60
"542934",2011-02-02 11:01:00.000,13093,56
"564037",2011-08-22 12:26:00.000,14800,55
"558101",2011-06-26 13:56:00.000,18112,52
C538091,2010-12-09 14:48:00.000,16499,54
"547786",2011-03-25 11:44:00.000,14587,59
"561811",2011-07-29 15:12:00.000,13106,36
"576875",2011-11-16 16:32:00.000,15805,55
"568529",2011-09-27 13:38:00.000,16181,53
C564491,2011-08-25 14:15:00.000,18204,54
"536987",2010-12-03 14:54:00.000,17198,55
"574725",2011-11-06 14:50:00.000,15883,60
"557893",2011-06-23 14:12:00.000,15228,54
C545502,2011-03-03 11:33:00.000,15078,53
C552190,2011-05-06 14:11:00.000,12748,35
"550034",2011-04-14 11:48:00.000,16187,54
"564163",2011-08-23 13:28:00.000,13481,34
"568583",2011-09-28 10:09:00.000,15584,53
"538307",2010-12-10 13:27:00.000,14667,52
C557463,2011-06-20 13:03:00.000,14584,60
"553002",2011-05-12 15:26:00.000,13263,52
C548389,2011-03-30 16:54:00.000,16713,56
"536748",2010-12-02 13:45:00.000,15107,33
"560451",2011-07-19 09:50:00.000,14911,36
C577147,2011-11-18 09:42:00.000,13396,59
"548874",2011-04-04 15:18:00.000,17716,34
"546118",2011-03-09 14:14:00.000,13078,18
"567076",2011-09-16 12:27:00.000,15505,54
"545313",2011-03-01 13:55:00.000,15953,18
C542732,2011-01-31 15:31:00.000,14180,33
C558530,2011-06-30 11:26:00.000,15039,54
"543731",2011-02-11 11:57:00.000,17677,56
"554086",2011-05-22 11:54:00.000,16945,54
"557799",2011-06-23 09:53:00.000,14854,36
C569485,2011-10-04 12:47:00.000,12705,33
"553701",2011-05-18 14:42:00.000,14463,53
"537772",2010-12-08 12:35:00.000,18043,18
"540533",2011-01-09 14:12:00.000,15005,33
"546534",2011-03-14 13:56:00.000,16150,56
"580679",2011-12-05 14:49:00.000,18198,60
"567718",2011-09-22 10:26:00.000,17730,35
"539181",2010-12-16 11:51:00.000,12748,53
C537444,2010-12-07 08:42:00.000,14850,18
"579550",2011-11-30 10:48:00.000,12630,9
"546749",2011-03-16 12:43:00.000,14543,52
C555398,2011-06-02 17:30:00.000,17375,33
"568901",2011-09-29 13:22:00.000,15050,52
"565838",2011-09-07 11:43:00.000,15071,9
"578343",2011-11-24 09:21:00.000,13277,33
"557214",2011-06-17 12:20:00.000,17677,52
"558707",2011-07-01 12:58:00.000,12748,33
"572664",2011-10-25 12:56:00.000,16401,9
"567362",2011-09-19 16:49:00.000,17848,56
"563691",2011-08-18 12:53:00.000,13668,53
"580304",2011-12-02 14:25:00.000,18055,9
"542006",2011-01-25 11:20:00.000,15218,54
C559882,2011-07-13 11:34:00.000,16156,34
C566955,2011-09-15 16:42:00.000,13026,35
"536819",2010-12-02 17:12:00.000,13402,59
"561507",2011-07-27 14:21:00.000,12397,34
"542776",2011-02-01 08:23:00.000,15240,35
"556058",2011-06-08 13:54:00.000,13985,34
"564060",2011-08-22 14:37:00.000,17073,34
"575709",2011-11-10 17:27:00.000,14646,18
"561664",2011-07-28 16:53:00.000,15189,52
"537391",2010-12-06 13:53:00.000,16550,9
"557017",2011-06-16 12:29:00.000,13199,53
"580645",2011-12-05 13:11:00.000,17857,34
C545850,2011-03-07 13:45:00.000,15811,35
C559568,2011-07-11 11:09:00.000,13627,53
"562220",2011-08-03 14:19:00.000,15150,33
"557618",2011-06-21 13:38:00.000,14960,9
"567481",2011-09-20 13:41:00.000,16777,59
"555016",2011-05-31 11:09:00.000,13113,56
"559989",2011-07-14 12:21:00.000,13319,59
"539306",2010-12-16 17:38:00.000,17659,59
"570239",2011-10-09 15:04:00.000,16518,9
"561800",2011-07-29 14:13:00.000,13975,56
C556896,2011-06-15 12:51:00.000,12843,53
"553064",2011-05-13 11:39:00.000,13018,9
"568094",2011-09-23 14:43:00.000,15807,53
C562144,2011-08-03 10:43:00.000,12757,34
C541994,2011-01-25 09:49:00.000,14113,36
"546898",2011-03-17 18:27:00.000,17961,56
"580662",2011-12-05 13:58:00.000,15856,60
"561712",2011-07-29 11:49:00.000,14499,56
"563364",2011-08-16 08:39:00.000,14466,9
"550527",2011-04-19 10:48:00.000,12476,52
"543543",2011-02-09 15:33:00.000,17843,55
"545072",2011-02-28 08:43:00.000,12781,35
"564145",2011-08-23 12:18:00.000,14329,33
"565155",2011-09-01 14:58:00.000,16672,34
C539661,2010-12-21 10:16:00.000,12971,35
"546832",2011-03-17 12:18:00.000,13216,60
"558461",2011-06-29 15:03:00.000,13263,59
"557007",2011-06-16 11:30:00.000,12484,54
"576574",2011-11-15 13:53:00.000,13078,34
"568711",2011-09-28 15:48:00.000,14947,34
C574955,2011-11-08 09:56:00.000,15066,9
"573066",2011-10-27 13:53:00.000,16026,60
"572902",2011-10-26 15:01:00.000,14866,60
"552007",2011-05-05 16:56:00.000,13269,18
C546645,2011-03-15 13:32:00.000,15311,55
"559021",2011-07-05 13:16:00.000,16525,60
"563214",2011-08-14 12:56:00.000,16370,33
"551885",2011-05-05 09:18:00.000,16700,34
"568166",2011-09-25 12:45:00.000,14800,18
"543252",2011-02-04 14:58:00.000,17685,55
"542741",2011-01-31 16:02:00.000,17375,60
"564358",2011-08-24 16:00:00.000,17869,33
C555386,2011-06-02 15:23:00.000,15194,34
"537362",2010-12-06 12:34:00.000,17596,33
"575595",2011-11-10 12:13:00.000,15452,53
"553143",2011-05-13 13:15:00.000,12695,60
"571939",2011-10-20 09:40:00.000,16260,60
"580646",2011-12-05 13:13:00.000,17857,35
"565248",2011-09-02 10:34:00.000,15860,60
"569724",2011-10-06 09:35:00.000,15061,18
"539089",2010-12-16 09:46:00.000,15246,56
"536400",2010-12-01 10:53:00.000,13448,36
"577525",2011-11-20 13:37:00.000,16905,34
"579493",2011-11-29 15:24:00.000,15570,53
C552258,2011-05-08 11:09:00.000,16923,9
"559322",2011-07-07 14:46:00.000,15769,36
"546498",2011-03-14 11:44:00.000,15493,53
C537333,2010-12-06 12:00:00.000,12474,56
"571908",2011-10-19 14:56:00.000,15803,56
C549039,2011-04-05 17:16:00.000,17675,56
"571705",2011-10-18 15:22:00.000,12360,60
"564141",2011-08-23 11:47:00.000,17841,59
C567544,2011-09-21 10:19:00.000,15622,53
"561870",2011-07-31 11:45:00.000,14911,34
"543273",2011-02-06 11:29:00.000,16456,52
"577498",2011-11-20 12:22:00.000,15906,34
"544693",2011-02-23 09:25:00.000,15397,60
C543640,2011-02-10 17:06:00.000,12967,34
C546886,2011-03-17 18:13:00.000,12520,18
"576554",2011-11-15 12:57:00.000,13066,54
"544835",2011-02-24 10:15:00.000,17830,36
"539581",2010-12-20 12:51:00.000,16143,59
"561047",2011-07-24 12:46:00.000,16948,55
"558758",2011-07-03 12:27:00.000,17939,53
C557465,2011-06-20 13:07:00.000,14796,52
"549285",2011-04-07 13:45:00.000,14981,60
"546431",2011-03-14 08:05:00.000,16954,60
"553714",2011-05-18 15:55:00.000,16987,35
C564488,2011-08-25 14:12:00.000,16859,34
"549619",2011-04-11 11:40:00.000,13798,60
C569946,2011-10-06 18:16:00.000,16462,36
"568318",2011-09-26 13:25:00.000,13233,60
"568192",2011-09-25 14:37:00.000,14235,59
"572612",2011-10-25 11:14:00.000,16186,59
"564383",2011-08-25 10:49:00.000,15251,9
C537416,2010-12-06 15:10:00.000,16138,56
"541987",2011-01-24 16:05:00.000,14130,34
C553914,2011-05-19 19:50:00.000,18109,9
"569844",2011-10-06 13:30:00.000,12626,36
"548711",2011-04-03 14:24:00.000,18116,35
C565323,2011-09-02 13:16:00.000,14606,35
"564534",2011-08-25 15:09:00.000,12748,34
"546734",2011-03-16 11:49:00.000,16029,54
"545468",2011-03-03 09:41:00.000,16571,55
"570238",2011-10-09 15:01:00.000,16332,18
"575885",2011-11-11 13:46:00.000,16460,33
"559546",2011-07-10 14:49:00.000,14163,55
"569669",2011-10-05 13:47:00.000,14730,35
"544106",2011-02-16 10:47:00.000,14530,9
"559129",2011-07-06 12:50:00.000,17705,56
"547001",2011-03-18 13:52:00.000,16656,52
"537236",2010-12-06 09:52:00.000,16858,36
"537462",2010-12-07 10:06:00.000,17228,55
"556733",2011-06-14 11:53:00.000,16919,33
"552811",2011-05-11 12:43:00.000,17677,33
"566428",2011-09-12 14:24:00.000,15932,56
"536970",2010-12-03 13:12:00.000,17949,34
"581412",2011-12-08 14:38:00.000,14415,36
"555863",2011-06-07 14:28:00.000,17026,60
"562101",2011-08-02 14:04:00.000,13850,54
"557247",2011-06-17 15:09:00.000,12731,18
C545516,2011-03-03 12:11:00.000,14276,59
"574731",2011-11-06 15:09:00.000,17831,54
"564800",2011-08-30 11:32:00.000,14108,36
"558479",2011-06-29 16:44:00.000,17837,60
"568704",2011-09-28 15:24:00.000,13321,55
"550325",2011-04-17 13:04:00.000,15745,35
"575170",2011-11-08 17:42:00.000,17006,33
"564736",2011-08-28 13:42:00.000,16353,18
"581004",2011-12-07 08:41:00.000,16539,54
C569984,2011-10-06 19:50:00.000,17231,33
C555239,2011-06-01 13:00:00.000,15039,36
"558906",2011-07-04 16:35:00.000,15555,53
"560693",2011-07-20 12:01:00.000,13136,9
C541833,2011-01-21 17:18:00.000,17644,56
"580722",2011-12-05 17:06:00.000,13985,34
C575042,2011-11-08 12:05:00.000,16764,53
"558620",2011-06-30 16:39:00.000,15584,60
"540364",2011-01-06 16:03:00.000,14505,56
"573264",2011-10-28 12:36:00.000,14415,59
"562035",2011-08-02 09:29:00.000,12627,56
"556441",2011-06-10 15:07:00.000,14415,54
C554530,2011-05-24 17:28:00.000,15596,55
C577363,2011-11-18 16:17:00.000,12697,9
"554975",2011-05-29 10:40:00.000,17819,52
"574009",2011-11-02 11:49:00.000,15750,56
"574836",2011-11-07 11:32:00.000,17623,33
"566707",2011-09-14 11:54:00.000,13552,52
"561597",2011-07-28 11:26:00.000,12853,18
C541234,2011-01-14 17:11:00.000,13862,18
C568571,2011-09-28 09:05:00.000,17581,54
C567330,2011-09-19 14:46:00.000,13552,59
"564495",2011-08-25 14:21:00.000,17719,34
"544586",2011-02-21 15:04:00.000,17338,54
"581196",2011-12-07 17:25:00.000,12935,53
"555352",2011-06-02 12:46:00.000,15838,60
C573244,2011-10-28 12:08:00.000,14623,59
"581181",2011-12-07 15:55:00.000,14189,36
"547513",2011-03-23 13:59:00.000,17519,35
"540172",2011-01-05 12:29:00.000,18109,9
C542088,2011-01-25 12:36:00.000,12553,55
"547383",2011-03-22 15:42:00.000,12613,52
C554541,2011-05-24 17:50:00.000,13078,18
C564208,2011-08-24 09:07:00.000,15469,34
"557736",2011-06-22 11:35:00.000,13420,35
"579159",2011-11-28 13:53:00.000,13196,35
"548700",2011-04-03 11:11:00.000,13623,54
"581489",2011-12-09 09:46:00.000,16954,55
"571920",2011-10-19 16:16:00.000,14799,9
"550136",2011-04-14 13:56:00.000,16957,59
"551688",2011-05-03 13:31:00.000,14107,18
"537242",2010-12-06 10:19:00.000,14748,18
"560473",2011-07-19 10:42:00.000,12431,18
C572492,2011-10-24 14:04:00.000,12940,35
"544191",2011-02-16 16:57:00.000,13089,34
"572122",2011-10-21 08:24:00.000,15969,9
C562802,2011-08-09 14:41:00.000,15201,55
"568203",2011-09-25 15:15:00.000,13435,34
"559113",2011-07-06 12:08:00.000,13217,35
"561391",2011-07-27 09:59:00.000,16628,55
C572102,2011-10-20 15:56:00.000,13519,56
"581188",2011-12-07 16:47:00.000,17735,34
"574096",2011-11-03 09:55:00.000,13599,59
"558314",2011-06-28 11:38:00.000,16672,60
C538059,2010-12-09 13:38:00.000,14205,34
"559020",2011-07-05 13:15:00.000,14034,9
"570715",2011-10-12 10:23:00.000,18287,60
"563173",2011-08-12 13:27:00.000,17381,52
C577369,2011-11-18 16:20:00.000,14132,34
"552558",2011-05-10 11:33:00.000,14766,54
"559091",2011-07-06 10:47:00.000,17905,35
"547066",2011-03-20 13:41:00.000,12921,34
"544056",2011-02-15 12:48:00.000,13004,36
"541996",2011-01-25 10:20:00.000,18075,56
"562098",2011-08-02 13:31:00.000,14315,59
"580543",2011-12-05 09:11:00.000,18223,18
"566596",2011-09-13 15:18:00.000,14163,9
"573326",2011-10-30 11:08:00.000,15298,36
"546850",2011-03-17 13:20:00.000,13268,9
"576384",2011-11-15 09:32:00.000,12883,60
"578230",2011-11-23 11:58:00.000,15189,33
"558194",2011-06-27 12:28:00.000,14583,59
"565413",2011-09-04 11:49:00.000,18223,33
"540981",2011-01-12 15:25:00.000,12868,9
C542263,2011-01-26 17:16:00.000,14849,36
"573872",2011-11-01 12:35:00.000,17243,9
"543094",2011-02-03 11:28:00.000,16030,53
"561366",2011-07-26 15:45:00.000,15152,59
"554648",2011-05-25 12:44:00.000,12562,59
"540900",2011-01-12 11:46:00.000,12712,52
"552969",2011-05-12 13:37:00.000,14021,9
"541568",2011-01-19 12:07:00.000,15606,35
"538203",2010-12-10 11:21:00.000,13767,36
C558712,2011-07-01 13:06:00.000,17338,18
"549273",2011-04-07 13:05:00.000,13089,9
"570597",2011-10-11 11:49:00.000,16837,33
"544182",2011-02-16 15:13:00.000,18257,34
"544195",2011-02-17 08:58:00.000,13305,54
"559058",2011-07-06 09:49:00.000,12407,52
"565519",2011-09-05 11:52:00.000,12502,33
"570213",2011-10-09 11:32:00.000,16248,33
"539268",2010-12-16 15:24:00.000,13534,36
"538855",2010-12-14 13:50:00.000,16503,33
"571098",2011-10-13 15:38:00.000,17841,55
"572285",2011-10-23 12:16:00.000,14698,56
C559344,2011-07-07 17:09:00.000,17837,54
"579122",2011-11-28 12:05:00.000,12971,36
"580065",2011-12-01 13:33:00.000,15434,55
C579431,2011-11-29 13:09:00.000,17584,35
"545448",2011-03-02 16:35:00.000,12753,54
"547730",2011-03-25 11:01:00.000,14796,54
"564897",2011-08-31 11:22:00.000,12678,52
C562116,2011-08-02 16:19:00.000,15810,55
"552449",2011-05-09 13:49:00.000,12355,34
"573029",2011-10-27 13:33:00.000,14971,54
"553476",2011-05-17 11:41:00.000,14221,52
"580964",2011-12-06 14:50:00.000,15822,35
"571443",2011-10-17 13:43:00.000,17785,54
C556678,2011-06-13 17:21:00.000,13658,34
"560539",2011-07-19 12:19:00.000,16745,35
"542373",2011-01-27 13:38:00.000,16767,56
"580676",2011-12-05 14:39:00.000,17817,56
"580305",2011-12-02 14:26:00.000,12970,35
C560649,2011-07-20 11:35:00.000,17581,54
"570014",2011-10-07 09:56:00.000,15214,52
"552948",2011-05-12 11:59:00.000,18136,18
"550919",2011-04-21 14:06:00.000,14735,33
C556458,2011-06-10 17:21:00.000,15491,54
"578835",2011-11-25 15:44:00.000,12682,56
"548633",2011-04-01 12:25:00.000,16333,52
"542859",2011-02-01 11:42:00.000,13606,59
"561873",2011-07-31 11:48:00.000,13316,60
"554984",2011-05-29 12:19:00.000,17152,54
"549713",2011-04-11 14:11:00.000,17611,55
"541226",2011-01-14 15:04:00.000,15854,18
"557153",2011-06-17 11:07:00.000,13735,34
"554324",2011-05-23 15:38:00.000,12712,52
"576626",2011-11-15 17:26:00.000,12890,56
"550711",2011-04-20 11:06:00.000,18102,36
"553141",2011-05-13 13:01:00.000,15907,35
C540129,2011-01-05 10:46:00.000,12578,56
"541669",2011-01-20 12:29:00.000,17315,55
"566455",2011-09-12 16:45:00.000,14500,59
C564845,2011-08-30 14:20:00.000,17416,60
"559025",2011-07-05 13:56:00.000,16338,33
"540983",2011-01-12 15:36:00.000,15171,33
C550028,2011-04-14 11:26:00.000,14606,36
"574673",2011-11-06 12:26:00.000,15555,55
C546854,2011-03-17 13:55:00.000,17511,36
"536464",2010-12-01 12:23:00.000,17968,9
"580285",2011-12-02 13:22:00.000,12695,56
"565754",2011-09-06 13:11:00.000,15462,59
"559289",2011-07-07 12:22:00.000,15719,56
"570010",2011-10-07 09:42:00.000,15297,54
"561889",2011-07-31 13:37:00.000,15804,56
"557319",2011-06-20 08:23:00.000,15076,56
"575878",2011-11-11 13:29:00.000,13588,53
"536778",2010-12-02 15:03:00.000,13138,9
"539474",2010-12-19 14:27:00.000,15581,52
"540458",2011-01-07 12:28:00.000,12501,18
"581442",2011-12-08 16:38:00.000,13536,56
"545060",2011-02-27 13:47:00.000,15547,18
"542113",2011-01-25 13:55:00.000,14341,18
"579491",2011-11-29 15:23:00.000,14723,59
"569386",2011-10-03 16:48:00.000,15159,9
"553708",2011-05-18 15:28:00.000,16843,34
"540157",2011-01-05 11:41:00.000,15311,35
"568712",2011-09-28 15:50:00.000,17841,60
"568048",2011-09-23 12:36:00.000,14911,55
"578023",2011-11-22 13:25:00.000,17502,59
"577860",2011-11-22 11:25:00.000,16655,35
"561615",2011-07-28 12:57:00.000,13319,36
"554664",2011-05-25 14:40:00.000,14397,34
"546425",2011-03-13 13:36:00.000,16983,52
"574103",2011-11-03 10:30:00.000,13636,9
"572929",2011-10-27 09:36:00.000,16626,53
"547569",2011-03-24 09:50:00.000,17491,35
"581516",2011-12-09 11:26:00.000,14422,9
"545213",2011-02-28 16:36:00.000,16518,9
"551649",2011-05-03 12:02:00.000,12643,18
"546135",2011-03-09 15:47:00.000,12388,53
"560246",2011-07-17 12:17:00.000,14292,59
"536376",2010-12-01 09:32:00.000,15291,60
"573027",2011-10-27 13:26:00.000,18225,60
C546128,2011-03-09 15:05:00.000,15622,56
"577083",2011-11-17 15:34:00.000,15287,55
"539754",2010-12-21 16:06:00.000,12748,54
C578432,2011-11-24 12:20:00.000,12395,9
C578371,2011-11-24 11:16:00.000,14410,56
"569369",2011-10-03 15:32:00.000,15105,35
"541981",2011-01-24 15:32:00.000,12691,35
"561465",2011-07-27 12:45:00.000,16447,34
"566268",2011-09-11 13:38:00.000,13813,36
"563016",2011-08-11 12:44:00.000,15358,36
"561646",2011-07-28 15:19:00.000,16029,54
"552881",2011-05-12 10:03:00.000,18245,33
"554920",2011-05-27 12:41:00.000,16275,56
"563557",2011-08-17 13:33:00.000,15786,34
"536604",2010-12-02 08:43:00.000,14741,59
C579968,2011-12-01 11:13:00.000,14189,9
"580515",2011-12-04 14:09:00.000,17750,53
C560221,2011-07-15 15:23:00.000,13408,35
"575948",2011-11-13 11:51:00.000,14661,55
"567821",2011-09-22 12:45:00.000,14659,59
C542385,2011-01-27 14:32:00.000,14290,18
"563812",2011-08-19 11:47:00.000,16249,53
"558458",2011-06-29 14:17:00.000,14527,59
"559640",2011-07-11 12:30:00.000,15812,34
"573005",2011-10-27 12:13:00.000,17414,34
"566750",2011-09-14 15:41:00.000,15380,52
"553151",2011-05-13 14:53:00.000,13089,55
"570414",2011-10-10 13:17:00.000,17214,54
C543791,2011-02-11 17:13:00.000,15270,9
"578488",2011-11-24 12:53:00.000,12784,55
"565321",2011-09-02 13:14:00.000,12437,33
"538306",2010-12-10 13:24:00.000,12989,56
"560049",2011-07-14 15:03:00.000,14857,53
"544885",2011-02-24 11:38:00.000,14243,35
"581514",2011-12-09 11:20:00.000,17754,34
C544682,2011-02-22 16:29:00.000,17511,59
C558899,2011-07-04 16:00:00.000,14338,9
"570247",2011-10-10 08:23:00.000,15193,18
C562582,2011-08-07 13:53:00.000,15640,52
C567091,2011-09-16 12:45:00.000,12513,33
C567289,2011-09-19 11:50:00.000,17612,9
"550120",2011-04-14 12:35:00.000,17071,18
C560043,2011-07-14 14:47:00.000,16656,53
"554933",2011-05-27 13:26:00.000,13232,59
"562023",2011-08-01 15:57:00.000,16814,36
"549587",2011-04-11 10:01:00.000,15737,34
"537759",2010-12-08 11:42:00.000,13126,35
"548493",2011-03-31 13:14:00.000,16839,55
"536836",2010-12-02 18:08:00.000,18168,54
C543775,2011-02-11 16:10:00.000,13102,9
"541091",2011-01-13 12:53:00.000,16814,59
"539269",2010-12-16 15:27:00.000,17580,33
"561502",2011-07-27 14:14:00.000,14305,35
"558367",2011-06-28 15:31:00.000,16550,35
"551881",2011-05-05 09:11:00.000,13784,34
"571294",2011-10-16 16:09:00.000,16987,60
"537631",2010-12-07 15:04:00.000,17419,52
"576225",2011-11-14 13:10:00.000,13277,55
"564357",2011-08-24 15:51:00.000,14973,59
"557859",2011-06-23 11:55:00.000,17709,18
C548866,2011-04-04 14:09:00.000,14606,36
"557672",2011-06-22 10:13:00.000,16114,18
"546017",2011-03-08 17:23:00.000,14507,52
"571846",2011-10-19 12:35:00.000,17841,34
"579937",2011-12-01 10:10:00.000,13509,34
"542407",2011-01-27 16:17:00.000,15601,53
"560991",2011-07-22 13:29:00.000,12438,60
C574028,2011-11-02 12:33:00.000,14493,54
"547649",2011-03-24 12:02:00.000,18118,53
"550184",2011-04-14 18:02:00.000,17601,33
C550195,2011-04-15 09:55:00.000,14796,9
"569538",2011-10-04 15:55:00.000,14462,18
"551142",2011-04-26 13:22:00.000,17613,55
"574877",2011-11-07 13:17:00.000,16637,59
"577166",2011-11-18 10:37:00.000,12936,18
"543554",2011-02-10 10:17:00.000,14733,9
"538721",2010-12-14 11:11:00.000,17526,55
"562436",2011-08-04 17:55:00.000,17961,60
"561858",2011-07-29 16:39:00.000,18064,55
"548258",2011-03-30 11:04:00.000,14146,35
"566755",2011-09-14 15:49:00.000,13877,54
"570459",2011-10-10 15:42:00.000,15801,60
"542718",2011-01-31 14:13:00.000,15602,34
"562606",2011-08-08 11:28:00.000,13552,35
"552249",2011-05-06 19:53:00.000,12748,53
"560224",2011-07-15 16:06:00.000,14572,54
"573378",2011-10-30 13:53:00.000,14217,36
"575144",2011-11-08 15:38:00.000,12540,56
"547874",2011-03-27 15:39:00.000,14476,53
"542354",2011-01-27 12:19:00.000,14709,59
"551595",2011-05-03 11:33:00.000,12891,33
"575073",2011-11-08 13:10:00.000,13975,56
"580939",2011-12-06 14:14:00.000,14907,56
C572995,2011-10-27 11:11:00.000,13890,53
"564439",2011-08-25 12:12:00.000,12841,35
C569959,2011-10-06 18:39:00.000,13983,35
"580982",2011-12-06 16:21:00.000,17861,60
C562799,2011-08-09 14:31:00.000,16609,52
C553903,2011-05-19 18:08:00.000,17671,59
"571511",2011-10-17 16:04:00.000,15598,53
"555870",2011-06-07 15:03:00.000,17707,54
"571562",2011-10-18 10:04:00.000,14156,33
"542779",2011-02-01 09:36:00.000,17147,33
"561704",2011-07-29 11:07:00.000,14606,55
C581460,2011-12-08 18:48:00.000,13078,54
C539221,2010-12-16 12:56:00.000,14911,55
C567348,2011-09-19 15:57:00.000,15755,54
"578290",2011-11-23 14:07:00.000,13644,54
"566495",2011-09-13 11:14:00.000,15529,18
"536823",2010-12-02 17:22:00.000,13011,56
"552727",2011-05-11 10:32:00.000,14920,34
"538032",2010-12-09 12:59:00.000,14479,9
"545045",2011-02-27 11:40:00.000,15708,56
"541413",2011-01-17 16:14:00.000,13859,33
"545859",2011-03-07 14:10:00.000,15498,55
"551662",2011-05-03 12:24:00.000,16210,53
"553506",2011-05-17 13:29:00.000,12949,56
C553027,2011-05-12 19:38:00.000,13741,36
"552960",2011-05-12 12:53:00.000,18218,53
"577792",2011-11-21 16:36:00.000,17100,53
"580693",2011-12-05 15:59:00.000,15690,56
"564745",2011-08-28 15:27:00.000,16806,34
"569214",2011-10-02 12:22:00.000,14533,33
"557785",2011-06-22 15:50:00.000,14364,33
"538864",2010-12-14 14:26:00.000,17739,54
"546304",2011-03-10 15:52:00.000,14077,34
"552779",2011-05-11 12:13:00.000,13013,18
"545445",2011-03-02 16:26:00.000,17738,9
C536825,2010-12-02 17:27:00.000,15384,60
"563851",2011-08-19 15:06:00.000,14765,34
"539597",2010-12-20 13:52:00.000,17090,56
"563155",2011-08-12 11:48:00.000,13069,9
"570002",2011-10-07 09:16:00.000,12477,33
"550457",2011-04-18 13:12:00.000,13798,34
"567697",2011-09-22 08:41:00.000,16558,52
"536514",2010-12-01 12:40:00.000,17951,54
C567355,2011-09-19 16:16:00.000,15764,59
"560914",2011-07-21 18:08:00.000,17175,60
"545644",2011-03-04 12:37:00.000,16333,56
"536693",2010-12-02 12:26:00.000,17850,53
C562969,2011-08-11 10:58:00.000,12610,55
"571035",2011-10-13 12:50:00.000,12446,60
"580265",2011-12-02 12:47:00.000,12587,33
"566709",2011-09-14 11:58:00.000,16745,9
"551982",2011-05-05 13:56:00.000,15023,59
"563913",2011-08-21 13:11:00.000,14911,53
"546430",2011-03-13 15:55:00.000,15918,54
"544662",2011-02-22 14:10:00.000,12845,33
"557871",2011-06-23 12:41:00.000,13458,52
"551014",2011-04-26 11:04:00.000,13209,55
C539598,2010-12-20 13:54:00.000,14299,59
"569368",2011-10-03 15:29:00.000,15971,36
"558529",2011-06-30 11:22:00.000,17949,18
"549711",2011-04-11 14:07:00.000,13654,35
"578936",2011-11-27 13:00:00.000,16923,52
"545759",2011-03-07 11:56:00.000,16316,36
"579407",2011-11-29 12:32:00.000,13657,60
"545514",2011-03-03 12:06:00.000,15053,36
"554063",2011-05-22 10:27:00.000,13631,59
C579898,2011-12-01 08:32:00.000,14299,36
"538944",2010-12-15 11:21:00.000,13295,56
"549282",2011-04-07 13:24:00.000,13718,33
"552891",2011-05-12 10:45:00.000,14681,52
C557522,2011-06-20 17:23:00.000,17193,9
"550838",2011-04-21 11:31:00.000,14577,35
"544278",2011-02-17 12:01:00.000,15382,60
"561531",2011-07-28 09:27:00.000,14364,59
"540359",2011-01-06 15:29:00.000,18041,34
"576609",2011-11-15 16:08:00.000,15556,35
"558124",2011-06-27 10:17:00.000,12493,36
"537692",2010-12-08 10:40:00.000,14796,33
"572858",2011-10-26 12:36:00.000,13571,18
"578312",2011-11-23 16:24:00.000,14032,56
"538683",2010-12-13 17:40:00.000,14525,18
"538353",2010-12-10 15:31:00.000,13798,36
C581462,2011-12-08 18:51:00.000,12985,9
"540268",2011-01-06 11:25:00.000,13458,59
C560561,2011-07-19 13:28:00.000,17651,55
C576183,2011-11-14 11:23:00.000,12476,36
"542886",2011-02-01 13:09:00.000,16515,18
"564972",2011-08-31 15:30:00.000,12621,60
C549840,2011-04-12 13:51:00.000,15189,35
"566867",2011-09-15 12:56:00.000,13694,9
C578368,2011-11-24 11:05:00.000,16191,9
"551528",2011-05-01 12:54:00.000,12841,60
"540502",2011-01-09 10:50:00.000,13183,9
C552021,2011-05-05 17:57:00.000,15125,55
"555737",2011-06-07 09:19:00.000,16153,55
"541511",2011-01-18 16:45:00.000,17576,9
"542990",2011-02-02 11:43:00.000,13468,53
"570713",2011-10-12 10:18:00.000,17064,9
"537681",2010-12-08 10:11:00.000,13329,36
"553043",2011-05-13 09:21:00.000,13953,36
"577174",2011-11-18 10:58:00.000,17841,60
"571829",2011-10-19 11:53:00.000,16131,33
"572231",2011-10-21 14:41:00.000,13974,36
"565924",2011-09-08 10:01:00.000,13026,56
"544789",2011-02-23 12:25:00.000,13993,36
"556781",2011-06-14 12:47:00.000,13384,55
"577723",2011-11-21 12:36:00.000,16713,56
"577178",2011-11-18 11:10:00.000,12618,59
C574872,2011-11-07 13:00:00.000,13993,35
"574943",2011-11-08 07:52:00.000,13026,53
"549548",2011-04-10 11:35:00.000,13548,53
C557648,2011-06-21 17:14:00.000,17677,53
"556519",2011-06-13 10:54:00.000,16794,54
"536627",2010-12-02 10:53:00.000,15658,55
"553130",2011-05-13 12:41:00.000,17398,60
"580733",2011-12-06 08:37:00.000,16929,35
"551823",2011-05-04 12:29:00.000,17955,18
"550666",2011-04-20 09:35:00.000,17719,36
"554035",2011-05-20 14:07:00.000,16187,52
"574666",2011-11-06 12:10:00.000,16168,56
"544447",2011-02-20 11:39:00.000,16466,59
"564329",2011-08-24 13:55:00.000,12569,35
"557132",2011-06-17 08:57:00.000,13107,9
"556814",2011-06-15 08:34:00.000,14852,53
"553215",2011-05-16 09:50:00.000,13408,34
"569564",2011-10-05 09:47:00.000,13989,18
"569396",2011-10-03 17:48:00.000,16441,35
"541587",2011-01-19 14:39:00.000,17841,56
"550756",2011-04-20 12:02:00.000,14148,9
"575705",2011-11-10 17:06:00.000,15159,56
"543464",2011-02-08 14:15:00.000,16779,52
C555262,2011-06-01 15:39:00.000,12909,54
"551852",2011-05-04 14:52:00.000,14948,35
C569969,2011-10-06 18:56:00.000,17159,34
"575117",2011-11-08 14:22:00.000,12748,36
"560202",2011-07-15 13:10:00.000,12712,56
"536571",2010-12-01 15:37:00.000,14696,53
C541674,2011-01-20 13:19:00.000,16892,60
"580022",2011-12-01 11:44:00.000,14289,52
"559636",2011-07-11 12:01:00.000,13058,54
"549716",2011-04-11 14:43:00.000,14628,56
"536542",2010-12-01 14:11:00.000,16456,34
"558925",2011-07-05 10:08:00.000,15785,35
"545646",2011-03-04 12:42:00.000,14779,18
"556885",2011-06-15 12:32:00.000,18073,52
"538576",2010-12-13 11:29:00.000,14498,35
"573276",2011-10-28 13:14:00.000,13985,34
"552252",2011-05-08 10:11:00.000,15227,18
"553168",2011-05-13 16:24:00.000,15159,35
"536972",2010-12-03 13:42:00.000,16926,54
"563454",2011-08-16 14:41:00.000,13305,55
"581581",2011-12-09 12:20:00.000,17581,54
C574875,2011-11-07 13:06:00.000,16416,54
"539455",2010-12-17 17:17:00.000,12748,18
"573401",2011-10-30 15:43:00.000,12364,60
"558113",2011-06-27 08:48:00.000,14911,56
"547556",2011-03-23 16:45:00.000,17250,56
C568096,2011-09-23 14:50:00.000,17867,53
"578034",2011-11-22 13:47:00.000,14646,9
"556577",2011-06-13 14:12:00.000,17579,18
"536988",2010-12-03 15:05:00.000,17238,59
"573356",2011-10-30 12:43:00.000,15251,55
"554113",2011-05-22 14:53:00.000,16700,33
"537457",2010-12-07 09:51:00.000,17511,9
"574966",2011-11-08 10:50:00.000,14901,54
"553180",2011-05-15 11:35:00.000,16466,18
C574753,2011-11-07 09:20:00.000,13924,56
"566705",2011-09-14 11:53:00.000,13552,33
"580718",2011-12-05 16:53:00.000,13079,60
"556071",2011-06-08 14:52:00.000,15974,33
"559471",2011-07-08 13:39:00.000,17512,33
"543800",2011-02-13 11:36:00.000,17282,36
"580914",2011-12-06 13:42:00.000,14871,59
C571855,2011-10-19 13:36:00.000,17462,33
C569967,2011-10-06 18:54:00.000,17490,53
C555908,2011-06-07 16:08:00.000,15687,36
"568671",2011-09-28 13:13:00.000,13139,18
"562222",2011-08-03 14:33:00.000,18073,54
"547026",2011-03-18 17:07:00.000,14633,54
"571034",2011-10-13 12:47:00.000,12359,56
"536610",2010-12-02 09:42:00.000,17850,35
"547095",2011-03-21 09:03:00.000,13018,36
"567196",2011-09-19 10:09:00.000,12379,52
"546739",2011-03-16 12:12:00.000,17511,54
C545846,2011-03-07 13:39:00.000,13081,9
"541264",2011-01-16 16:10:00.000,17064,60
"574258",2011-11-03 13:50:00.000,16891,60
"544687",2011-02-22 17:25:00.000,13184,35
"541510",2011-01-18 16:39:00.000,14428,59
"536630",2010-12-02 10:56:00.000,17850,56
"573305",2011-10-28 16:13:00.000,17837,53
"566008",2011-09-08 12:04:00.000,16426,54
C577383,2011-11-18 16:48:00.000,13091,33
C575150,2011-11-08 16:05:00.000,12471,60
"569398",2011-10-04 08:27:00.000,17381,56
"566747",2011-09-14 15:33:00.000,16928,18
"571671",2011-10-18 13:15:00.000,16940,9
"550341",2011-04-17 15:53:00.000,13018,55
"574071",2011-11-02 14:57:00.000,12654,18
"578843",2011-11-25 16:13:00.000,17813,53
C555600,2011-06-06 11:17:00.000,12633,33
"570682",2011-10-11 15:53:00.000,12948,18
"537707",2010-12-08 10:53:00.000,14032,55
"549554",2011-04-10 12:36:00.000,16779,55
"553344",2011-05-16 12:45:00.000,14952,54
"567307",2011-09-19 13:35:00.000,15078,33
"555489",2011-06-03 13:48:00.000,17949,35
"551702",2011-05-03 14:16:00.000,13014,9
"544298",2011-02-17 12:51:00.000,14298,35
C557059,2011-06-16 14:51:00.000,16672,35
C548471,2011-03-31 12:38:00.000,14267,18
"581436",2011-12-08 16:18:00.000,17491,52
"559821",2011-07-12 17:09:00.000,16365,9
"537889",2010-12-09 10:04:00.000,13319,34
"558430",2011-06-29 12:12:00.000,13238,55
"539443",2010-12-17 15:52:00.000,14031,56
"573903",2011-11-01 14:51:00.000,14667,59
C548941,2011-04-05 10:32:00.000,15061,35
"567968",2011-09-23 09:44:00.000,12546,36
C538771,2010-12-14 11:35:00.000,13078,59
"579531",2011-11-30 09:18:00.000,17017,35
"553997",2011-05-20 11:34:00.000,12656,35
"562560",2011-08-05 17:12:00.000,14156,54
"552554",2011-05-10 11:04:00.000,12843,9
"541411",2011-01-17 16:07:00.000,17961,34
"565315",2011-09-02 12:51:00.000,14019,18
"566746",2011-09-14 15:18:00.000,13321,60
"543277",2011-02-06 14:33:00.000,15808,35
"580873",2011-12-06 12:06:00.000,15061,54
"550135",2011-04-14 13:52:00.000,15769,18
"563686",2011-08-18 12:30:00.000,13098,18
C569916,2011-10-06 17:00:00.000,13777,33
"576791",2011-11-16 13:59:00.000,17896,53
"557100",2011-06-16 15:47:00.000,16027,33
"572106",2011-10-20 17:04:00.000,15058,60
"571892",2011-10-19 14:12:00.000,13089,52
C571059,2011-10-13 14:27:00.000,17813,52
"536395",2010-12-01 10:47:00.000,13767,36
"573167",2011-10-28 09:29:00.000,18287,59
"563196",2011-08-12 16:54:00.000,14406,59
"544968",2011-02-25 11:30:00.000,13458,52
"551152",2011-04-26 14:47:00.000,13230,56
"538863",2010-12-14 14:15:00.000,16919,60
C544902,2011-02-24 13:05:00.000,12362,34
"574735",2011-11-06 15:41:00.000,13155,53
"543596",2011-02-10 12:21:00.000,14898,9
"557742",2011-06-22 11:46:00.000,14911,36
"554376",2011-05-24 11:31:00.000,15719,55
"541867",2011-01-24 09:28:00.000,14744,54
"542003",2011-01-25 11:07:00.000,15311,52
C562992,2011-08-11 11:48:00.000,12885,56
C543606,2011-02-10 14:13:00.000,14665,52
"574056",2011-11-02 14:09:00.000,14646,33
"558717",2011-07-01 13:22:00.000,12710,52
C551140,2011-04-26 13:11:00.000,17613,9
C538109,2010-12-09 15:23:00.000,16042,53
"568695",2011-09-28 14:55:00.000,16321,35
"572668",2011-10-25 13:07:00.000,18045,60
"565855",2011-09-07 13:30:00.000,15114,36
C551541,2011-05-03 08:49:00.000,13692,36
"581008",2011-12-07 09:02:00.000,13089,60
"556214",2011-06-09 14:14:00.000,14913,60
"559013",2011-07-05 12:52:00.000,13414,56
"579001",2011-11-27 16:19:00.000,15555,36
"554654",2011-05-25 13:34:00.000,12815,34
"536832",2010-12-02 17:41:00.000,16634,18
"550476",2011-04-18 14:00:00.000,15769,56
"567911",2011-09-22 17:00:00.000,14854,54
"548407",2011-03-31 10:07:00.000,16401,35
"580673",2011-12-05 14:30:00.000,13089,56
"578459",2011-11-24 12:30:00.000,12388,35
"577853",2011-11-22 11:13:00.000,13681,56
"579941",2011-12-01 10:31:00.000,16496,56
"572688",2011-10-25 14:09:00.000,13028,59
"576881",2011-11-16 17:10:00.000,14673,53
C573779,2011-11-01 10:57:00.000,16360,56
"543973",2011-02-14 15:15:00.000,17571,35
"578356",2011-11-24 10:14:00.000,14866,18
C574548,2011-11-04 15:11:00.000,18044,33
"555808",2011-06-07 11:39:00.000,14867,18
"580401",2011-12-04 11:50:00.000,17618,36
C570854,2011-10-12 14:55:00.000,15473,60
"574303",2011-11-03 16:28:00.000,13324,35
"562579",2011-08-07 13:30:00.000,16950,56
"543278",2011-02-06 14:43:00.000,16745,52
"549961",2011-04-13 13:51:00.000,16652,33
C555360,2011-06-02 14:06:00.000,16133,33
C577395,2011-11-18 17:10:00.000,12779,18
"552298",2011-05-08 14:18:00.000,14507,53
C581568,2011-12-09 11:57:00.000,15311,56
C560643,2011-07-20 11:09:00.000,17866,34
"581487",2011-12-09 09:44:00.000,15694,33
"578263",2011-11-23 13:27:00.000,17422,52
"575701",2011-11-10 16:59:00.000,13396,60
"547820",2011-03-25 14:46:00.000,13743,56
"539604",2010-12-20 14:06:00.000,16353,33
"570840",2011-10-12 14:10:00.000,13468,53
"551151",2011-04-26 14:38:00.000,18144,18
"538708",2010-12-14 10:43:00.000,16202,18
"537617",2010-12-07 13:45:00.000,16086,36
C571919,2011-10-19 16:08:00.000,17350,18
"573134",2011-10-27 16:59:00.000,12952,33
"576217",2011-11-14 12:56:00.000,17081,60
"581172",2011-12-07 15:07:00.000,16525,54
"558416",2011-06-29 10:50:00.000,16059,35
"578104",2011-11-23 08:43:00.000,13969,52
"566967",2011-09-15 18:05:00.000,16746,55
"544676",2011-02-22 16:03:00.000,17841,60
"572905",2011-10-26 15:39:00.000,14690,18
"573164",2011-10-28 09:06:00.000,13993,52
"562774",2011-08-09 12:20:00.000,13500,9
"565444",2011-09-04 14:36:00.000,17894,9
"541106",2011-01-13 14:50:00.000,18092,53
"551191",2011-04-27 10:52:00.000,16698,18
"550216",2011-04-15 11:06:00.000,13516,34
"537882",2010-12-09 09:25:00.000,15079,36
"557289",2011-06-19 12:58:00.000,16880,35
"577546",2011-11-20 14:45:00.000,17758,56
"558862",2011-07-04 12:25:00.000,13901,35
C536642,2010-12-02 11:56:00.000,14390,55
"563743",2011-08-19 09:23:00.000,12828,33
"538850",2010-12-14 13:31:00.000,16499,56
"546091",2011-03-09 11:53:00.000,14936,18
"543598",2011-02-10 13:06:00.000,18230,53
C569526,2011-10-04 14:51:00.000,15044,36
"543454",2011-02-08 12:20:00.000,14527,60
"536641",2010-12-02 11:46:00.000,12748,60
"575723",2011-11-10 18:33:00.000,14748,60
C560409,2011-07-18 14:24:00.000,16717,33
C567708,2011-09-22 09:53:00.000,15201,55
C563594,2011-08-18 06:14:00.000,18248,9
"544808",2011-02-23 15:11:00.000,14562,9
"540970",2011-01-12 13:52:00.000,14185,52
"544443",2011-02-20 10:43:00.000,13725,53
C562887,2011-08-10 11:43:00.000,17994,36
"562777",2011-08-09 12:52:00.000,15247,33
"578461",2011-11-24 12:30:00.000,12748,35
C540791,2011-01-11 11:49:00.000,13534,33
"580127",2011-12-01 17:51:00.000,14911,35
"570510",2011-10-11 10:22:00.000,15370,9
"553856",2011-05-19 13:28:00.000,16813,55
"543935",2011-02-14 14:39:00.000,12989,36
"563235",2011-08-15 09:18:00.000,15939,35
"540505",2011-01-09 11:05:00.000,17095,52
"539731",2010-12-21 15:05:00.000,14646,53
"555198",2011-06-01 11:52:00.000,15916,55
"567888",2011-09-22 15:34:00.000,17079,55
"563017",2011-08-11 12:48:00.000,13198,34
"557948",2011-06-23 16:35:00.000,13937,34
"569629",2011-10-05 11:37:00.000,15249,33
"578251",2011-11-23 12:45:00.000,15993,55
"555724",2011-06-06 16:22:00.000,15737,60
"554071",2011-05-22 11:17:00.000,13113,35
"548289",2011-03-30 11:48:00.000,13988,55
"562046",2011-08-02 10:34:00.000,12378,36
"575053",2011-11-08 12:18:00.000,16945,55
"566739",2011-09-14 14:30:00.000,12566,35
"551696",2011-05-03 13:39:00.000,14110,35
"549123",2011-04-06 14:02:00.000,15201,60
"559697",2011-07-11 17:03:00.000,15577,56
"575880",2011-11-11 13:35:00.000,12726,33
"538185",2010-12-10 10:22:00.000,16265,9
"566297",2011-09-11 15:50:00.000,16794,36
"536993",2010-12-03 15:19:00.000,14396,33
"560723",2011-07-20 13:53:00.000,16464,54
"564950",2011-08-31 13:31:00.000,17320,34
"537865",2010-12-08 16:34:00.000,16011,55
"557631",2011-06-21 15:01:00.000,18229,54
"579328",2011-11-29 11:40:00.000,17711,9
"566074",2011-09-09 08:48:00.000,12535,34
"573272",2011-10-28 13:02:00.000,13102,53
"553420",2011-05-17 10:14:00.000,17519,53
C542091,2011-01-25 12:41:00.000,17091,9
"571297",2011-10-16 16:25:00.000,16987,56
"553918",2011-05-20 08:39:00.000,16146,55
"548547",2011-03-31 19:42:00.000,17212,36
"545051",2011-02-27 11:58:00.000,12599,52
C542403,2011-01-27 16:07:00.000,13534,54
"555944",2011-06-08 10:36:00.000,16955,56
"562136",2011-08-03 09:59:00.000,15374,59
"548559",2011-04-01 10:08:00.000,16214,36
"569900",2011-10-06 16:17:00.000,17651,36
"573392",2011-10-30 15:04:00.000,15376,52
C570276,2011-10-10 11:03:00.000,17419,59
"556891",2011-06-15 12:48:00.000,17581,60
C556518,2011-06-13 10:53:00.000,16794,59
"564814",2011-08-30 11:54:00.000,12931,55
"574287",2011-11-03 15:09:00.000,14723,53
"575698",2011-11-10 16:51:00.000,16094,52
"565749",2011-09-06 12:44:00.000,14156,52
"575519",2011-11-10 10:53:00.000,12682,60
"557949",2011-06-23 17:20:00.000,15530,52
"567252",2011-09-19 11:37:00.000,13695,34
"553061",2011-05-13 11:12:00.000,17238,54
"537465",2010-12-07 10:32:00.000,17735,54
"571318",2011-10-17 10:50:00.000,17404,35
C550484,2011-04-18 14:14:00.000,16933,35
"544296",2011-02-17 12:47:00.000,14298,52
"567126",2011-09-16 13:53:00.000,17238,9
"557854",2011-06-23 11:38:00.000,13268,54
"573261",2011-10-28 12:32:00.000,17949,18
"561925",2011-08-01 12:28:00.000,16551,59
"553661",2011-05-18 11:59:00.000,13572,59
"573155",2011-10-28 08:34:00.000,13632,35
"570197",2011-10-07 15:45:00.000,13755,52
"543672",2011-02-11 11:25:00.000,16013,60
"537246",2010-12-06 10:27:00.000,12808,60
"572392",2011-10-24 11:54:00.000,14764,36
"580362",2011-12-02 16:30:00.000,13884,33
"581345",2011-12-08 12:15:00.000,17315,55
C576241,2011-11-14 13:35:00.000,13447,53
"571844",2011-10-19 12:30:00.000,17101,52
"563217",2011-08-14 13:21:00.000,13515,34
"575303",2011-11-09 12:34:00.000,12893,52
"579416",2011-11-29 13:00:00.000,12471,18
"550310",2011-04-17 11:04:00.000,15985,60
"553735",2011-05-19 08:32:00.000,14735,36
C553424,2011-05-17 10:31:00.000,17811,33
"564902",2011-08-31 11:50:00.000,18198,60
"554630",2011-05-25 11:34:00.000,13268,34
"557219",2011-06-17 12:39:00.000,14776,34
"553178",2011-05-15 11:29:00.000,17302,34
"546556",2011-03-15 09:32:00.000,16156,35
"557750",2011-06-22 12:50:00.000,16841,34
"556928",2011-06-15 14:48:00.000,14156,59
"547555",2011-03-23 16:35:00.000,14075,53
"578111",2011-11-23 09:28:00.000,14790,53
"556670",2011-06-13 16:29:00.000,15838,56
"572490",2011-10-24 13:59:00.000,14467,34
"548616",2011-04-01 11:48:00.000,18263,34
"574903",2011-11-07 15:27:00.000,17302,59
"576913",2011-11-17 10:02:00.000,13756,60
C537860,2010-12-08 16:15:00.000,16252,56
"567756",2011-09-22 10:52:00.000,12678,18
"560595",2011-07-19 16:45:00.000,16656,59
"538653",2010-12-13 15:12:00.000,13089,52
"563215",2011-08-14 12:56:00.000,15683,9
"557604",2011-06-21 12:03:00.000,15039,34
"555591",2011-06-06 09:59:00.000,15073,54
"563540",2011-08-17 12:04:00.000,12473,36
"548632",2011-04-01 12:25:00.000,17701,52
C553519,2011-05-17 14:16:00.000,18218,52
"570118",2011-10-07 12:44:00.000,13276,59
"538108",2010-12-09 15:23:00.000,17456,34
"551277",2011-04-27 13:06:00.000,13637,56
"542216",2011-01-26 12:29:00.000,14911,33
"550606",2011-04-19 12:08:00.000,12594,33
"547762",2011-03-25 11:31:00.000,13695,52
"537955",2010-12-09 11:28:00.000,16782,9
"548500",2011-03-31 13:49:00.000,17071,9
"543380",2011-02-07 15:47:00.000,14293,52
"561003",2011-07-22 14:41:00.000,13079,56
"551391",2011-04-28 12:06:00.000,15514,18
"553191",2011-05-15 13:22:00.000,13118,33
"554710",2011-05-26 10:37:00.000,15769,60
"544754",2011-02-23 10:58:00.000,16394,18
"544051",2011-02-15 12:40:00.000,16700,52
"581002",2011-12-07 08:21:00.000,14708,36
"568066",2011-09-23 13:48:00.000,14529,34
"545894",2011-03-07 17:04:00.000,16242,33
"569255",2011-10-03 11:01:00.000,18102,60
"550189",2011-04-14 19:15:00.000,13230,60
C577832,2011-11-22 10:18:00.000,18274,52
C579781,2011-11-30 15:20:00.000,17451,54
"547707",2011-03-24 18:28:00.000,18008,60
"575726",2011-11-10 19:12:00.000,16791,18
"563451",2011-08-16 14:34:00.000,18241,60
"543377",2011-02-07 15:14:00.000,13725,18
"555840",2011-06-07 12:46:00.000,15805,33
"553417",2011-05-17 10:08:00.000,13871,35
C566467,2011-09-12 18:04:00.000,14688,56
C556673,2011-06-13 17:08:00.000,16949,34
C579871,2011-11-30 16:54:00.000,16101,33
"568398",2011-09-27 10:26:00.000,14543,55
"577289",2011-11-18 12:39:00.000,12931,34
"562533",2011-08-05 14:36:00.000,17676,33
"556049",2011-06-08 13:00:00.000,16013,9
"575732",2011-11-11 08:19:00.000,12712,53
"566317",2011-09-12 10:19:00.000,13375,54
"546644",2011-03-15 13:28:00.000,15932,9
"543197",2011-02-04 12:36:00.000,12842,34
"550944",2011-04-21 15:51:00.000,17109,59
"572312",2011-10-23 15:47:00.000,15022,34
"540824",2011-01-11 13:31:00.000,12728,59
"572906",2011-10-26 15:43:00.000,17557,52
"574720",2011-11-06 14:39:00.000,14547,53
"578683",2011-11-25 08:55:00.000,15134,18
"565091",2011-09-01 10:28:00.000,16011,18
"568882",2011-09-29 12:39:00.000,12839,35
"557262",2011-06-19 10:55:00.000,16923,34
"553194",2011-05-15 13:37:00.000,16283,34
"573001",2011-10-27 12:08:00.000,12841,34
"579552",2011-11-30 10:54:00.000,16210,36
"572851",2011-10-26 12:22:00.000,16013,52
"556681",2011-06-14 09:41:00.000,12826,60
C550650,2011-04-19 16:39:00.000,18171,59
"540567",2011-01-10 11:09:00.000,16850,53
"570632",2011-10-11 12:27:00.000,17412,56
"567094",2011-09-16 12:54:00.000,16924,60
"577499",2011-11-20 12:24:00.000,15906,18
"537862",2010-12-08 16:21:00.000,12971,56
C545537,2011-03-03 14:14:00.000,16212,54
"537509",2010-12-07 11:41:00.000,13756,59
"555010",2011-05-31 10:38:00.000,17450,33
"554283",2011-05-23 14:11:00.000,17686,34
"579676",2011-11-30 13:13:00.000,17502,18
C549437,2011-04-08 12:37:00.000,13005,18
"543915",2011-02-14 13:21:00.000,13717,18
C538834,2010-12-14 13:06:00.000,14415,54
"547623",2011-03-24 11:29:00.000,15641,60
"548510",2011-03-31 15:02:00.000,17861,59
"554650",2011-05-25 12:54:00.000,12681,55
"567900",2011-09-22 16:27:00.000,14911,35
"565664",2011-09-05 17:36:00.000,13211,52
"550990",2011-04-21 18:31:00.000,16553,55
"554147",2011-05-23 10:48:00.000,12423,54
C581468,2011-12-08 19:26:00.000,13599,54
"555544",2011-06-05 13:05:00.000,14621,52
"569235",2011-10-02 15:35:00.000,17841,53
C543469,2011-02-08 14:55:00.000,12709,34
"545637",2011-03-04 12:16:00.000,15514,9
"566732",2011-09-14 13:42:00.000,17716,54
"554309",2011-05-23 15:00:00.000,12989,60
"569514",2011-10-04 13:56:00.000,15228,9
"568225",2011-09-26 10:35:00.000,13014,18
"538783",2010-12-14 11:38:00.000,14961,33
C540142,2011-01-05 10:50:00.000,12782,34
"547087",2011-03-20 15:58:00.000,12726,56
C556638,2011-06-13 15:35:00.000,14231,33
"575194",2011-11-09 09:38:00.000,16767,34
C542744,2011-01-31 16:32:00.000,16191,59
"543470",2011-02-08 14:58:00.000,16951,34
"577880",2011-11-22 11:37:00.000,14515,60
"541271",2011-01-17 11:12:00.000,12388,9
"579254",2011-11-28 17:05:00.000,14511,53
"541509",2011-01-18 16:31:00.000,13263,53
"563204",2011-08-14 11:49:00.000,17048,56
"557237",2011-06-17 14:46:00.000,17204,54
"550002",2011-04-14 09:30:00.000,12709,52
"574909",2011-11-07 15:40:00.000,13673,56
"552880",2011-05-12 09:59:00.000,18245,52
"554120",2011-05-22 15:28:00.000,16592,60
"557464",2011-06-20 13:06:00.000,15301,60
"556783",2011-06-14 13:15:00.000,13408,53
C545443,2011-03-02 16:20:00.000,17442,60
"558560",2011-06-30 13:23:00.000,17841,9
"574910",2011-11-07 15:44:00.000,16348,55
"538523",2010-12-13 09:29:00.000,13198,54
"547895",2011-03-28 10:52:00.000,18118,36
"568173",2011-09-25 13:16:00.000,16187,56
"562944",2011-08-11 09:34:00.000,13985,36
"545087",2011-02-28 11:46:00.000,16422,53
"540779",2011-01-11 11:18:00.000,15346,9
"574032",2011-11-02 12:37:00.000,17754,35
"548190",2011-03-29 15:18:00.000,17511,9
"572541",2011-10-24 16:20:00.000,17315,35
"557034",2011-06-16 13:50:00.000,13627,52
"545700",2011-03-06 14:57:00.000,17811,9
"562219",2011-08-03 14:14:00.000,15089,35
C541779,2011-01-21 11:50:00.000,13102,59
"546689",2011-03-16 10:24:00.000,16985,36
C574443,2011-11-04 11:41:00.000,13890,53
"549047",2011-04-06 10:07:00.000,17783,55
"537412",2010-12-06 15:06:00.000,14409,60
"550351",2011-04-18 10:20:00.000,15491,56
"541670",2011-01-20 12:34:00.000,14911,52
"544040",2011-02-15 11:40:00.000,14701,54
"561511",2011-07-27 15:02:00.000,15624,52
"578670",2011-11-24 17:29:00.000,17323,54
"552465",2011-05-09 15:17:00.000,16242,35
C560735,2011-07-20 14:59:00.000,16013,54
"573384",2011-10-30 14:19:00.000,15478,33
"553319",2011-05-16 12:05:00.000,16705,35
"551728",2011-05-04 08:51:00.000,12720,18
"549154",2011-04-06 16:47:00.000,17690,9
"549696",2011-04-11 13:55:00.000,13089,53
C572747,2011-10-25 16:49:00.000,17423,53
"568868",2011-09-29 12:00:00.000,12957,18
"561702",2011-07-29 10:58:00.000,15149,60
"552277",2011-05-08 12:34:00.000,13642,52
"544822",2011-02-24 09:08:00.000,18231,59
"536402",2010-12-01 11:22:00.000,15513,54
C574019,2011-11-02 12:05:00.000,12415,52
C557649,2011-06-21 17:15:00.000,15498,35
"557896",2011-06-23 14:22:00.000,17611,60
"562605",2011-08-08 10:59:00.000,12530,59
C547043,2011-03-20 11:19:00.000,16156,52
"576581",2011-11-15 14:15:00.000,15955,59
"579920",2011-12-01 09:02:00.000,16839,36
"555407",2011-06-03 07:48:00.000,12775,36
"573146",2011-10-27 18:10:00.000,16422,36
"553390",2011-05-16 16:41:00.000,17841,56
"540166",2011-01-05 12:09:00.000,13629,18
C580507,2011-12-04 13:37:00.000,15867,60
"544935",2011-02-25 09:09:00.000,13870,59
"569852",2011-10-06 14:17:00.000,13771,55
"576555",2011-11-15 13:01:00.000,17861,56
"575165",2011-11-08 17:05:00.000,14342,9
C575662,2011-11-10 14:48:00.000,13767,36
"580047",2011-12-01 12:44:00.000,12989,59
"568594",2011-09-28 10:56:00.000,13397,34
C556269,2011-06-09 19:36:00.000,13456,34
"554814",2011-05-26 13:34:00.000,16609,59
"556036",2011-06-08 12:37:00.000,15159,35
C576350,2011-11-14 15:41:00.000,17730,18
"578941",2011-11-27 13:26:00.000,16024,52
"558624",2011-06-30 17:16:00.000,14560,35
C552043,2011-05-06 09:07:00.000,12476,9
"577039",2011-11-17 13:30:00.000,12539,60
"566009",2011-09-08 12:04:00.000,16076,56
C581390,2011-12-08 13:13:00.000,13081,33
"580302",2011-12-02 14:16:00.000,16103,9
"554698",2011-05-26 08:38:00.000,16678,54
"553423",2011-05-17 10:28:00.000,17811,54
"548613",2011-04-01 11:46:00.000,13694,34
"545676",2011-03-06 10:26:00.000,15034,18
"538157",2010-12-09 16:57:00.000,17576,53
"565934",2011-09-08 10:45:00.000,18222,59
"556296",2011-06-10 09:44:00.000,15114,59
"557964",2011-06-24 09:27:00.000,15498,35
"575337",2011-11-09 14:11:00.000,17867,54
"575167",2011-11-08 17:09:00.000,15153,60
C547849,2011-03-27 12:06:00.000,12471,35
"567312",2011-09-19 13:47:00.000,15500,34
C545068,2011-02-27 15:07:00.000,14157,33
"563923",2011-08-21 14:19:00.000,14460,52
C539565,2010-12-20 11:56:00.000,14113,59
"567819",2011-09-22 12:42:00.000,14004,33
"573068",2011-10-27 13:56:00.000,17545,18
"562611",2011-08-08 11:58:00.000,17716,55
"552962",2011-05-12 12:56:00.000,14364,56
"578035",2011-11-22 14:00:00.000,16422,55
"557744",2011-06-22 12:09:00.000,15194,54
"572676",2011-10-25 13:30:00.000,16258,52
"575579",2011-11-10 11:49:00.000,13081,53
C561621,2011-07-28 13:41:00.000,12722,52
"540121",2011-01-05 10:35:00.000,16145,9
"539112",2010-12-16 11:15:00.000,13468,35
"574684",2011-11-06 12:56:00.000,17581,54
"563254",2011-08-15 12:06:00.000,15218,35
"581502",2011-12-09 10:51:00.000,15910,60
"552643",2011-05-10 13:24:00.000,16791,52
"552472",2011-05-09 15:48:00.000,16503,34
C572223,2011-10-21 13:36:00.000,14147,56
"550279",2011-04-15 13:16:00.000,14700,52
"579940",2011-12-01 10:20:00.000,16938,60
"555852",2011-06-07 13:38:00.000,17429,60
"555282",2011-06-02 09:04:00.000,12709,33
C556634,2011-06-13 15:22:00.000,17675,54
C536828,2010-12-02 17:35:00.000,14264,35
"548612",2011-04-01 11:34:00.000,13137,36
"568101",2011-09-23 15:21:00.000,15978,9
"540825",2011-01-11 13:54:00.000,13672,54
"550459",2011-04-18 13:17:00.000,18116,9
"574619",2011-11-06 11:18:00.000,15952,56
"580833",2011-12-06 11:41:00.000,16764,53
"563229",2011-08-14 15:35:00.000,17988,34
"569136",2011-09-30 14:41:00.000,15834,36
"539226",2010-12-16 13:05:00.000,14309,53
"578094",2011-11-22 17:23:00.000,16261,59
C572113,2011-10-20 19:14:00.000,15179,36
C564759,2011-08-30 10:40:00.000,14911,53
"554930",2011-05-27 13:17:00.000,15939,9
"554027",2011-05-20 13:40:00.000,15260,60
"549705",2011-04-11 14:00:00.000,13668,18
"562608",2011-08-08 11:45:00.000,15502,53
"561732",2011-07-29 12:13:00.000,14511,33
"554823",2011-05-26 14:20:00.000,16624,35
"561044",2011-07-24 12:26:00.000,13831,35
"561645",2011-07-28 15:16:00.000,14911,55
"560230",2011-07-17 10:53:00.000,12600,33
"546538",2011-03-14 14:51:00.000,16327,52
"552174",2011-05-06 13:07:00.000,15144,52
"543642",2011-02-10 17:40:00.000,16161,54
"576570",2011-11-15 13:47:00.000,17220,59
"571304",2011-10-17 09:37:00.000,12526,35
"581495",2011-12-09 10:20:00.000,14051,54
"568350",2011-09-26 15:35:00.000,12612,53
"559940",2011-07-14 10:20:00.000,17396,54
"547672",2011-03-24 13:54:00.000,17754,60
"578361",2011-11-24 10:38:00.000,13638,59
C559742,2011-07-12 11:11:00.000,14267,9
"570287",2011-10-10 11:37:00.000,17425,59
"562973",2011-08-11 11:42:00.000,14911,36
"545349",2011-03-02 11:07:00.000,18118,55
"549669",2011-04-11 12:21:00.000,13113,35
"561002",2011-07-22 14:39:00.000,13750,53
"572348",2011-10-24 11:21:00.000,15482,34
"567462",2011-09-20 12:35:00.000,14446,34
"560580",2011-07-19 15:23:00.000,14088,18
"540702",2011-01-11 09:58:00.000,13491,36
"572545",2011-10-24 16:48:00.000,17450,59
C559019,2011-07-05 13:10:00.000,14034,56
"570115",2011-10-07 12:37:00.000,13798,59
"546132",2011-03-09 15:17:00.000,15057,55
C577345,2011-11-18 15:16:00.000,15563,9
"549693",2011-04-11 13:43:00.000,14696,34
"560713",2011-07-20 13:09:00.000,16774,53
"538519",2010-12-12 16:20:00.000,18037,55
"565590",2011-09-05 13:53:00.000,16029,60
"539421",2010-12-17 14:21:00.000,14016,33
"581147",2011-12-07 14:01:00.000,16426,35
"572328",2011-10-24 10:11:00.000,13104,54
"555202",2011-06-01 12:11:00.000,16813,33
"561226",2011-07-26 10:13:00.000,15618,60
C566777,2011-09-15 09:55:00.000,14911,18
"577155",2011-11-18 09:56:00.000,13050,18
C546278,2011-03-10 15:06:00.000,13476,36
"542114",2011-01-25 14:00:00.000,16943,35
"577493",2011-11-20 12:13:00.000,17323,35
"558880",2011-07-04 14:08:00.000,12921,34
"547407",2011-03-23 08:54:00.000,15658,59
C540784,2011-01-11 11:39:00.000,13126,34
"541798",2011-01-21 14:17:00.000,15311,35
"539580",2010-12-20 12:51:00.000,15312,56
"566184",2011-09-09 13:01:00.000,16723,18
C579776,2011-11-30 15:12:00.000,13212,60
C566460,2011-09-12 17:19:00.000,18223,33
"546190",2011-03-10 10:57:00.000,13102,59
"578059",2011-11-22 15:15:00.000,13940,18
"577125",2011-11-17 18:43:00.000,12445,59
"577807",2011-11-22 08:26:00.000,15699,55
"575942",2011-11-13 11:44:00.000,15599,52
"552963",2011-05-12 12:57:00.000,16743,60
"564725",2011-08-28 12:28:00.000,18041,18
"551341",2011-04-28 07:52:00.000,15189,36
"547832",2011-03-25 16:25:00.000,17511,52
"550822",2011-04-21 09:26:00.000,14001,9
"548718",2011-04-04 08:50:00.000,14156,53
"542989",2011-02-02 11:41:00.000,15226,36
"555516",2011-06-05 10:50:00.000,17706,35
"563500",2011-08-16 17:25:00.000,15856,9
"555848",2011-06-07 13:31:00.000,16081,55
"537883",2010-12-09 09:27:00.000,14437,55
"577165",2011-11-18 10:27:00.000,13171,34
"572673",2011-10-25 13:16:00.000,13309,56
C557842,2011-06-23 10:42:00.000,14159,9
"555287",2011-06-02 09:42:00.000,14298,34
"537995",2010-12-09 11:39:00.000,12712,59
"549239",2011-04-07 11:37:00.000,13102,59
"575657",2011-11-10 14:30:00.000,13319,60
"564096",2011-08-23 10:36:00.000,16133,55
"556475",2011-06-12 12:03:00.000,18109,18
"546172",2011-03-10 10:32:00.000,14156,9
"576220",2011-11-14 13:00:00.000,15838,52
"550786",2011-04-20 14:06:00.000,16672,33
"543245",2011-02-04 14:08:00.000,16725,53
"544475",2011-02-21 09:55:00.000,17361,36
"545377",2011-03-02 11:32:00.000,14606,55
"569211",2011-10-02 12:04:00.000,15774,36
"566236",2011-09-11 11:19:00.000,16384,56
"537369",2010-12-06 12:41:00.000,17860,36
"574093",2011-11-03 09:43:00.000,12437,56
C580805,2011-12-06 11:23:00.000,16764,59
C537445,2010-12-07 08:57:00.000,15021,56
C572531,2011-10-24 15:57:00.000,13269,54
"562456",2011-08-05 10:39:00.000,15194,54
C540853,2011-01-12 09:52:00.000,12413,36
C545671,2011-03-06 10:08:00.000,15465,9
C578110,2011-11-23 09:23:00.000,15804,35
"558248",2011-06-27 16:48:00.000,13798,34
"554557",2011-05-25 10:12:00.000,15804,35
"576347",2011-11-14 15:38:00.000,13268,9
"539450",2010-12-17 16:53:00.000,15570,55
"542996",2011-02-02 12:10:00.000,15046,52
"572317",2011-10-23 16:13:00.000,14629,60
"567702",2011-09-22 09:38:00.000,15810,56
C567940,2011-09-22 18:21:00.000,16984,35
"555512",2011-06-05 10:37:00.000,18198,18
C565403,2011-09-02 17:53:00.000,16187,35
"554861",2011-05-27 10:29:00.000,12633,52
"575724",2011-11-10 18:37:00.000,14608,36
"538836",2010-12-14 13:09:00.000,12748,18
C559348,2011-07-07 17:25:00.000,16550,36
"540372",2011-01-06 16:41:00.000,13081,35
"581214",2011-12-08 08:32:00.000,14251,35
"566306",2011-09-12 09:36:00.000,13265,60
"549543",2011-04-10 11:14:00.000,18118,60
"546261",2011-03-10 15:01:00.000,17841,18
C569851,2011-10-06 14:02:00.000,17511,55
"571057",2011-10-13 14:13:00.000,15367,60
"570191",2011-10-07 15:23:00.000,12778,55
"536746",2010-12-02 13:39:00.000,16510,9
"549557",2011-04-10 12:59:00.000,14450,36
"536967",2010-12-03 12:57:00.000,12600,34
C563591,2011-08-18 06:10:00.000,16145,55
"558040",2011-06-24 12:51:00.000,14309,36
"555645",2011-06-06 13:31:00.000,18016,55
"580958",2011-12-06 14:30:00.000,17266,33
"562564",2011-08-07 10:43:00.000,15058,36
"576642",2011-11-16 09:59:00.000,12963,33
"557525",2011-06-21 09:26:00.000,12759,9
"573330",2011-10-30 11:22:00.000,16923,36
C549895,2011-04-12 15:40:00.000,16553,33
"572925",2011-10-27 09:18:00.000,12523,54
"562120",2011-08-02 17:04:00.000,13756,56
"577802",2011-11-21 17:10:00.000,15132,55
"537801",2010-12-08 13:08:00.000,15221,36
"572848",2011-10-26 12:19:00.000,16188,9
"545083",2011-02-28 10:40:00.000,15724,9
C555881,2011-06-07 15:37:00.000,12473,34
"577169",2011-11-18 10:42:00.000,14641,9
"548712",2011-04-03 14:42:00.000,17050,52
"568323",2011-09-26 13:45:00.000,15078,36
"580999",2011-12-06 17:49:00.000,17883,52
"567378",2011-09-20 10:01:00.000,14911,54
"547576",2011-03-24 10:37:00.000,16620,59
"567111",2011-09-16 13:37:00.000,17663,56
"549196",2011-04-07 10:33:00.000,14911,55
"558334",2011-06-28 13:11:00.000,12599,54
"554643",2011-05-25 12:28:00.000,16133,59
"543354",2011-02-07 13:50:00.000,13458,59
"568491",2011-09-27 11:58:00.000,15443,59
"541206",2011-01-14 12:24:00.000,14646,18
"569228",2011-10-02 14:47:00.000,15547,54
"579507",2011-11-29 16:32:00.000,15297,56
"559662",2011-07-11 13:32:00.000,16572,53
C567706,2011-09-22 09:46:00.000,15769,52
"550912",2011-04-21 13:17:00.000,13267,33
"553684",2011-05-18 13:55:00.000,16389,54
"560931",2011-07-22 10:25:00.000,16365,18
"567664",2011-09-21 15:15:00.000,14780,52
"549027",2011-04-05 17:02:00.000,17857,52
C554688,2011-05-25 16:50:00.000,14442,36
"539217",2010-12-16 12:46:00.000,15394,52
"551993",2011-05-05 15:39:00.000,14697,56
"541281",2011-01-17 11:59:00.000,17988,53
"549747",2011-04-12 10:41:00.000,17428,33
"537605",2010-12-07 13:13:00.000,16221,53
"560596",2011-07-19 16:48:00.000,13199,9
"565613",2011-09-05 15:19:00.000,13744,33
"553470",2011-05-17 11:27:00.000,18102,53
"557316",2011-06-19 16:04:00.000,17299,55
"560229",2011-07-17 10:39:00.000,14013,56
"549916",2011-04-13 09:39:00.000,13717,60
"543202",2011-02-04 13:04:00.000,17291,36
"549283",2011-04-07 13:32:00.000,13005,18
"571555",2011-10-18 09:15:00.000,16458,54
"577806",2011-11-22 08:20:00.000,12963,54
"567800",2011-09-22 12:01:00.000,13089,53
"542517",2011-01-28 12:11:00.000,13694,35
"571272",2011-10-16 12:19:00.000,13878,60
"569333",2011-10-03 13:49:00.000,13431,35
"563776",2011-08-19 11:23:00.000,12600,36
"556365",2011-06-10 11:44:00.000,16370,54
"571779",2011-10-19 11:27:00.000,12748,59
"547671",2011-03-24 13:45:00.000,14560,9
C579169,2011-11-28 14:26:00.000,17924,53
C567997,2011-09-23 11:31:00.000,13097,52
"552332",2011-05-09 10:24:00.000,13908,36
"581356",2011-12-08 12:28:00.000,17830,35
"577061",2011-11-17 14:40:00.000,14911,55
"556960",2011-06-16 09:28:00.000,14844,52
"544913",2011-02-24 15:26:00.000,15543,60
"564963",2011-08-31 14:52:00.000,15582,54
"557057",2011-06-16 14:46:00.000,16843,53
"548660",2011-04-01 14:24:00.000,13169,55
C543347,2011-02-07 12:44:00.000,12472,9
"557953",2011-06-23 18:42:00.000,12748,54
"551851",2011-05-04 14:43:00.000,17511,18
"561967",2011-08-01 13:11:00.000,12844,55
"560275",2011-07-17 15:08:00.000,14895,34
"577756",2011-11-21 14:59:00.000,15115,52
"572354",2011-10-24 11:41:00.000,15215,33
"570026",2011-10-07 10:37:00.000,12781,36
"562839",2011-08-09 16:17:00.000,14056,52
"550821",2011-04-21 08:54:00.000,12506,56
"568672",2011-09-28 13:17:00.000,15348,55
"555394",2011-06-02 17:03:00.000,12971,60
"542898",2011-02-01 14:01:00.000,16110,18
"554554",2011-05-25 10:02:00.000,13694,34
"550264",2011-04-15 12:05:00.000,13426,56
"558893",2011-07-04 15:49:00.000,17581,52
"561038",2011-07-24 11:58:00.000,17114,55
"552814",2011-05-11 12:45:00.000,15079,18
"556534",2011-06-13 12:19:00.000,15036,59
"546107",2011-03-09 12:33:00.000,17238,9
"573758",2011-11-01 09:51:00.000,14345,52
"570082",2011-10-07 11:19:00.000,12524,54
"560278",2011-07-17 15:45:00.000,13610,53
"581500",2011-12-09 10:45:00.000,15344,56
"576657",2011-11-16 11:03:00.000,12720,33
"569870",2011-10-06 14:59:00.000,12757,54
"563569",2011-08-17 14:47:00.000,18257,53
"563756",2011-08-19 11:08:00.000,12418,55
"555601",2011-06-06 11:22:00.000,15852,59
"559672",2011-07-11 14:04:00.000,14796,55
"556280",2011-06-09 20:03:00.000,14584,52
"574333",2011-11-04 09:32:00.000,16671,33
"571407",2011-10-17 12:16:00.000,13750,54
"562224",2011-08-03 14:35:00.000,17306,33
"554825",2011-05-26 14:45:00.000,16843,33
"542835",2011-02-01 11:30:00.000,13939,60
"572875",2011-10-26 13:31:00.000,17706,55
"559361",2011-07-07 20:07:00.000,17312,60
"548642",2011-04-01 13:00:00.000,17287,35
C575667,2011-11-10 14:56:00.000,14032,56
"544068",2011-02-15 14:08:00.000,16431,34
C556669,2011-06-13 16:28:00.000,16133,34
"540842",2011-01-11 16:16:00.000,15602,35
"549523",2011-04-08 15:35:00.000,12748,54
"574690",2011-11-06 13:11:00.000,12638,59
"553187",2011-05-15 12:53:00.000,16809,59
C552015,2011-05-05 17:37:00.000,16722,34
"579466",2011-11-29 14:57:00.000,15189,56
"561634",2011-07-28 14:34:00.000,16912,36
"571230",2011-10-14 14:16:00.000,13717,33
"541213",2011-01-14 13:28:00.000,15033,59
"555099",2011-05-31 13:39:00.000,16333,36
"568409",2011-09-27 10:41:00.000,15701,33
"544798",2011-02-23 13:44:00.000,17063,59
"577429",2011-11-20 11:06:00.000,14881,55
"548858",2011-04-04 13:29:00.000,14911,54
"563561",2011-08-17 14:02:00.000,18073,34
"561593",2011-07-28 11:20:00.000,16003,34
"555194",2011-06-01 11:13:00.000,16422,36
"536838",2010-12-02 18:23:00.000,14865,33
C575056,2011-11-08 12:24:00.000,17736,59
"580534",2011-12-04 16:02:00.000,12724,35
"574844",2011-11-07 11:57:00.000,12783,59
C572276,2011-10-23 10:24:00.000,16768,9
"575852",2011-11-11 12:17:00.000,17238,53
"552639",2011-05-10 13:18:00.000,15134,9
"557959",2011-06-23 19:29:00.000,17351,59
"548196",2011-03-29 15:44:00.000,16011,55
"566479",2011-09-13 09:07:00.000,13831,55
"553830",2011-05-19 11:32:00.000,17871,53
"576093",2011-11-14 09:05:00.000,17744,60
"549975",2011-04-13 14:38:00.000,16175,60
"558437",2011-06-29 12:46:00.000,17799,53
"541513",2011-01-18 16:52:00.000,17576,33
"556066",2011-06-08 14:32:00.000,16872,34
C551892,2011-05-05 09:58:00.000,16265,35
C581465,2011-12-08 18:59:00.000,15755,9
"567552",2011-09-21 10:40:00.000,12583,33
"541370",2011-01-17 14:51:00.000,18179,53
"566094",2011-09-09 10:42:00.000,17965,36
"578030",2011-11-22 13:40:00.000,15498,54
"566621",2011-09-14 09:22:00.000,15845,35
"569217",2011-10-02 12:45:00.000,15579,55
C571907,2011-10-19 14:55:00.000,14297,59
"572214",2011-10-21 12:50:00.000,16918,9
"580967",2011-12-06 14:56:00.000,14216,55
C536625,2010-12-02 10:46:00.000,14766,52
"580532",2011-12-04 15:54:00.000,13098,60
"567344",2011-09-19 15:49:00.000,13704,35
C562185,2011-08-03 12:15:00.000,12748,59
"553929",2011-05-20 10:04:00.000,12931,34
"548801",2011-04-04 12:44:00.000,15289,9
"559918",2011-07-13 15:29:00.000,18225,53
"541995",2011-01-25 09:58:00.000,13158,35
C553905,2011-05-19 18:11:00.000,15622,54
"578100",2011-11-23 08:17:00.000,15814,52
"548735",2011-04-04 10:52:00.000,15039,18
"562732",2011-08-09 10:19:00.000,18248,35
C572750,2011-10-25 17:07:00.000,14395,54
"572862",2011-10-26 12:48:00.000,16750,52
"551272",2011-04-27 12:49:00.000,17530,60
"541569",2011-01-19 12:14:00.000,13520,35
"539591",2010-12-20 13:24:00.000,14062,54
"545224",2011-03-01 09:03:00.000,17068,33
"567423",2011-09-20 11:05:00.000,17450,53
C539711,2010-12-21 12:38:00.000,13319,52
C539068,2010-12-15 16:56:00.000,13266,60
"571360",2011-10-17 11:51:00.000,16563,52
"537393",2010-12-06 13:59:00.000,13089,9
"574249",2011-11-03 13:01:00.000,16347,55
"544815",2011-02-23 16:37:00.000,17171,59
"559336",2011-07-07 16:17:00.000,17315,59
C558080,2011-06-26 11:35:00.000,15104,59
C540394,2011-01-06 18:09:00.000,17696,55
C577381,2011-11-18 16:24:00.000,15297,9
"553576",2011-05-18 10:29:00.000,14282,33
"558756",2011-07-03 12:21:00.000,12843,34
"553566",2011-05-18 09:09:00.000,12690,34
C546323,2011-03-11 09:48:00.000,13975,35
"555417",2011-06-03 10:17:00.000,12601,55
"551384",2011-04-28 11:31:00.000,15223,55
C553904,2011-05-19 18:10:00.000,13081,34
"547488",2011-03-23 11:30:00.000,13821,52
"536787",2010-12-02 15:24:00.000,17850,34
"576650",2011-11-16 10:34:00.000,14286,53
"556977",2011-06-16 10:42:00.000,17446,33
C575341,2011-11-09 14:36:00.000,12931,60
"550131",2011-04-14 13:27:00.000,15935,18
"553515",2011-05-17 14:03:00.000,17515,18
"543539",2011-02-09 14:18:00.000,17757,60
"551275",2011-04-27 13:03:00.000,13285,60
"548984",2011-04-05 12:37:00.000,14546,36
"541676",2011-01-20 14:01:00.000,15379,36
"574949",2011-11-08 09:12:00.000,14360,9
"569529",2011-10-04 14:55:00.000,12512,60
"552835",2011-05-11 14:17:00.000,17664,54
"577408",2011-11-20 10:51:00.000,14805,35
"551987",2011-05-05 14:55:00.000,15005,56
C578142,2011-11-23 11:04:00.000,17010,55
"544393",2011-02-18 11:56:00.000,16393,33
"540465",2011-01-07 13:30:00.000,17707,52
"549126",2011-04-06 14:23:00.000,16031,59
C545532,2011-03-03 13:57:00.000,15257,52
"542142",2011-01-26 09:04:00.000,12971,54
"573122",2011-10-27 16:23:00.000,14357,53
"576695",2011-11-16 12:25:00.000,16469,35
"545675",2011-03-06 10:26:00.000,18223,56
"554033",2011-05-20 14:06:00.000,16187,60
"570637",2011-10-11 12:34:00.000,12530,55
"541107",2011-01-13 14:55:00.000,17744,9
"577845",2011-11-22 10:44:00.000,18139,35
C544310,2011-02-17 14:19:00.000,17841,53
"556408",2011-06-10 11:54:00.000,13533,60
"552789",2011-05-11 12:15:00.000,16029,59
"570798",2011-10-12 12:30:00.000,12679,56
"541265",2011-01-16 16:23:00.000,17609,59
"578196",2011-11-23 11:43:00.000,16168,59
"548014",2011-03-29 11:29:00.000,17719,18
"558994",2011-07-05 11:58:00.000,13854,9
"548651",2011-04-01 13:33:00.000,14970,54
"545462",2011-03-03 08:24:00.000,17567,18
"568896",2011-09-29 13:13:00.000,16361,18
"569834",2011-10-06 13:00:00.000,14383,59
"575989",2011-11-13 14:20:00.000,14698,52
"558382",2011-06-28 17:28:00.000,17997,54
"542628",2011-01-31 09:55:00.000,14426,52
C544080,2011-02-15 15:46:00.000,17819,36
"580977",2011-12-06 15:32:00.000,16569,60
"544600",2011-02-22 08:24:00.000,18061,59
"573367",2011-10-30 13:17:00.000,16145,36
"576257",2011-11-14 14:17:00.000,12757,59
C544665,2011-02-22 14:56:00.000,12852,34
"570667",2011-10-11 14:33:00.000,12362,9
"539761",2010-12-22 10:29:00.000,17593,56
"544668",2011-02-22 15:14:00.000,16573,35
"578292",2011-11-23 14:35:00.000,13174,36
"569457",2011-10-04 11:29:00.000,14606,55
"560915",2011-07-21 18:19:00.000,13313,36
"554936",2011-05-27 13:30:00.000,12971,60
"554918",2011-05-27 12:29:00.000,17345,34
"539299",2010-12-16 17:30:00.000,14180,60
C536543,2010-12-01 14:30:00.000,17841,33
C548915,2011-04-05 09:53:00.000,12668,59
"546979",2011-03-18 12:18:00.000,16256,34
"564041",2011-08-22 12:46:00.000,14560,56
C556276,2011-06-09 19:48:00.000,14696,59
C541245,2011-01-16 12:40:00.000,15535,35
"545018",2011-02-25 13:53:00.000,14481,56
C558905,2011-07-04 16:27:00.000,13826,52
"553463",2011-05-17 11:02:00.000,13488,34
"536976",2010-12-03 14:18:00.000,14723,52
"538671",2010-12-13 16:38:00.000,15777,9
"568197",2011-09-25 14:52:00.000,16746,56
"551437",2011-04-28 15:13:00.000,13725,53
C544435,2011-02-18 16:32:00.000,15122,36
"546863",2011-03-17 15:41:00.000,16377,34
"553345",2011-05-16 12:53:00.000,16729,54
"545670",2011-03-06 10:07:00.000,15465,52
"576303",2011-11-14 14:51:00.000,15532,35
C576199,2011-11-14 12:13:00.000,12610,52
"538894",2010-12-14 17:22:00.000,16161,53
"575937",2011-11-13 11:24:00.000,12935,35
"568715",2011-09-28 16:07:00.000,17783,59
"572326",2011-10-24 09:55:00.000,14607,35
C569370,2011-10-03 15:41:00.000,12484,33
"561473",2011-07-27 13:17:00.000,15078,60
"566225",2011-09-11 10:35:00.000,16899,53
"536523",2010-12-01 12:50:00.000,12868,9
"571056",2011-10-13 14:10:00.000,15367,56
"541124",2011-01-14 09:54:00.000,17389,33
"571247",2011-10-14 16:04:00.000,15826,18
"546527",2011-03-14 13:00:00.000,15061,60
"565453",2011-09-04 16:05:00.000,15136,52
"578807",2011-11-25 13:10:00.000,17491,55
"554951",2011-05-27 14:48:00.000,16323,53
"545699",2011-03-06 14:50:00.000,15572,59
"580874",2011-12-06 12:09:00.000,14735,52
"559660",2011-07-11 13:19:00.000,16701,60
"576352",2011-11-14 15:51:00.000,16478,36
C581145,2011-12-07 13:48:00.000,17490,53
"553612",2011-05-18 10:48:00.000,17556,59
"563174",2011-08-12 13:40:00.000,16746,54
"543391",2011-02-08 10:12:00.000,14475,53
"553917",2011-05-20 08:30:00.000,17615,18
"580985",2011-12-06 16:33:00.000,17389,54
"551654",2011-05-03 12:04:00.000,16837,9
C574026,2011-11-02 12:26:00.000,14606,54
"552877",2011-05-12 09:49:00.000,14883,9
C539284,2010-12-16 15:54:00.000,16770,36
"565462",2011-09-05 09:38:00.000,16551,55
"545228",2011-03-01 09:47:00.000,16078,35
"546251",2011-03-10 14:37:00.000,16553,34
"544307",2011-02-17 14:04:00.000,15903,52
"554109",2011-05-22 14:33:00.000,12682,36
"560356",2011-07-18 11:41:00.000,16875,56
C571859,2011-10-19 13:39:00.000,15159,52
"560120",2011-07-15 10:27:00.000,14907,18
"536749",2010-12-02 13:49:00.000,17976,9
"575145",2011-11-08 15:40:00.000,14116,33
"557067",2011-06-16 15:12:00.000,13098,35
C557061,2011-06-16 14:55:00.000,14895,53
"541137",2011-01-14 10:39:00.000,13777,18
"571269",2011-10-16 12:09:00.000,16243,18
"570090",2011-10-07 11:43:00.000,13806,53
C557043,2011-06-16 14:33:00.000,14245,35
"549989",2011-04-13 16:58:00.000,13221,55
C539600,2010-12-20 13:57:00.000,13329,35
"536742",2010-12-02 13:14:00.000,16916,18
"543480",2011-02-08 15:48:00.000,13133,55
"537755",2010-12-08 11:31:00.000,16525,56
"577808",2011-11-22 08:28:00.000,13403,52
"574292",2011-11-03 15:27:00.000,16914,36
"557227",2011-06-17 13:40:00.000,15805,9
"581583",2011-12-09 12:23:00.000,13777,35
"560606",2011-07-20 10:08:00.000,17422,59
C558468,2011-06-29 15:23:00.000,17389,60
C540393,2011-01-06 18:08:00.000,17428,60
"573424",2011-10-31 10:05:00.000,12720,60
"566849",2011-09-15 12:03:00.000,16341,52
"545338",2011-03-01 17:32:00.000,17449,34
"570653",2011-10-11 13:49:00.000,14710,59
C547838,2011-03-27 10:47:00.000,12916,52
"568100",2011-09-23 15:20:00.000,15475,34
"542927",2011-02-02 10:06:00.000,18198,60
"554102",2011-05-22 13:40:00.000,14647,34
C543644,2011-02-10 17:50:00.000,17609,53
C576919,2011-11-17 10:44:00.000,15529,56
"553892",2011-05-19 16:56:00.000,14825,9
"579900",2011-12-01 08:34:00.000,15951,9
"559896",2011-07-13 12:15:00.000,15530,18
"576781",2011-11-16 13:33:00.000,13939,52
"570220",2011-10-09 12:49:00.000,15612,55
"558027",2011-06-24 11:08:00.000,14032,56
"550515",2011-04-18 17:29:00.000,14502,52
"542713",2011-01-31 13:27:00.000,12668,36
C538763,2010-12-14 11:33:00.000,17722,9
"578429",2011-11-24 12:12:00.000,16271,53
"557764",2011-06-22 14:21:00.000,13089,35
"537800",2010-12-08 13:08:00.000,12748,33
"554363",2011-05-24 10:19:00.000,12647,35
"562519",2011-08-05 12:37:00.000,16764,34
"560096",2011-07-14 17:20:00.000,13538,34
"567476",2011-09-20 13:19:00.000,14859,36
"555116",2011-05-31 15:16:00.000,16919,52
"578042",2011-11-22 14:25:00.000,17500,34
"551543",2011-05-03 09:26:00.000,16055,9
"537901",2010-12-09 10:48:00.000,13854,55
C552030,2011-05-05 18:12:00.000,15189,54
"541287",2011-01-17 13:09:00.000,14101,36
"563020",2011-08-11 12:58:00.000,12428,59
"572933",2011-10-27 10:15:00.000,13458,60
C544415,2011-02-18 15:04:00.000,16133,52
"537160",2010-12-05 13:18:00.000,14161,55
"538817",2010-12-14 12:38:00.000,16191,33
C576908,2011-11-17 09:39:00.000,12670,53
"538191",2010-12-10 10:49:00.000,15061,52
"563368",2011-08-16 09:00:00.000,13995,33
"570028",2011-10-07 10:42:00.000,16210,34
"542122",2011-01-25 14:36:00.000,17082,60
"540412",2011-01-07 10:27:00.000,13842,60
C574517,2011-11-04 13:40:00.000,17109,54
"561905",2011-08-01 09:31:00.000,14947,56
"556070",2011-06-08 14:51:00.000,17873,18
"554135",2011-05-23 09:58:00.000,12877,52
"579278",2011-11-29 10:18:00.000,14209,55
"547492",2011-03-23 12:06:00.000,12604,53
C557895,2011-06-23 14:20:00.000,15834,33
"537313",2010-12-06 11:42:00.000,15304,53
"552326",2011-05-09 10:02:00.000,15596,33
"556460",2011-06-12 09:56:00.000,14276,60
"564075",2011-08-22 15:22:00.000,17659,52
"542125",2011-01-25 14:47:00.000,16497,54
"570356",2011-10-10 12:30:00.000,15330,18
C540814,2011-01-11 12:50:00.000,15518,52
"553747",2011-05-19 09:47:00.000,13627,35
"554081",2011-05-22 11:47:00.000,13227,35
C545569,2011-03-03 16:25:00.000,14239,9
"545342",2011-03-02 09:04:00.000,13497,18
C555421,2011-06-03 10:36:00.000,12779,54
"555731",2011-06-07 07:49:00.000,16655,53
"553166",2011-05-13 16:14:00.000,17655,55
"550437",2011-04-18 12:14:00.000,16923,35
"546545",2011-03-14 15:48:00.000,16804,9
"572462",2011-10-24 13:06:00.000,18240,33
C542642,2011-01-31 11:27:00.000,15827,34
"561462",2011-07-27 12:19:00.000,14088,36
C566978,2011-09-16 09:52:00.000,14177,56
"558814",2011-07-04 11:47:00.000,14049,56
"550828",2011-04-21 10:19:00.000,17315,59
"580291",2011-12-02 13:36:00.000,15539,53
"545522",2011-03-03 12:35:00.000,15596,52
"563831",2011-08-19 12:23:00.000,18081,59
"542025",2011-01-25 11:41:00.000,14543,60
"556526",2011-06-13 11:33:00.000,12732,53
"549928",2011-04-13 10:20:00.000,16684,52
"573287",2011-10-28 14:42:00.000,14194,34
"556010",2011-06-08 11:43:00.000,17414,34
C540952,2011-01-12 13:12:00.000,14606,55
"560562",2011-07-19 13:34:00.000,15713,54
"540639",2011-01-10 12:28:00.000,13107,33
C559747,2011-07-12 11:23:00.000,17069,9
"549584",2011-04-11 09:47:00.000,17574,53
"540770",2011-01-11 10:40:00.000,13468,18
C542991,2011-02-02 11:54:00.000,14460,54
"554375",2011-05-24 11:29:00.000,18044,56
"546428",2011-03-13 14:55:00.000,12681,59
"568391",2011-09-27 10:09:00.000,17788,53
C560556,2011-07-19 13:04:00.000,13089,36
"563095",2011-08-12 09:04:00.000,13158,9
"557755",2011-06-22 13:14:00.000,14733,55
C559829,2011-07-13 09:45:00.000,14483,55
"562029",2011-08-01 16:41:00.000,16182,36
"572769",2011-10-26 10:15:00.000,14051,9
"558333",2011-06-28 13:10:00.000,13953,36
"550674",2011-04-20 10:29:00.000,12971,18
"573382",2011-10-30 14:15:00.000,17655,18
"555845",2011-06-07 13:19:00.000,17015,54
"567203",2011-09-19 10:42:00.000,16080,60
"558384",2011-06-29 09:09:00.000,17389,35
"553925",2011-05-20 09:38:00.000,15370,53
"580955",2011-12-06 14:22:00.000,12442,36
"578783",2011-11-25 11:58:00.000,12748,35
"565916",2011-09-07 16:00:00.000,14156,52
"574736",2011-11-06 15:43:00.000,17131,59
"538909",2010-12-15 10:48:00.000,13491,18
C558859,2011-07-04 12:17:00.000,17841,53
"542746",2011-01-31 16:48:00.000,15881,35
"536799",2010-12-02 16:00:00.000,17228,18
"566420",2011-09-12 13:50:00.000,16360,35
C550530,2011-04-19 10:52:00.000,13082,33
"568207",2011-09-25 15:34:00.000,15150,59
C557475,2011-06-20 13:33:00.000,13517,55
"557601",2011-06-21 11:47:00.000,18252,56
"548169",2011-03-29 13:48:00.000,14680,54
C572491,2011-10-24 14:02:00.000,13047,60
"548652",2011-04-01 13:34:00.000,16928,59
"554082",2011-05-22 11:49:00.000,14878,56
"561518",2011-07-27 15:20:00.000,15261,56
"580132",2011-12-01 18:16:00.000,15694,53
C554210,2011-05-23 12:16:00.000,14573,18
"553666",2011-05-18 12:18:00.000,12679,59
"543486",2011-02-09 10:24:00.000,13319,56
C543620,2011-02-10 14:52:00.000,14081,56
"560729",2011-07-20 14:39:00.000,17511,55
"550309",2011-04-17 10:59:00.000,13220,18
"547922",2011-03-28 13:32:00.000,15624,59
"575178",2011-11-09 08:11:00.000,13798,59
"548459",2011-03-31 11:57:00.000,14890,56
"563163",2011-08-12 12:16:00.000,16013,35
"551950",2011-05-05 11:38:00.000,14911,53
"569638",2011-10-05 12:15:00.000,16140,35
"580129",2011-12-01 18:03:00.000,17426,52
"547969",2011-03-28 16:27:00.000,17238,18
"572654",2011-10-25 12:12:00.000,15805,33
"541522",2011-01-19 09:54:00.000,17419,35
"576246",2011-11-14 13:42:00.000,17566,53
"569660",2011-10-05 13:05:00.000,17382,18
"559011",2011-07-05 12:50:00.000,17049,34
"569403",2011-10-04 09:02:00.000,13319,55
"556203",2011-06-09 13:09:00.000,12399,34
"551519",2011-05-01 11:50:00.000,14304,35
C538725,2010-12-14 11:16:00.000,16955,52
"574728",2011-11-06 15:02:00.000,13719,52
C539657,2010-12-20 17:24:00.000,16134,35
"546112",2011-03-09 12:44:00.000,15769,18
"556062",2011-06-08 14:06:00.000,15189,55
C552707,2011-05-10 16:16:00.000,15696,52
"572667",2011-10-25 13:05:00.000,15963,55
C560124,2011-07-15 10:36:00.000,17440,55
"546237",2011-03-10 12:50:00.000,16625,54
"567473",2011-09-20 12:50:00.000,17841,9
C563072,2011-08-11 15:45:00.000,16928,59
"545309",2011-03-01 13:40:00.000,13884,60
"555818",2011-06-07 11:59:00.000,13784,36
"576910",2011-11-17 09:51:00.000,12477,60
"563750",2011-08-19 10:18:00.000,16122,33
"574727",2011-11-06 15:01:00.000,15526,36
"574354",2011-11-04 10:47:00.000,17203,36
"551884",2011-05-05 09:17:00.000,16109,55
"569144",2011-09-30 15:14:00.000,17227,35
"547003",2011-03-18 14:13:00.000,14155,36
"578080",2011-11-22 16:28:00.000,15634,33
"555841",2011-06-07 12:47:00.000,14583,36
"559341",2011-07-07 16:56:00.000,15144,54
"555856",2011-06-07 14:02:00.000,17124,52
"576605",2011-11-15 15:33:00.000,14562,54
"546923",2011-03-18 10:03:00.000,16716,35
"577973",2011-11-22 12:13:00.000,13798,34
"555025",2011-05-31 11:21:00.000,17648,60
"547122",2011-03-21 11:52:00.000,17678,56
"579600",2011-11-30 12:00:00.000,13647,59
"540040",2011-01-04 14:20:00.000,12483,34
"572674",2011-10-25 13:17:00.000,14173,56
"577774",2011-11-21 15:57:00.000,16712,52
C568911,2011-09-29 13:44:00.000,15050,36
C574061,2011-11-02 14:18:00.000,12474,9
"569527",2011-10-04 14:53:00.000,12512,52
"552365",2011-05-09 12:25:00.000,16440,35
"546223",2011-03-10 12:22:00.000,14854,59
C546256,2011-03-10 14:56:00.000,15738,18
"546427",2011-03-13 14:29:00.000,14606,60
"563946",2011-08-22 10:15:00.000,17527,56
"557292",2011-06-19 13:06:00.000,17562,18
"574689",2011-11-06 13:08:00.000,16372,34
"542130",2011-01-25 15:36:00.000,13468,9
"572325",2011-10-24 09:54:00.000,14607,59
"565080",2011-09-01 08:25:00.000,13509,35
"538354",2010-12-10 15:45:00.000,16873,36
"558125",2011-06-27 10:20:00.000,16422,52
C546887,2011-03-17 18:14:00.000,14329,60
"576629",2011-11-16 08:37:00.000,12621,9
"538998",2010-12-15 12:08:00.000,15061,55
C542089,2011-01-25 12:39:00.000,12681,36
"543612",2011-02-10 14:46:00.000,16711,9
"553050",2011-05-13 10:09:00.000,15498,55
"551148",2011-04-26 14:12:00.000,15939,53
"550483",2011-04-18 14:12:00.000,16033,33
"542599",2011-01-30 11:01:00.000,17062,36
"577051",2011-11-17 14:02:00.000,14034,55
"580309",2011-12-02 14:46:00.000,14503,18
C555729,2011-06-06 16:50:00.000,13552,55
C554925,2011-05-27 12:57:00.000,17272,52
"543036",2011-02-02 15:57:00.000,17223,59
"554122",2011-05-22 15:37:00.000,15705,9
"552245",2011-05-06 19:42:00.000,12748,54
"565612",2011-09-05 15:17:00.000,12616,59
"563841",2011-08-19 13:35:00.000,17402,18
"579332",2011-11-29 11:41:00.000,14408,52
C550454,2011-04-18 13:00:00.000,15615,53
"544596",2011-02-21 17:35:00.000,16441,59
"568327",2011-09-26 14:02:00.000,15492,18
"571640",2011-10-18 12:01:00.000,17203,53
"560383",2011-07-18 12:52:00.000,16762,55
"578931",2011-11-27 12:40:00.000,16942,53
C549162,2011-04-06 17:16:00.000,17438,56
"574901",2011-11-07 15:15:00.000,17158,54
"562259",2011-08-03 15:34:00.000,15400,33
"536874",2010-12-03 11:35:00.000,16891,35
"546554",2011-03-15 09:13:00.000,16037,54
"549720",2011-04-11 15:25:00.000,14606,35
"560868",2011-07-21 14:14:00.000,14866,18
"552135",2011-05-06 11:51:00.000,14944,60
"559472",2011-07-08 13:39:00.000,18037,60
"554655",2011-05-25 13:35:00.000,12924,34
"547374",2011-03-22 13:54:00.000,16110,60
C567963,2011-09-23 09:19:00.000,14141,60
"561382",2011-07-26 17:27:00.000,16750,56
"566242",2011-09-11 11:56:00.000,15502,55
"538419",2010-12-12 12:01:00.000,16367,34
"540840",2011-01-11 15:42:00.000,16235,56
"575845",2011-11-11 12:07:00.000,12598,55
"564360",2011-08-24 16:13:00.000,12471,18
"552724",2011-05-11 10:29:00.000,13418,34
"551817",2011-05-04 11:50:00.000,17974,9
"539954",2010-12-23 12:04:00.000,13777,35
"581566",2011-12-09 11:50:00.000,18102,52
"560410",2011-07-18 14:28:00.000,17213,59
"570428",2011-10-10 14:02:00.000,15553,59
C542730,2011-01-31 15:27:00.000,13506,59
C575962,2011-11-13 12:30:00.000,14547,9
C556295,2011-06-10 09:37:00.000,13662,34
"568387",2011-09-27 10:04:00.000,13704,59
"555419",2011-06-03 10:20:00.000,15498,34
C567681,2011-09-21 16:24:00.000,15433,59
"556256",2011-06-09 17:37:00.000,14309,60
C546885,2011-03-17 18:11:00.000,15671,59
"538951",2010-12-15 11:26:00.000,16782,34
"577315",2011-11-18 13:25:00.000,17811,33
"559130",2011-07-06 12:56:00.000,15189,36
"564144",2011-08-23 11:53:00.000,13939,59
"544042",2011-02-15 11:52:00.000,14527,56
C576974,2011-11-17 11:52:00.000,12474,60
C548667,2011-04-01 15:00:00.000,12781,52
"572095",2011-10-20 15:15:00.000,15511,55
C564960,2011-08-31 14:24:00.000,14525,18
"539095",2010-12-16 10:18:00.000,16037,59
"574279",2011-11-03 14:47:00.000,14878,35
"567908",2011-09-22 16:48:00.000,18172,35
"567280",2011-09-19 11:46:00.000,14646,52
"573934",2011-11-02 10:36:00.000,17719,54
"570703",2011-10-12 09:50:00.000,14911,59
"579505",2011-11-29 16:31:00.000,13078,35
"565418",2011-09-04 12:07:00.000,13576,56
"569388",2011-10-03 16:50:00.000,14031,18
"562365",2011-08-04 13:51:00.000,14344,53
C542264,2011-01-26 17:25:00.000,15215,35
"558990",2011-07-05 11:30:00.000,13489,54
"553039",2011-05-13 08:21:00.000,16422,59
"548668",2011-04-01 15:03:00.000,16162,59
C557665,2011-06-21 18:02:00.000,13384,59
"575735",2011-11-11 08:46:00.000,14156,55
C554528,2011-05-24 17:26:00.000,14217,54
"551524",2011-05-01 12:35:00.000,16401,52
"569126",2011-09-30 13:28:00.000,13347,60
"567798",2011-09-22 12:00:00.000,13089,54
"546404",2011-03-11 15:42:00.000,13509,55
"563900",2011-08-21 11:05:00.000,14566,9
"545690",2011-03-06 12:46:00.000,13263,53
C566940,2011-09-15 16:13:00.000,14105,35
"539400",2010-12-17 12:00:00.000,12971,33
"540249",2011-01-05 16:00:00.000,15298,53
"573275",2011-10-28 13:12:00.000,15311,56
"557471",2011-06-20 13:27:00.000,15825,60
"581179",2011-12-07 15:43:00.000,12471,56
"551383",2011-04-28 10:54:00.000,17460,18
"552658",2011-05-10 14:57:00.000,14534,53
"571047",2011-10-13 13:42:00.000,16042,34
"550995",2011-04-26 08:33:00.000,16722,52
"558237",2011-06-27 15:04:00.000,12867,36
C558256,2011-06-27 17:08:00.000,13552,60
"581170",2011-12-07 15:00:00.000,13767,54
"576092",2011-11-14 09:00:00.000,18263,56
"570717",2011-10-12 10:35:00.000,17173,56
"567206",2011-09-19 10:51:00.000,13562,53
"578153",2011-11-23 11:22:00.000,12748,53
"569022",2011-09-30 09:45:00.000,17725,52
"558195",2011-06-27 12:32:00.000,17735,34
"545187",2011-02-28 15:18:00.000,16427,55
"565734",2011-09-06 12:15:00.000,17191,60
"549552",2011-04-10 11:58:00.000,13508,55
"545469",2011-03-03 10:09:00.000,17646,33
"547106",2011-03-21 11:24:00.000,15039,33
"543995",2011-02-15 10:45:00.000,13408,35
"548158",2011-03-29 13:28:00.000,15906,54
"545077",2011-02-28 10:07:00.000,14616,53
"540260",2011-01-06 09:40:00.000,13097,60
"564906",2011-08-31 12:18:00.000,12682,59
"554700",2011-05-26 09:18:00.000,12613,34
C560855,2011-07-21 13:00:00.000,14410,35
"579464",2011-11-29 14:51:00.000,15214,33
"579276",2011-11-29 10:10:00.000,12654,59
"580671",2011-12-05 14:26:00.000,15159,33
"559111",2011-07-06 11:54:00.000,17440,59
"543056",2011-02-03 10:47:00.000,12471,55
"552321",2011-05-09 09:15:00.000,17049,52
"578325",2011-11-23 17:43:00.000,16343,34
"553383",2011-05-16 15:48:00.000,18230,52
"559306",2011-07-07 13:02:00.000,18236,9
C581124,2011-12-07 12:38:00.000,13109,35
"565757",2011-09-06 13:29:00.000,17339,33
"573918",2011-11-01 17:20:00.000,17576,60
"571497",2011-10-17 15:03:00.000,14841,9
"578463",2011-11-24 12:30:00.000,12757,53
"536602",2010-12-02 08:34:00.000,17850,55
"545028",2011-02-25 15:21:00.000,13973,55
"576045",2011-11-13 14:42:00.000,15022,34
"558386",2011-06-29 09:32:00.000,14883,33
"579561",2011-11-30 11:32:00.000,16115,60
"537428",2010-12-06 15:38:00.000,17320,18
"552040",2011-05-06 08:19:00.000,12502,52
"540496",2011-01-07 17:18:00.000,15485,56
"572682",2011-10-25 13:52:00.000,17928,36
C543244,2011-02-04 14:06:00.000,16725,55
C572968,2011-10-27 10:46:00.000,14764,9
"541919",2011-01-24 11:35:00.000,14334,55
"547077",2011-03-20 14:38:00.000,12843,55
"580062",2011-12-01 13:28:00.000,15862,56
"567173",2011-09-18 13:29:00.000,16689,54
"564732",2011-08-28 13:08:00.000,16466,56
C554983,2011-05-29 12:18:00.000,17152,34
"538687",2010-12-14 09:50:00.000,13324,18
C570221,2011-10-09 12:56:00.000,13113,34
C577360,2011-11-18 16:12:00.000,13012,60
"545725",2011-03-07 11:32:00.000,16621,18
"556063",2011-06-08 14:09:00.000,14587,56
"545710",2011-03-07 09:52:00.000,13117,60
"550389",2011-04-18 11:53:00.000,17284,52
"577396",2011-11-18 17:11:00.000,17621,33
"578082",2011-11-22 16:33:00.000,12775,55
"577031",2011-11-17 13:00:00.000,15298,55
"571463",2011-10-17 14:23:00.000,16463,35
"567368",2011-09-20 08:23:00.000,17147,9
"572329",2011-10-24 10:13:00.000,14019,36
"552353",2011-05-09 12:14:00.000,17612,36
"550528",2011-04-19 10:49:00.000,17663,56
"575633",2011-11-10 13:44:00.000,15355,54
"547694",2011-03-24 15:12:00.000,15178,35
"576688",2011-11-16 12:16:00.000,16717,52
"568990",2011-09-29 16:42:00.000,15933,59
"581068",2011-12-07 11:26:00.000,16191,52
"543911",2011-02-14 12:46:00.000,17829,59
"540692",2011-01-11 09:12:00.000,14320,9
"552273",2011-05-08 12:26:00.000,13021,59
C540780,2011-01-11 11:19:00.000,14299,54
"557887",2011-06-23 13:41:00.000,17759,54
"538409",2010-12-12 11:49:00.000,17236,36
"542227",2011-01-26 13:33:00.000,14243,33
"565157",2011-09-01 15:08:00.000,16168,35
"581586",2011-12-09 12:49:00.000,13113,33
"564055",2011-08-22 14:03:00.000,13933,56
C562280,2011-08-04 10:31:00.000,16133,9
"545461",2011-03-03 08:24:00.000,14388,33
"547887",2011-03-28 09:30:00.000,16245,18
C549549,2011-04-10 11:37:00.000,16359,60
"542790",2011-02-01 10:38:00.000,16612,9
"560557",2011-07-19 13:05:00.000,18101,60
"563448",2011-08-16 14:28:00.000,15220,55
"539435",2010-12-17 14:46:00.000,12691,53
C577737,2011-11-21 13:25:00.000,15681,54
"563849",2011-08-19 15:04:00.000,14772,52
C580174,2011-12-02 11:45:00.000,14126,36
C540788,2011-01-11 11:46:00.000,13576,54
"553384",2011-05-16 15:53:00.000,16899,53
"538896",2010-12-15 09:09:00.000,16145,36
"558922",2011-07-05 10:06:00.000,16782,18
C554334,2011-05-23 17:16:00.000,13089,36
"551135",2011-04-26 13:04:00.000,16729,36
C574510,2011-11-04 13:25:00.000,15110,33
"548257",2011-03-30 10:54:00.000,13802,53
"545937",2011-03-08 12:05:00.000,12758,35
"559529",2011-07-10 12:03:00.000,14808,53
"577549",2011-11-20 15:00:00.000,17841,9
"564300",2011-08-24 11:31:00.000,16723,36
C539279,2010-12-16 15:40:00.000,13267,53
C565762,2011-09-06 14:05:00.000,14040,34
"551211",2011-04-27 11:40:00.000,13113,55
"550669",2011-04-20 10:04:00.000,16837,34
"564351",2011-08-24 14:59:00.000,13881,9
"563434",2011-08-16 12:21:00.000,14057,35
"554838",2011-05-26 16:30:00.000,18232,53
"544316",2011-02-17 14:49:00.000,16556,9
"537034",2010-12-03 17:20:00.000,13081,59
"573319",2011-10-30 10:18:00.000,17651,34
"562272",2011-08-04 08:18:00.000,12971,53
"542710",2011-01-31 13:17:00.000,14776,9
"554364",2011-05-24 10:21:00.000,16029,36
"578400",2011-11-24 11:52:00.000,12748,9
"566213",2011-09-09 15:09:00.000,14895,33
"560918",2011-07-21 18:27:00.000,14849,33
"555283",2011-06-02 09:04:00.000,17162,33
"548506",2011-03-31 14:42:00.000,18037,34
"569699",2011-10-05 15:52:00.000,12723,56
"546396",2011-03-11 14:35:00.000,13226,36
"536690",2010-12-02 12:25:00.000,17850,9
"539012",2010-12-15 13:26:00.000,17858,55
"558099",2011-06-26 13:45:00.000,17593,60
"563209",2011-08-14 12:23:00.000,13527,9
"539755",2010-12-21 16:08:00.000,17961,18
C564232,2011-08-24 10:25:00.000,13517,60
"560363",2011-07-18 12:05:00.000,12589,59
"549964",2011-04-13 14:12:00.000,13122,56
"569328",2011-10-03 12:48:00.000,14360,54
"563935",2011-08-21 16:24:00.000,15547,34
"561390",2011-07-27 09:52:00.000,17068,36
"559944",2011-07-14 10:21:00.000,17396,34
"554794",2011-05-26 12:41:00.000,12720,36
"564551",2011-08-25 17:21:00.000,17730,33
"546524",2011-03-14 12:51:00.000,17811,59
"553571",2011-05-18 09:35:00.000,17287,54
"559543",2011-07-10 13:46:00.000,17126,56
C538698,2010-12-14 10:21:00.000,13329,52
C558060,2011-06-24 15:05:00.000,17809,56
"577138",2011-11-18 09:03:00.000,13079,52
"555091",2011-05-31 12:50:00.000,12748,52
"551994",2011-05-05 15:42:00.000,12868,54
"568614",2011-09-28 11:26:00.000,13515,54
"575045",2011-11-08 12:09:00.000,14910,36
"556201",2011-06-09 13:01:00.000,12347,54
"580308",2011-12-02 14:30:00.000,14250,18
"555344",2011-06-02 11:45:00.000,15311,60
C542416,2011-01-27 17:23:00.000,16133,33
"576575",2011-11-15 13:55:00.000,16295,56
C576409,2011-11-15 11:20:00.000,15298,9
"576067",2011-11-13 15:48:00.000,14227,33
"539325",2010-12-17 08:20:00.000,13004,33
"574682",2011-11-06 12:44:00.000,14963,56
C545903,2011-03-08 08:34:00.000,13345,54
"560690",2011-07-20 12:00:00.000,16807,56
"573762",2011-11-01 09:56:00.000,13758,35
C577750,2011-11-21 14:30:00.000,12878,56
"547485",2011-03-23 11:16:00.000,17019,18
"571225",2011-10-14 13:41:00.000,14397,54
"538660",2010-12-13 15:37:00.000,15808,55
"577158",2011-11-18 09:58:00.000,16293,35
"541121",2011-01-14 09:20:00.000,12672,60
"578825",2011-11-25 14:21:00.000,17562,55
"555002",2011-05-31 08:50:00.000,17682,59
"579293",2011-11-29 11:22:00.000,14419,54
C577392,2011-11-18 17:05:00.000,16560,35
C579869,2011-11-30 16:44:00.000,14189,53
"579184",2011-11-28 15:17:00.000,16746,36
"551282",2011-04-27 13:44:00.000,16919,56
"573342",2011-10-30 11:56:00.000,14582,35
"546657",2011-03-15 14:20:00.000,17816,60
"538785",2010-12-14 11:39:00.000,14961,56
C578148,2011-11-23 11:11:00.000,15117,9
"580523",2011-12-04 15:00:00.000,17827,59
"569680",2011-10-05 14:28:00.000,16803,35
"540971",2011-01-12 14:10:00.000,12383,59
"536638",2010-12-02 11:41:00.000,16244,36
"537155",2010-12-05 13:05:00.000,12748,33
"556680",2011-06-14 08:03:00.000,13971,9
C564084,2011-08-23 09:16:00.000,14911,33
"574332",2011-11-04 09:24:00.000,12664,55
"562729",2011-08-09 10:05:00.000,12569,59
"571028",2011-10-13 12:21:00.000,16770,54
C549692,2011-04-11 13:43:00.000,13668,56
C545723,2011-03-07 11:16:00.000,17048,52
"570721",2011-10-12 10:51:00.000,13842,18
"573151",2011-10-27 20:09:00.000,17602,9
"540653",2011-01-10 15:07:00.000,17406,53
"569221",2011-10-02 13:44:00.000,14970,18
"547835",2011-03-27 10:18:00.000,15465,18
"554068",2011-05-22 10:53:00.000,16690,59
"563613",2011-08-18 08:49:00.000,12688,36
"560732",2011-07-20 14:55:00.000,14056,59
C579277,2011-11-29 10:16:00.000,17450,33
C565089,2011-09-01 10:27:00.000,12645,18
"548361",2011-03-30 15:38:00.000,16092,9
"567303",2011-09-19 13:20:00.000,17613,34
"572278",2011-10-23 10:46:00.000,16326,9
"567711",2011-09-22 10:04:00.000,15603,33
"579350",2011-11-29 11:48:00.000,15218,35
"567580",2011-09-21 11:10:00.000,16493,60
"563202",2011-08-14 11:16:00.000,12722,18
"556632",2011-06-13 15:09:00.000,16987,54
"568589",2011-09-28 10:27:00.000,17405,55
"546079",2011-03-09 11:05:00.000,14534,35
"549670",2011-04-11 12:45:00.000,16168,9
"561898",2011-07-31 15:25:00.000,12456,9
C579915,2011-12-01 08:56:00.000,16570,56
"571730",2011-10-19 09:48:00.000,16851,60
"572860",2011-10-26 12:42:00.000,17470,52
"546417",2011-03-13 10:48:00.000,14800,59
"559331",2011-07-07 15:45:00.000,16156,54
"573915",2011-11-01 15:55:00.000,15511,56
"578081",2011-11-22 16:31:00.000,14051,53
C575953,2011-11-13 11:56:00.000,16015,54
"574681",2011-11-06 12:41:00.000,15156,35
"571691",2011-10-18 14:34:00.000,13860,54
"558762",2011-07-03 13:05:00.000,15023,55
"557972",2011-06-24 10:16:00.000,12500,52
"550773",2011-04-20 13:15:00.000,17567,35
"539262",2010-12-16 14:35:00.000,15789,18
"571232",2011-10-14 14:22:00.000,17986,52
C546507,2011-03-14 11:47:00.000,12712,55
"547204",2011-03-21 13:58:00.000,13491,54
"564562",2011-08-26 09:58:00.000,15203,35
"573775",2011-11-01 10:30:00.000,13881,18
"572067",2011-10-20 13:13:00.000,16099,56
"571717",2011-10-18 17:10:00.000,14381,52
"576405",2011-11-15 11:14:00.000,13735,56
"577496",2011-11-20 12:20:00.000,16784,54
"557864",2011-06-23 12:19:00.000,15253,9
"558750",2011-07-03 10:47:00.000,18226,34
"539310",2010-12-16 17:51:00.000,14344,56
"550630",2011-04-19 14:49:00.000,14298,36
"537822",2010-12-08 14:22:00.000,13523,9
"541268",2011-01-17 10:52:00.000,12872,53
C562661,2011-08-08 13:40:00.000,13588,53
"540822",2011-01-11 13:25:00.000,16042,34
C542245,2011-01-26 15:06:00.000,13098,35
C550127,2011-04-14 13:12:00.000,15212,52
"573404",2011-10-30 15:50:00.000,14295,33
"543272",2011-02-06 11:11:00.000,14810,33
"578849",2011-11-27 10:39:00.000,13232,54
"541256",2011-01-16 14:36:00.000,13048,54
"576112",2011-11-14 10:34:00.000,14902,54
"576577",2011-11-15 14:04:00.000,16557,53
"576025",2011-11-13 14:34:00.000,13232,52
"549573",2011-04-10 16:01:00.000,14504,9
C565227,2011-09-02 09:06:00.000,12708,60
"576824",2011-11-16 14:26:00.000,12910,60
"546951",2011-03-18 11:30:00.000,17673,35
"554272",2011-05-23 13:08:00.000,12901,36
"569573",2011-10-05 10:11:00.000,17511,60
"552728",2011-05-11 10:35:00.000,13089,18
"564839",2011-08-30 12:45:00.000,13524,53
"548154",2011-03-29 13:06:00.000,17675,59
"556671",2011-06-13 16:33:00.000,17841,33
"544940",2011-02-25 10:19:00.000,16592,59
C577821,2011-11-22 09:29:00.000,13777,53
C570471,2011-10-10 16:37:00.000,13408,18
"558634",2011-06-30 19:27:00.000,14506,35
"571457",2011-10-17 14:01:00.000,12963,34
"562125",2011-08-02 17:29:00.000,17887,9
"549048",2011-04-06 10:14:00.000,17811,56
"541517",2011-01-19 08:34:00.000,12665,34
"541853",2011-01-23 14:29:00.000,17858,9
"568200",2011-09-25 14:58:00.000,16198,54
C566611,2011-09-13 17:14:00.000,15513,34
"563255",2011-08-15 12:07:00.000,14527,53
"549246",2011-04-07 12:02:00.000,15939,54
"564723",2011-08-28 12:11:00.000,16168,9
"579497",2011-11-29 15:39:00.000,14349,18
"545069",2011-02-27 15:25:00.000,14745,9
"565236",2011-09-02 09:45:00.000,14276,36
"537422",2010-12-06 15:27:00.000,17812,36
"571850",2011-10-19 12:54:00.000,14698,53
"551658",2011-05-03 12:13:00.000,16746,18
"552529",2011-05-09 17:24:00.000,14541,56
"556098",2011-06-08 15:36:00.000,16832,60
C564424,2011-08-25 11:10:00.000,12955,35
C575921,2011-11-11 17:01:00.000,12931,60
"567188",2011-09-19 09:04:00.000,12457,36
"538003",2010-12-09 12:05:00.000,12429,36
"579530",2011-11-30 09:00:00.000,14794,35
"547511",2011-03-23 13:44:00.000,17411,35
"561388",2011-07-27 09:32:00.000,12753,56
"557786",2011-06-22 16:01:00.000,15550,52
C579739,2011-11-30 14:28:00.000,16956,34
"553844",2011-05-19 12:36:00.000,13450,18
"569491",2011-10-04 13:25:00.000,14056,53
"537678",2010-12-08 09:56:00.000,16779,36
"579542",2011-11-30 10:13:00.000,13658,59
C555361,2011-06-02 14:12:00.000,13308,36
"556909",2011-06-15 13:23:00.000,17536,54
"572125",2011-10-21 08:57:00.000,16156,9
C562876,2011-08-10 10:42:00.000,15110,9
"563939",2011-08-22 09:28:00.000,14959,53
C562124,2011-08-02 17:23:00.000,13081,53
"565740",2011-09-06 12:31:00.000,15189,36
C566462,2011-09-12 17:49:00.000,14276,56
"559357",2011-07-07 18:56:00.000,17107,36
C551648,2011-05-03 12:02:00.000,14800,59
"570461",2011-10-10 15:45:00.000,14434,55
C573756,2011-11-01 09:46:00.000,17865,52
"560277",2011-07-17 15:24:00.000,15467,36
"568801",2011-09-29 10:46:00.000,14475,53
C549450,2011-04-08 14:13:00.000,13089,9
"540274",2011-01-06 11:59:00.000,14618,9
"580167",2011-12-02 11:28:00.000,17386,59
"567639",2011-09-21 14:07:00.000,15290,56
"567176",2011-09-18 13:40:00.000,15533,18
C538695,2010-12-14 10:01:00.000,14032,56
"563170",2011-08-12 12:44:00.000,18237,60
C558257,2011-06-27 17:27:00.000,18198,33
"547960",2011-03-28 15:27:00.000,15644,35
"566788",2011-09-15 10:31:00.000,14306,36
C557658,2011-06-21 17:41:00.000,13630,52
"563821",2011-08-19 12:06:00.000,14533,35
"566249",2011-09-11 12:09:00.000,13527,60
C558253,2011-06-27 17:04:00.000,13611,53
"563742",2011-08-19 08:57:00.000,17929,35
"575741",2011-11-11 09:46:00.000,13727,60
C544184,2011-02-16 15:47:00.000,16684,33
"553911",2011-05-19 19:02:00.000,18168,52
"572241",2011-10-21 15:20:00.000,12712,9
"575304",2011-11-09 12:38:00.000,17841,33
"539336",2010-12-17 10:34:00.000,17790,18
"560454",2011-07-19 10:06:00.000,12947,35
"555070",2011-05-31 11:36:00.000,15863,9
"578999",2011-11-27 16:08:00.000,17595,54
C567347,2011-09-19 15:54:00.000,15465,35
"549255",2011-04-07 12:23:00.000,16209,36
C540398,2011-01-07 09:21:00.000,14047,34
C574350,2011-11-04 10:36:00.000,16637,34
"553863",2011-05-19 14:05:00.000,13418,59
"553209",2011-05-16 09:23:00.000,13777,52
"577545",2011-11-20 14:43:00.000,16931,35
"554003",2011-05-20 12:17:00.000,13324,35
C568420,2011-09-27 11:17:00.000,16573,33
"548920",2011-04-05 10:19:00.000,13018,59
"557389",2011-06-20 11:03:00.000,15921,52
"550202",2011-04-15 10:27:00.000,13090,56
"569665",2011-10-05 13:34:00.000,12789,18
"545555",2011-03-03 15:17:00.000,17757,52
"537367",2010-12-06 12:39:00.000,15078,18
"580208",2011-12-02 12:07:00.000,13468,52
"565225",2011-09-01 19:34:00.000,16808,56
"551269",2011-04-27 12:21:00.000,12840,60
"556330",2011-06-10 11:29:00.000,17797,60
"554979",2011-05-29 11:34:00.000,16931,35
"541849",2011-01-23 13:33:00.000,13230,54
"542995",2011-02-02 12:09:00.000,13728,35
"569405",2011-10-04 09:05:00.000,15241,55
"575193",2011-11-09 09:34:00.000,12681,33
"580501",2011-12-04 13:00:00.000,14546,53
"575389",2011-11-09 15:31:00.000,12971,54
"572810",2011-10-26 11:08:00.000,13644,33
"541997",2011-01-25 10:38:00.000,18077,34
"567290",2011-09-19 11:54:00.000,14646,54
C562022,2011-08-01 15:39:00.000,17389,33
"577510",2011-11-20 12:46:00.000,13118,9
"571943",2011-10-20 10:10:00.000,14638,35
"548862",2011-04-04 13:47:00.000,17956,52
"562919",2011-08-10 13:52:00.000,15615,36
"553056",2011-05-13 10:37:00.000,16618,9
"572021",2011-10-20 10:57:00.000,15664,52
"549016",2011-04-05 15:20:00.000,16696,33
"539422",2010-12-17 14:23:00.000,13033,18
"566719",2011-09-14 12:29:00.000,15081,55
"540520",2011-01-09 12:31:00.000,17555,59
"547537",2011-03-23 15:16:00.000,13534,54
"542371",2011-01-27 13:29:00.000,12468,52
"565220",2011-09-01 18:20:00.000,13437,18
"576836",2011-11-16 15:14:00.000,16191,36
C548628,2011-04-01 12:19:00.000,13184,56
"560841",2011-07-21 12:25:00.000,14298,59
C544831,2011-02-24 10:01:00.000,15146,54
"547876",2011-03-27 15:41:00.000,16638,56
"572281",2011-10-23 11:10:00.000,17211,60
"564246",2011-08-24 10:36:00.000,13534,34
"549843",2011-04-12 14:04:00.000,13157,9
"572196",2011-10-21 11:54:00.000,18102,56
"566207",2011-09-09 15:02:00.000,12830,56
"571883",2011-10-19 13:58:00.000,14704,53
"564378",2011-08-25 10:26:00.000,12417,55
"558368",2011-06-28 15:36:00.000,14329,35
"565796",2011-09-07 10:07:00.000,14916,60
"562173",2011-08-03 12:12:00.000,14530,34
"573588",2011-10-31 15:01:00.000,12588,35
"578821",2011-11-25 13:59:00.000,17389,59
"579672",2011-11-30 12:41:00.000,14005,33
"550806",2011-04-20 15:44:00.000,14334,9
C570477,2011-10-10 16:55:00.000,14719,59
"550322",2011-04-17 12:53:00.000,14524,33
"549593",2011-04-11 10:18:00.000,18008,59
C563197,2011-08-14 09:57:00.000,13047,56
"571219",2011-10-14 13:35:00.000,15601,55
"549646",2011-04-11 11:51:00.000,12982,54
"561132",2011-07-25 13:00:00.000,14344,60
"547375",2011-03-22 14:24:00.000,13196,60
"568530",2011-09-27 13:42:00.000,17591,54
C549913,2011-04-13 09:02:00.000,14267,60
"548627",2011-04-01 12:19:00.000,16333,54
"556517",2011-06-13 10:52:00.000,12481,18
"554161",2011-05-23 11:49:00.000,12464,56
"569412",2011-10-04 09:51:00.000,13650,52
"568915",2011-09-29 13:56:00.000,14948,36
"545871",2011-03-07 14:51:00.000,17092,53
"568556",2011-09-27 15:35:00.000,15827,60
"554000",2011-05-20 11:53:00.000,14794,36
"536975",2010-12-03 14:04:00.000,14911,36
"576889",2011-11-16 17:24:00.000,12748,34
"541005",2011-01-13 10:39:00.000,16161,53
"548743",2011-04-04 12:05:00.000,14895,18
"581110",2011-12-07 12:17:00.000,16000,55
"574274",2011-11-03 14:33:00.000,16500,18
"546394",2011-03-11 14:26:00.000,17164,56
C576232,2011-11-14 13:25:00.000,15839,59
C543750,2011-02-11 13:59:00.000,18250,55
"568301",2011-09-26 12:45:00.000,16383,53
"538005",2010-12-09 12:12:00.000,13090,36
C555874,2011-06-07 15:14:00.000,17162,9
"580750",2011-12-06 09:56:00.000,12749,54
"546133",2011-03-09 15:20:00.000,14291,18
"562368",2011-08-04 14:06:00.000,16570,52
"542230",2011-01-26 13:38:00.000,17389,18
"562049",2011-08-02 11:33:00.000,14133,35
"551184",2011-04-27 09:03:00.000,18220,59
"546682",2011-03-16 08:31:00.000,12994,60
C563554,2011-08-17 13:16:00.000,16755,36
"536403",2010-12-01 11:27:00.000,12791,60
"547894",2011-03-28 10:26:00.000,13552,9
C556277,2011-06-09 19:52:00.000,12980,54
"550333",2011-04-17 14:05:00.000,15410,55
"553035",2011-05-12 20:13:00.000,17337,56
"561247",2011-07-26 11:38:00.000,16592,55
"542926",2011-02-02 09:49:00.000,12559,56
"578016",2011-11-22 13:02:00.000,14506,33
"574662",2011-11-06 12:01:00.000,16676,9
"575317",2011-11-09 13:12:00.000,17402,9
"577793",2011-11-21 16:40:00.000,13468,52
"563723",2011-08-18 16:43:00.000,13319,9
"538901",2010-12-15 09:58:00.000,17629,36
"575054",2011-11-08 12:18:00.000,16945,54
"544356",2011-02-18 11:18:00.000,13904,54
"556444",2011-06-10 15:28:00.000,15098,18
"567165",2011-09-18 11:58:00.000,17841,18
C577163,2011-11-18 10:27:00.000,16678,53
"565591",2011-09-05 13:54:00.000,16029,36
"561330",2011-07-26 14:03:00.000,16019,59
"555558",2011-06-05 14:06:00.000,14159,9
"541120",2011-01-14 09:13:00.000,12490,59
"556111",2011-06-09 09:16:00.000,13004,34
"560696",2011-07-20 12:14:00.000,14606,36
"554670",2011-05-25 15:47:00.000,18044,53
"546639",2011-03-15 12:54:00.000,13971,9
"553006",2011-05-12 16:45:00.000,15544,55
C560208,2011-07-15 13:58:00.000,13013,54
"555651",2011-06-06 14:02:00.000,17361,52
"537827",2010-12-08 14:43:00.000,15332,52
"536408",2010-12-01 11:41:00.000,14307,34
"573231",2011-10-28 11:56:00.000,15267,53
"554358",2011-05-24 09:32:00.000,17450,34
"576878",2011-11-16 16:49:00.000,18059,55
"548860",2011-04-04 13:38:00.000,13263,35
"568576",2011-09-28 09:40:00.000,17017,35
"562767",2011-08-09 10:47:00.000,13769,34
"553524",2011-05-17 14:46:00.000,15570,59
"542634",2011-01-31 10:42:00.000,15448,34
"552323",2011-05-09 09:33:00.000,16756,33
"545851",2011-03-07 13:45:00.000,15026,55
"572337",2011-10-24 10:30:00.000,14607,52
"537864",2010-12-08 16:34:00.000,16700,54
"573279",2011-10-28 13:22:00.000,16107,54
C555013,2011-05-31 10:44:00.000,12601,18
"572076",2011-10-20 14:01:00.000,13761,60
"557975",2011-06-24 10:33:00.000,15981,33
"546753",2011-03-16 13:00:00.000,16383,9
"548655",2011-04-01 13:47:00.000,15605,35
C571186,2011-10-14 11:28:00.000,14390,34
"570906",2011-10-13 10:54:00.000,14537,34
C568138,2011-09-25 10:43:00.000,16689,52
"557038",2011-06-16 13:57:00.000,14037,56
"537216",2010-12-05 15:40:00.000,15502,56
"542603",2011-01-30 12:09:00.000,16985,36
"545050",2011-02-27 11:57:00.000,15951,60
"567341",2011-09-19 15:04:00.000,14961,59
"579094",2011-11-28 10:56:00.000,12668,54
"563741",2011-08-19 08:57:00.000,14759,9
"553883",2011-05-19 15:31:00.000,16672,53
"542123",2011-01-25 14:44:00.000,14299,59
"565115",2011-09-01 11:22:00.000,16880,60
"559108",2011-07-06 11:42:00.000,13094,53
"550005",2011-04-14 09:58:00.000,17677,60
"547518",2011-03-23 14:39:00.000,13694,53
"548736",2011-04-04 11:01:00.000,13984,56
"570707",2011-10-12 10:08:00.000,14541,59
"550324",2011-04-17 13:02:00.000,12997,35
"572930",2011-10-27 10:01:00.000,17613,56
"545419",2011-03-02 14:16:00.000,15104,60
"556575",2011-06-13 13:44:00.000,17027,55
C576561,2011-11-15 13:22:00.000,15311,59
"549977",2011-04-13 14:54:00.000,14810,35
"578155",2011-11-23 11:32:00.000,12748,34
"563937",2011-08-22 09:10:00.000,18204,18
"565577",2011-09-05 12:24:00.000,14177,35
"573769",2011-11-01 10:04:00.000,13292,9
C541704,2011-01-21 10:25:00.000,13284,52
"581376",2011-12-08 12:43:00.000,14719,34
"550000",2011-04-14 09:18:00.000,17058,56
"538015",2010-12-09 12:49:00.000,13240,59
"571663",2011-10-18 12:56:00.000,17262,54
"547941",2011-03-28 14:46:00.000,16692,60
"557265",2011-06-19 11:10:00.000,13097,34
C580392,2011-12-04 10:46:00.000,16283,36
"540548",2011-01-09 16:11:00.000,14794,56
"568472",2011-09-27 11:50:00.000,12517,35
"547709",2011-03-24 18:43:00.000,18109,60
"578211",2011-11-23 11:47:00.000,12748,55
"575212",2011-11-09 10:41:00.000,14108,9
"568156",2011-09-25 12:16:00.000,14367,9
"556541",2011-06-13 12:52:00.000,13552,59
"539988",2010-12-23 16:06:00.000,18116,53
"563165",2011-08-12 12:36:00.000,14646,55
"563137",2011-08-12 11:22:00.000,14534,36
"541609",2011-01-20 10:11:00.000,15938,59
C559540,2011-07-10 12:39:00.000,18024,60
"578348",2011-11-24 09:34:00.000,12494,9
"547873",2011-03-27 15:33:00.000,13240,55
"579868",2011-11-30 16:43:00.000,15544,35
"579440",2011-11-29 13:32:00.000,14388,56
"576984",2011-11-17 11:54:00.000,14332,35
"574829",2011-11-07 11:16:00.000,17389,53
C546174,2011-03-10 10:38:00.000,13094,35
"551839",2011-05-04 13:34:00.000,15311,52
"542134",2011-01-25 16:36:00.000,15189,33
"574956",2011-11-08 09:54:00.000,16732,55
"572240",2011-10-21 15:18:00.000,13709,56
"556323",2011-06-10 10:59:00.000,17819,34
"576359",2011-11-14 16:59:00.000,14680,18
"547044",2011-03-20 11:33:00.000,14071,55
"549247",2011-04-07 12:04:00.000,13752,9
C539601,2010-12-20 13:58:00.000,14119,55
"548911",2011-04-05 09:09:00.000,12951,59
C546529,2011-03-14 13:05:00.000,15502,9
"580289",2011-12-02 13:32:00.000,15856,9
"571638",2011-10-18 11:55:00.000,15327,33
"552287",2011-05-08 13:19:00.000,17705,9
"557776",2011-06-22 15:07:00.000,14422,36
"581325",2011-12-08 11:53:00.000,15877,54
"558264",2011-06-28 09:10:00.000,16473,18
"556751",2011-06-14 12:09:00.000,15251,9
"553088",2011-05-13 11:53:00.000,16180,56
"563357",2011-08-15 14:50:00.000,13277,60
"560876",2011-07-21 15:14:00.000,12626,9
"549981",2011-04-13 15:49:00.000,16348,54
C568714,2011-09-28 16:04:00.000,16332,54
"568657",2011-09-28 12:22:00.000,16460,54
"566604",2011-09-13 16:26:00.000,16279,53
"552951",2011-05-12 12:05:00.000,14988,54
"556539",2011-06-13 12:44:00.000,13589,53
"557939",2011-06-23 15:44:00.000,12697,55
"565667",2011-09-06 08:34:00.000,17449,36
"570807",2011-10-12 12:44:00.000,13704,34
"574747",2011-11-07 08:34:00.000,15618,35
"555164",2011-06-01 10:24:00.000,14646,53
"579177",2011-11-28 14:53:00.000,13089,56
"555654",2011-06-06 14:13:00.000,18236,35
"550779",2011-04-20 13:36:00.000,17511,9
"551617",2011-05-03 11:41:00.000,16013,36
C558722,2011-07-01 14:18:00.000,12901,34
"551902",2011-05-05 10:49:00.000,17512,52
"547496",2011-03-23 12:13:00.000,18075,9
"580397",2011-12-04 11:24:00.000,13558,34
"567512",2011-09-20 15:03:00.000,12720,59
"572094",2011-10-20 14:52:00.000,17420,9
"572282",2011-10-23 11:39:00.000,17634,59
"543998",2011-02-15 10:52:00.000,18093,53
"570380",2011-10-10 12:35:00.000,14606,33
"574245",2011-11-03 12:47:00.000,14849,60
"577473",2011-11-20 11:28:00.000,15919,54
"570293",2011-10-10 12:00:00.000,14128,59
"544905",2011-02-24 13:54:00.000,17117,52
"568585",2011-09-28 10:14:00.000,17370,55
"542149",2011-01-26 10:17:00.000,17811,33
C576197,2011-11-14 12:08:00.000,13755,34
C557944,2011-06-23 16:10:00.000,15669,53
C540390,2011-01-06 18:01:00.000,16191,18
C562206,2011-08-03 12:55:00.000,15625,52
"554489",2011-05-24 13:46:00.000,17272,35
"573395",2011-10-30 15:11:00.000,15385,60
"552708",2011-05-10 16:19:00.000,13487,34
"552957",2011-05-12 12:36:00.000,17404,59
"575515",2011-11-10 10:41:00.000,17315,9
"563428",2011-08-16 11:44:00.000,13159,55
"573374",2011-10-30 13:39:00.000,14755,52
C543607,2011-02-10 14:13:00.000,15602,56
"569649",2011-10-05 12:42:00.000,16029,55
C536817,2010-12-02 17:08:00.000,14156,18
"566289",2011-09-11 15:20:00.000,15601,60
C579766,2011-11-30 15:08:00.000,15793,55
"580360",2011-12-02 16:14:00.000,14493,53
C575752,2011-11-11 10:40:00.000,13500,35
"562261",2011-08-03 15:38:00.000,13408,33
"542105",2011-01-25 13:35:00.000,12854,53
"537231",2010-12-06 09:21:00.000,13652,59
"571273",2011-10-16 12:21:00.000,13034,34
"550799",2011-04-20 14:46:00.000,17115,33
"549742",2011-04-12 10:01:00.000,12910,18
"537595",2010-12-07 12:29:00.000,13569,34
"579901",2011-12-01 08:35:00.000,12569,18
C537756,2010-12-08 11:33:00.000,14952,34
"564733",2011-08-28 13:18:00.000,17841,18
"558310",2011-06-28 11:20:00.000,16671,52
"555011",2011-05-31 10:43:00.000,16168,59
"549439",2011-04-08 12:42:00.000,13562,34
"555702",2011-06-06 14:35:00.000,14201,18
"542904",2011-02-01 14:58:00.000,12682,60
"577823",2011-11-22 09:40:00.000,16107,33
"549667",2011-04-11 12:20:00.000,14911,52
"568535",2011-09-27 14:00:00.000,15241,52
"541420",2011-01-17 17:08:00.000,16670,35
"572304",2011-10-23 15:07:00.000,17131,35
C546641,2011-03-15 13:01:00.000,13451,56
"537688",2010-12-08 10:35:00.000,17406,55
"566204",2011-09-09 14:58:00.000,14628,56
"564746",2011-08-28 15:58:00.000,17633,56
"559299",2011-07-07 12:39:00.000,16929,56
C545728,2011-03-07 11:41:00.000,12484,56
"549185",2011-04-07 09:35:00.000,18272,35
"580178",2011-12-02 11:53:00.000,16013,56
"579245",2011-11-28 16:01:00.000,17929,54
C579919,2011-12-01 09:00:00.000,17540,55
"553190",2011-05-15 13:14:00.000,15164,55
"562290",2011-08-04 11:16:00.000,14825,18
"558702",2011-07-01 12:45:00.000,12748,18
"553350",2011-05-16 13:32:00.000,12871,56
"569213",2011-10-02 12:11:00.000,13782,18
"542662",2011-01-31 12:10:00.000,18145,56
"538064",2010-12-09 13:47:00.000,15271,54
"555513",2011-06-05 10:38:00.000,12980,53
C564493,2011-08-25 14:19:00.000,13089,53
"567306",2011-09-19 13:32:00.000,12752,55
"540371",2011-01-06 16:35:00.000,14312,56
"546683",2011-03-16 09:38:00.000,12868,52
"546640",2011-03-15 12:56:00.000,14092,35
"541136",2011-01-14 10:39:00.000,18229,56
"550465",2011-04-18 13:31:00.000,16217,9
"557278",2011-06-19 12:08:00.000,13089,9
C550363,2011-04-18 11:20:00.000,16033,52
"568046",2011-09-23 12:16:00.000,18118,35
"559332",2011-07-07 15:46:00.000,14021,55
C560903,2011-07-21 17:47:00.000,18198,52
C579933,2011-12-01 09:44:00.000,14853,9
C567689,2011-09-21 16:49:00.000,17434,34
"580097",2011-12-01 14:58:00.000,14216,34
"579750",2011-11-30 14:42:00.000,13536,9
"543738",2011-02-11 12:48:00.000,13094,18
"558385",2011-06-29 09:13:00.000,16525,53
"553894",2011-05-19 17:15:00.000,13658,33
"575658",2011-11-10 14:31:00.000,13319,55
"561592",2011-07-28 11:18:00.000,14560,52
"542240",2011-01-26 14:45:00.000,16124,54
"571550",2011-10-18 08:15:00.000,13892,54
"558056",2011-06-24 14:54:00.000,15186,54
"573038",2011-10-27 13:48:00.000,17545,60
"545080",2011-02-28 10:33:00.000,13004,9
"569799",2011-10-06 11:47:00.000,13602,35
C539278,2010-12-16 15:39:00.000,18269,59
"571411",2011-10-17 12:33:00.000,17858,18
"540023",2011-01-04 12:58:00.000,15039,53
"571935",2011-10-20 08:41:00.000,13890,18
"549433",2011-04-08 12:28:00.000,16709,52
C546125,2011-03-09 14:52:00.000,16316,59
"573158",2011-10-28 08:56:00.000,14738,54
C545831,2011-03-07 13:10:00.000,15194,56
"575983",2011-11-13 13:45:00.000,13379,36
"546522",2011-03-14 12:41:00.000,13319,52
"568149",2011-09-25 11:38:00.000,14285,54
"550190",2011-04-14 19:16:00.000,15135,55
C538372,2010-12-12 11:12:00.000,16923,60
"548490",2011-03-31 13:13:00.000,12909,60
"543164",2011-02-03 19:32:00.000,13208,52
"563907",2011-08-21 11:57:00.000,14733,33
C543786,2011-02-11 17:01:00.000,13078,35
"540457",2011-01-07 12:26:00.000,14217,36
"567887",2011-09-22 15:28:00.000,15237,53
"580973",2011-12-06 15:12:00.000,12820,56
"578701",2011-11-25 10:52:00.000,17624,9
"565675",2011-09-06 09:51:00.000,15513,36
"580258",2011-12-02 12:28:00.000,13798,55
"552651",2011-05-10 14:09:00.000,16431,36
"558067",2011-06-24 15:51:00.000,14156,60
C546362,2011-03-11 11:18:00.000,16419,18
"572994",2011-10-27 11:10:00.000,17684,59
"547814",2011-03-25 14:19:00.000,13452,52
"558100",2011-06-26 13:46:00.000,17768,36
"579712",2011-11-30 14:17:00.000,15467,35
"567678",2011-09-21 15:57:00.000,15399,54
"575634",2011-11-10 13:44:00.000,13266,33
"552316",2011-05-08 16:11:00.000,15674,53
"571857",2011-10-19 13:38:00.000,15468,56
"536415",2010-12-01 11:57:00.000,12838,34
"575484",2011-11-09 17:02:00.000,16670,52
"544098",2011-02-16 10:04:00.000,16019,54
"539407",2010-12-17 12:56:00.000,12726,52
"574341",2011-11-04 10:09:00.000,18102,53
"557442",2011-06-20 12:53:00.000,14808,35
C579897,2011-12-01 08:29:00.000,17636,52
C556930,2011-06-15 15:28:00.000,15625,34
"544906",2011-02-24 14:13:00.000,17017,53
C540388,2011-01-06 17:59:00.000,13115,59
"572484",2011-10-24 13:50:00.000,17220,35
C558753,2011-07-03 11:54:00.000,15033,9
C562115,2011-08-02 16:17:00.000,17696,56
"536377",2010-12-01 09:34:00.000,17850,36
"551187",2011-04-27 10:02:00.000,14911,52
"547724",2011-03-25 10:42:00.000,13468,60
"556208",2011-06-09 13:51:00.000,14040,52
"555124",2011-05-31 15:26:00.000,18204,9
"574319",2011-11-03 19:15:00.000,15482,55
"551896",2011-05-05 10:29:00.000,13711,52
"547897",2011-03-28 11:36:00.000,12792,55
"537219",2010-12-05 15:47:00.000,14081,59
"538799",2010-12-14 11:48:00.000,15039,36
C571466,2011-10-17 14:31:00.000,16463,33
C563608,2011-08-18 06:33:00.000,17719,18
C548727,2011-04-04 09:45:00.000,17725,52
"544700",2011-02-23 10:10:00.000,18041,52
"579441",2011-11-29 13:33:00.000,12464,35
"537049",2010-12-05 11:04:00.000,16241,53
"574873",2011-11-07 13:01:00.000,16362,18
"566829",2011-09-15 11:46:00.000,14608,33
"554860",2011-05-27 10:20:00.000,15249,56
"547809",2011-03-25 13:54:00.000,12748,33
"581141",2011-12-07 13:35:00.000,14132,33
"536671",2010-12-02 12:10:00.000,13305,18
C542753,2011-01-31 16:57:00.000,15881,55
"575067",2011-11-08 12:45:00.000,12583,33
"566594",2011-09-13 15:03:00.000,16959,18
"577055",2011-11-17 14:22:00.000,15189,33
"552803",2011-05-11 12:32:00.000,14573,35
"566668",2011-09-14 11:35:00.000,18065,56
"557801",2011-06-23 10:14:00.000,13319,56
"541782",2011-01-21 11:50:00.000,13102,53
"556068",2011-06-08 14:39:00.000,12748,54
"542083",2011-01-25 12:26:00.000,18008,55
"538856",2010-12-14 13:51:00.000,14057,52
"571243",2011-10-14 15:26:00.000,14595,18
"562332",2011-08-04 11:44:00.000,13791,56
"560362",2011-07-18 11:59:00.000,13488,60
"566079",2011-09-09 09:52:00.000,17593,53
"562929",2011-08-10 15:37:00.000,17562,56
"555133",2011-05-31 15:32:00.000,16810,53
"542433",2011-01-28 10:45:00.000,12726,53
"577095",2011-11-17 16:39:00.000,15867,53
"538012",2010-12-09 12:32:00.000,14527,9
"559321",2011-07-07 14:30:00.000,17069,55
"563183",2011-08-12 14:47:00.000,14110,33
"579261",2011-11-29 09:10:00.000,13429,55
"577728",2011-11-21 12:52:00.000,17811,36
"539497",2010-12-20 10:41:00.000,12944,35
"564149",2011-08-23 12:26:00.000,14543,35
"569719",2011-10-06 09:10:00.000,14646,55
C552020,2011-05-05 17:47:00.000,18183,33
"540566",2011-01-10 10:58:00.000,17811,33
"573104",2011-10-27 14:59:00.000,17652,35
"562369",2011-08-04 14:12:00.000,17584,36
C555271,2011-06-01 16:26:00.000,14338,53
"547554",2011-03-23 16:22:00.000,17858,9
C550808,2011-04-20 15:57:00.000,14323,54
"545140",2011-02-28 12:08:00.000,12464,56
"551413",2011-04-28 13:33:00.000,16227,52
"571203",2011-10-14 12:33:00.000,17677,52
"579167",2011-11-28 14:06:00.000,16800,54
"542243",2011-01-26 15:00:00.000,17841,35
"566590",2011-09-13 14:51:00.000,14032,9
C538718,2010-12-14 11:10:00.000,15602,33
"576770",2011-11-16 13:16:00.000,13926,54
C552849,2011-05-11 14:52:00.000,14367,34
"546434",2011-03-14 08:41:00.000,12383,55
"536374",2010-12-01 09:09:00.000,15100,56
C550306,2011-04-17 10:38:00.000,16905,56
C561041,2011-07-24 12:10:00.000,15708,53
"558370",2011-06-28 15:44:00.000,17750,55
"569488",2011-10-04 13:10:00.000,16440,36
"546254",2011-03-10 14:45:00.000,14727,56
"560191",2011-07-15 12:45:00.000,16203,34
"557498",2011-06-20 15:22:00.000,12971,35
"551144",2011-04-26 13:36:00.000,13695,55
"577139",2011-11-18 09:04:00.000,16500,60
"539488",2010-12-20 09:37:00.000,12377,9
"574282",2011-11-03 14:52:00.000,15612,60
"570223",2011-10-09 13:11:00.000,15787,52
"557484",2011-06-20 14:36:00.000,14796,35
"559421",2011-07-08 11:55:00.000,12648,9
"571184",2011-10-14 11:09:00.000,15478,53
"579102",2011-11-28 11:33:00.000,14911,53
"558629",2011-06-30 18:04:00.000,15615,9
"580716",2011-12-05 16:48:00.000,12367,36
"547084",2011-03-20 15:24:00.000,17690,33
"546318",2011-03-11 09:20:00.000,16013,18
"552977",2011-05-12 14:13:00.000,18221,60
"544479",2011-02-21 10:28:00.000,14646,53
"546087",2011-03-09 11:35:00.000,13026,9
"550340",2011-04-17 15:53:00.000,13695,54
"558535",2011-06-30 12:04:00.000,16904,52
C552212,2011-05-06 15:08:00.000,17422,52
"544811",2011-02-23 15:53:00.000,12471,53
"549614",2011-04-11 11:38:00.000,12720,36
"565643",2011-09-05 15:56:00.000,13468,59
"541655",2011-01-20 12:04:00.000,14779,18
"546089",2011-03-09 11:44:00.000,17864,60
"538417",2010-12-12 11:54:00.000,16393,34
"565330",2011-09-02 13:55:00.000,16989,55
"543163",2011-02-03 18:45:00.000,16353,53
"555562",2011-06-05 14:45:00.000,17841,55
"569918",2011-10-06 17:03:00.000,15766,34
"543038",2011-02-02 16:15:00.000,14735,36
"564859",2011-08-31 09:55:00.000,14057,34
C570291,2011-10-10 11:56:00.000,12731,56
"567311",2011-09-19 13:45:00.000,13777,9
"580692",2011-12-05 15:51:00.000,13173,35
"540818",2011-01-11 12:57:00.000,15749,59
"537686",2010-12-08 10:21:00.000,14744,35
C557520,2011-06-20 17:18:00.000,15291,54
C568597,2011-09-28 11:17:00.000,13089,53
"549965",2011-04-13 14:17:00.000,16966,53
"568910",2011-09-29 13:39:00.000,16574,56
"561029",2011-07-24 11:25:00.000,12490,34
"540410",2011-01-07 10:04:00.000,12530,55
"581473",2011-12-08 19:57:00.000,12748,18
"546252",2011-03-10 14:42:00.000,14930,60
"568991",2011-09-29 16:44:00.000,18204,56
"577698",2011-11-21 12:05:00.000,14963,59
"564161",2011-08-23 13:13:00.000,14523,54
"575964",2011-11-13 12:31:00.000,15021,54
"570248",2011-10-10 08:30:00.000,17809,35
"576780",2011-11-16 13:27:00.000,13258,9
"552319",2011-05-09 08:23:00.000,13003,18
"552875",2011-05-12 09:41:00.000,12621,33
C577354,2011-11-18 15:50:00.000,14732,55
"548710",2011-04-03 13:24:00.000,16678,33
"536945",2010-12-03 12:24:00.000,14083,56
"563955",2011-08-22 11:00:00.000,16652,56
"572222",2011-10-21 13:27:00.000,17940,35
"563551",2011-08-17 13:04:00.000,17757,54
"547083",2011-03-20 15:21:00.000,15452,9
C552718,2011-05-11 09:43:00.000,14462,55
"563573",2011-08-17 15:02:00.000,16734,54
"569563",2011-10-05 09:46:00.000,12481,59
C541688,2011-01-20 16:15:00.000,12683,59
"541217",2011-01-14 13:59:00.000,17402,60
"537963",2010-12-09 11:30:00.000,13369,55
"567613",2011-09-21 11:49:00.000,13908,59
"559688",2011-07-11 15:32:00.000,12748,18
"558235",2011-06-27 14:41:00.000,16242,35
C575650,2011-11-10 14:24:00.000,14194,34
"569673",2011-10-05 13:58:00.000,17222,33
"567805",2011-09-22 12:15:00.000,12854,55
"551390",2011-04-28 12:03:00.000,15143,54
"548971",2011-04-05 11:29:00.000,16919,9
"551819",2011-05-04 11:58:00.000,14739,34
"540452",2011-01-07 11:49:00.000,13750,55
"573770",2011-11-01 10:12:00.000,15214,53
"543529",2011-02-09 12:16:00.000,18109,9
"565750",2011-09-06 12:48:00.000,14208,56
"560694",2011-07-20 12:05:00.000,12757,36
"560598",2011-07-19 17:02:00.000,17096,53
"539319",2010-12-16 19:10:00.000,12967,36
"579779",2011-11-30 15:16:00.000,17737,9
"564164",2011-08-23 13:30:00.000,17940,60
"538722",2010-12-14 11:12:00.000,17975,33
"537249",2010-12-06 10:38:00.000,16955,36
"552802",2011-05-11 12:23:00.000,16115,34
"576876",2011-11-16 16:42:00.000,16804,33
"580972",2011-12-06 15:10:00.000,15194,55
"538101",2010-12-09 15:01:00.000,15380,36
"569910",2011-10-06 16:47:00.000,17139,54
C551732,2011-05-04 10:10:00.000,15382,56
"575127",2011-11-08 14:26:00.000,13695,55
"561101",2011-07-25 11:05:00.000,16013,53
"563161",2011-08-12 12:15:00.000,14790,53
"545465",2011-03-03 09:25:00.000,16957,9
"563858",2011-08-19 16:04:00.000,18170,36
C554873,2011-05-27 11:00:00.000,13988,35
"545702",2011-03-06 15:21:00.000,14247,9
"543459",2011-02-08 13:28:00.000,12599,18
"553046",2011-05-13 09:37:00.000,13534,9
"575869",2011-11-11 12:45:00.000,14543,53
"538063",2010-12-09 13:44:00.000,18102,18
"541703",2011-01-21 09:52:00.000,12594,55
"578853",2011-11-27 11:15:00.000,17864,52
C550451,2011-04-18 12:55:00.000,17204,18
"560042",2011-07-14 14:46:00.000,17068,35
C565962,2011-09-08 11:25:00.000,14410,55
"556257",2011-06-09 17:47:00.000,17576,18
"543002",2011-02-02 12:36:00.000,13491,60
"547053",2011-03-20 12:08:00.000,13001,36
"573183",2011-10-28 11:33:00.000,15028,60
"573422",2011-10-31 09:51:00.000,14292,55
"571729",2011-10-19 09:43:00.000,12500,53
"572186",2011-10-21 10:55:00.000,16497,9
C538847,2010-12-14 13:27:00.000,17404,54
"547064",2011-03-20 13:38:00.000,16096,34
"558754",2011-07-03 12:10:00.000,15518,52
"573364",2011-10-30 13:09:00.000,14710,35
"537111",2010-12-05 12:08:00.000,14810,52
"578947",2011-11-27 13:49:00.000,14547,9
C545453,2011-03-02 16:57:00.000,14639,9
"565802",2011-09-07 10:36:00.000,17573,60
C558463,2011-06-29 15:14:00.000,13982,55
"559545",2011-07-10 14:42:00.000,15467,53
"540240",2011-01-05 15:09:00.000,17585,59
"561694",2011-07-29 09:57:00.000,16147,52
"558331",2011-06-28 12:21:00.000,17391,36
"543535",2011-02-09 13:37:00.000,17537,55
"575905",2011-11-11 15:49:00.000,13732,33
"563619",2011-08-18 10:01:00.000,12839,9
"545505",2011-03-03 11:40:00.000,17856,55
"543625",2011-02-10 15:38:00.000,12583,55
"576896",2011-11-17 08:41:00.000,14735,55
"568881",2011-09-29 12:39:00.000,13960,18
"551471",2011-04-28 16:40:00.000,16370,18
"544109",2011-02-16 10:56:00.000,12841,52
"542725",2011-01-31 15:05:00.000,16191,55
"548363",2011-03-30 15:48:00.000,12428,60
"541272",2011-01-17 11:17:00.000,13527,9
"564846",2011-08-30 15:16:00.000,14507,56
"568655",2011-09-28 12:20:00.000,17611,33
"572881",2011-10-26 13:36:00.000,12748,59
"556192",2011-06-09 12:02:00.000,15615,55
"565724",2011-09-06 11:53:00.000,16168,59
"540020",2011-01-04 12:45:00.000,14462,52
"567302",2011-09-19 13:02:00.000,15058,56
"561859",2011-07-29 17:19:00.000,17750,36
"566321",2011-09-12 11:44:00.000,17961,52
"564334",2011-08-24 14:19:00.000,15812,36
"573185",2011-10-28 11:34:00.000,17730,36
"540945",2011-01-12 12:41:00.000,16554,36
"548372",2011-03-30 16:34:00.000,14572,60
"551197",2011-04-27 11:26:00.000,14078,56
"552308",2011-05-08 15:21:00.000,17410,34
"559553",2011-07-11 09:23:00.000,16174,55
"549929",2011-04-13 10:32:00.000,13740,35
"540463",2011-01-07 13:13:00.000,12489,56
"556887",2011-06-15 12:36:00.000,14606,35
"553011",2011-05-12 17:03:00.000,14390,55
"550635",2011-04-19 15:20:00.000,18173,60
"565417",2011-09-04 12:04:00.000,15738,36
"560551",2011-07-19 12:47:00.000,18041,34
"573152",2011-10-27 20:16:00.000,17530,59
C572226,2011-10-21 13:58:00.000,15321,55
"549910",2011-04-12 17:12:00.000,16697,52
"548745",2011-04-04 12:10:00.000,12471,54
C536737,2010-12-02 13:05:00.000,15922,9
"544455",2011-02-20 13:18:00.000,13097,36
C542424,2011-01-28 09:18:00.000,18075,36
"539398",2010-12-17 11:53:00.000,12471,54
"536466",2010-12-01 12:23:00.000,14849,59
"540404",2011-01-07 09:40:00.000,12947,18
"550628",2011-04-19 14:37:00.000,13101,34
"560925",2011-07-22 09:02:00.000,15061,18
"547697",2011-03-24 16:23:00.000,14348,18
"572660",2011-10-25 12:30:00.000,14527,35
"561195",2011-07-25 13:57:00.000,14796,55
"542923",2011-02-02 09:08:00.000,14665,59
"558684",2011-07-01 11:29:00.000,14016,33
"580997",2011-12-06 17:23:00.000,15023,60
"552565",2011-05-10 11:55:00.000,15381,55
"558338",2011-06-28 13:36:00.000,16824,59
"573863",2011-11-01 11:51:00.000,16825,54
"538646",2010-12-13 14:55:00.000,17293,54
"564350",2011-08-24 14:57:00.000,14401,33
"552179",2011-05-06 13:31:00.000,16919,9
"570388",2011-10-10 12:37:00.000,14911,35
"546996",2011-03-18 13:27:00.000,17060,18
"576317",2011-11-14 14:57:00.000,15781,55
"554762",2011-05-26 11:37:00.000,16837,60
"562087",2011-08-02 12:31:00.000,14606,52
"560203",2011-07-15 13:13:00.000,15311,33
C565379,2011-09-02 15:17:00.000,14415,52
"540516",2011-01-09 12:01:00.000,16326,56
"564540",2011-08-25 15:34:00.000,12748,54
C579554,2011-11-30 11:05:00.000,13924,55
"573512",2011-10-31 12:30:00.000,17951,18
C566313,2011-09-12 09:43:00.000,13577,9
"571439",2011-10-17 13:25:00.000,17206,59
"568590",2011-09-28 10:29:00.000,13126,35
"537245",2010-12-06 10:24:00.000,14748,56
"550336",2011-04-17 14:55:00.000,13089,35
"555759",2011-06-07 11:10:00.000,13220,35
"547508",2011-03-23 13:39:00.000,12683,60
"563905",2011-08-21 11:43:00.000,13267,18
"553845",2011-05-19 12:38:00.000,17675,54
"554124",2011-05-23 08:31:00.000,13339,59
"559362",2011-07-08 08:43:00.000,12635,54
"548918",2011-04-05 10:13:00.000,16105,56
"579991",2011-12-01 11:20:00.000,13159,33
"544153",2011-02-16 12:11:00.000,15356,35
"545056",2011-02-27 12:48:00.000,16745,33
"540855",2011-01-12 10:14:00.000,16353,56
"580962",2011-12-06 14:40:00.000,17119,36
"562465",2011-08-05 11:46:00.000,13908,34
"561204",2011-07-25 15:22:00.000,12836,59
"551033",2011-04-26 11:32:00.000,15039,52
"577058",2011-11-17 14:29:00.000,18122,55
"559028",2011-07-05 14:27:00.000,12839,52
"552655",2011-05-10 14:22:00.000,14587,53
"581134",2011-12-07 13:12:00.000,16368,54
"564140",2011-08-23 11:47:00.000,12621,60
"564336",2011-08-24 14:28:00.000,12748,55
"575620",2011-11-10 13:01:00.000,17573,36
C554152,2011-05-23 11:21:00.000,18257,52
"577161",2011-11-18 10:18:00.000,18210,36
C540792,2011-01-11 11:50:00.000,16203,34
"549974",2011-04-13 14:31:00.000,17746,33
"541678",2011-01-20 14:13:00.000,17771,54
"579536",2011-11-30 09:53:00.000,12957,60
"572566",2011-10-25 10:17:00.000,13050,9
"579494",2011-11-29 15:33:00.000,17468,53
"540479",2011-01-07 15:19:00.000,14889,9
"539047",2010-12-15 16:03:00.000,15290,59
"560894",2011-07-21 17:09:00.000,14911,36
"542743",2011-01-31 16:26:00.000,16191,36
"572062",2011-10-20 12:57:00.000,16177,36
"562552",2011-08-05 16:23:00.000,12748,9
C551178,2011-04-26 17:26:00.000,15805,54
"552330",2011-05-09 10:13:00.000,12948,55
"541596",2011-01-19 16:18:00.000,17602,35
"565768",2011-09-06 14:29:00.000,14040,55
"575954",2011-11-13 12:03:00.000,17211,36
"570857",2011-10-12 15:06:00.000,15555,36
"567326",2011-09-19 14:38:00.000,14290,55
"537859",2010-12-08 16:11:00.000,14030,56
"571067",2011-10-13 15:08:00.000,16793,9
"550934",2011-04-21 15:15:00.000,16163,35
"557416",2011-06-20 11:49:00.000,17809,35
"566922",2011-09-15 14:58:00.000,16156,52
"558872",2011-07-04 13:19:00.000,17464,56
"571657",2011-10-18 12:44:00.000,13835,56
"570832",2011-10-12 13:28:00.000,13058,54
C556272,2011-06-09 19:43:00.000,15159,60
"557272",2011-06-19 11:42:00.000,17368,60
"571377",2011-10-17 11:56:00.000,14911,36
"564040",2011-08-22 12:45:00.000,14560,33
"540374",2011-01-06 17:19:00.000,15845,59
"559878",2011-07-13 11:19:00.000,15493,35
"570219",2011-10-09 12:44:00.000,16809,54
"571746",2011-10-19 10:56:00.000,17043,59
"547558",2011-03-23 17:25:00.000,17966,18
"568054",2011-09-23 12:50:00.000,16978,36
"566778",2011-09-15 10:02:00.000,17961,53
C561379,2011-07-26 17:12:00.000,13668,36
"581019",2011-12-07 10:11:00.000,14794,35
"567622",2011-09-21 12:46:00.000,14527,52
"568518",2011-09-27 12:53:00.000,12680,9
"560247",2011-07-17 12:18:00.000,14292,59
"536954",2010-12-03 12:41:00.000,17809,34
"545989",2011-03-08 12:57:00.000,14560,36
"580128",2011-12-01 17:56:00.000,17576,35
"540178",2011-01-05 12:42:00.000,12681,34
"574721",2011-11-06 14:43:00.000,17920,52
"544805",2011-02-23 14:50:00.000,18068,54
"575321",2011-11-09 13:34:00.000,15311,54
"537031",2010-12-03 16:45:00.000,16455,33
"568996",2011-09-29 17:16:00.000,13131,35
"579265",2011-11-29 09:15:00.000,13599,55
"570695",2011-10-12 08:56:00.000,17489,53
"559922",2011-07-13 15:50:00.000,14400,60
C554477,2011-05-24 12:44:00.000,16086,60
"561037",2011-07-24 11:55:00.000,12472,52
C546170,2011-03-10 10:29:00.000,15034,52
"561517",2011-07-27 15:17:00.000,18226,60
"538449",2010-12-12 12:24:00.000,17085,55
C577042,2011-11-17 13:35:00.000,13894,36
C562425,2011-08-04 17:08:00.000,12584,55
"577064",2011-11-17 14:43:00.000,16656,52
C568501,2011-09-27 12:13:00.000,16713,52
"570108",2011-10-07 12:25:00.000,13004,18
"573578",2011-10-31 14:13:00.000,16018,33
"564168",2011-08-23 13:51:00.000,16794,56
"562202",2011-08-03 12:33:00.000,15290,53
"576089",2011-11-14 08:56:00.000,17663,52
"575868",2011-11-11 12:44:00.000,12985,9
"562427",2011-08-04 17:19:00.000,17267,60
"562784",2011-08-09 13:22:00.000,16791,52
"566293",2011-09-11 15:35:00.000,14533,33
"543291",2011-02-07 10:50:00.000,14180,60
C557655,2011-06-21 17:36:00.000,15125,53
"574756",2011-11-07 09:40:00.000,13534,34
"549988",2011-04-13 16:43:00.000,14367,53
"574331",2011-11-04 09:24:00.000,13178,9
C555358,2011-06-02 13:43:00.000,13854,34
"564171",2011-08-23 14:00:00.000,16133,36
"574320",2011-11-03 19:17:00.000,17078,9
"559295",2011-07-07 12:32:00.000,12362,56
"546373",2011-03-11 12:00:00.000,12583,59
"575876",2011-11-11 13:20:00.000,15608,34
"558776",2011-07-04 10:20:00.000,18102,54
"539296",2010-12-16 17:01:00.000,16816,54
"572279",2011-10-23 10:56:00.000,16066,55
C554273,2011-05-23 13:09:00.000,13883,53
"578804",2011-11-25 12:57:00.000,17557,56
"568315",2011-09-26 13:17:00.000,16705,36
"569693",2011-10-05 15:18:00.000,17837,60
C541433,2011-01-18 10:17:00.000,12346,33
C546168,2011-03-10 10:22:00.000,16670,55
"561397",2011-07-27 10:41:00.000,16532,56
C576785,2011-11-16 13:51:00.000,14109,59
C548392,2011-03-30 17:09:00.000,18075,54
"553685",2011-05-18 13:56:00.000,18097,56
"553203",2011-05-15 16:10:00.000,14911,35
C569960,2011-10-06 18:40:00.000,18172,55
"561653",2011-07-28 15:55:00.000,14002,35
"563411",2011-08-16 11:10:00.000,16927,18
C567624,2011-09-21 12:50:00.000,13448,55
"545692",2011-03-06 12:58:00.000,17428,9
"574355",2011-11-04 10:48:00.000,18102,60
C562620,2011-08-08 12:34:00.000,13089,35
"567387",2011-09-20 10:38:00.000,17450,9
"562924",2011-08-10 14:49:00.000,16750,55
"566901",2011-09-15 13:54:00.000,17434,53
"553059",2011-05-13 10:44:00.000,16660,36
"539477",2010-12-19 14:58:00.000,18245,56
"552404",2011-05-09 12:39:00.000,15932,53
"541872",2011-01-24 09:52:00.000,14796,35
"569943",2011-10-06 18:08:00.000,14592,55
"556065",2011-06-08 14:29:00.000,14829,33
C549900,2011-04-12 16:10:00.000,17180,54
"568592",2011-09-28 10:42:00.000,17469,53
"546413",2011-03-11 16:54:00.000,17961,56
"537463",2010-12-07 10:08:00.000,12681,56
"576623",2011-11-15 17:12:00.000,12748,52
"570092",2011-10-07 11:51:00.000,16029,55
"571475",2011-10-17 14:42:00.000,15033,35
"569871",2011-10-06 15:04:00.000,13089,56
"574475",2011-11-04 12:18:00.000,14132,54
"572132",2011-10-21 10:03:00.000,13725,34
"567874",2011-09-22 14:26:00.000,13055,55
"550785",2011-04-20 14:02:00.000,15517,33
"580310",2011-12-02 14:47:00.000,15570,53
C542140,2011-01-25 17:33:00.000,12947,59
"573323",2011-10-30 10:54:00.000,15708,34
"544664",2011-02-22 14:55:00.000,16045,54
C570850,2011-10-12 14:44:00.000,15473,18
"561068",2011-07-24 14:33:00.000,13116,54
"559456",2011-07-08 12:35:00.000,13018,9
"566219",2011-09-09 15:51:00.000,17426,55
"544168",2011-02-16 13:16:00.000,13798,55
"543924",2011-02-14 14:14:00.000,16904,54
"554640",2011-05-25 12:06:00.000,14680,35
"562095",2011-08-02 13:15:00.000,16712,35
"538651",2010-12-13 15:07:00.000,15311,59
"580261",2011-12-02 12:40:00.000,16038,33
"549055",2011-04-06 10:33:00.000,13515,60
"576390",2011-11-15 10:13:00.000,12569,35
"571965",2011-10-20 10:41:00.000,17238,56
"579134",2011-11-28 12:38:00.000,13115,36
"541172",2011-01-14 11:47:00.000,13854,60
"538094",2010-12-09 14:50:00.000,13117,60
"548808",2011-04-04 12:55:00.000,17774,36
C562801,2011-08-09 14:35:00.000,15194,36
"538077",2010-12-09 14:19:00.000,14667,52
"574102",2011-11-03 10:27:00.000,16128,33
"562419",2011-08-04 16:36:00.000,14667,33
"546028",2011-03-09 08:33:00.000,17049,52
"540354",2011-01-06 14:58:00.000,13576,52
"575706",2011-11-10 17:13:00.000,14713,36
"571244",2011-10-14 15:46:00.000,17180,9
"554570",2011-05-25 10:53:00.000,13728,54
"573410",2011-10-30 16:03:00.000,15669,54
"547029",2011-03-20 10:17:00.000,15465,18
"581006",2011-12-07 08:45:00.000,14911,59
C554012,2011-05-20 12:56:00.000,15125,54
C571264,2011-10-16 11:07:00.000,17769,18
"568947",2011-09-29 15:04:00.000,14696,59
"546526",2011-03-14 12:59:00.000,15061,60
C540652,2011-01-10 15:04:00.000,17406,59
"551814",2011-05-04 11:45:00.000,18065,18
"559866",2011-07-13 10:43:00.000,15795,36
"552730",2011-05-11 10:42:00.000,16837,33
"537038",2010-12-05 10:12:00.000,15465,56
C548193,2011-03-29 15:27:00.000,14680,52
"570114",2011-10-07 12:31:00.000,13587,34
"575525",2011-11-10 11:06:00.000,13983,59
"553382",2011-05-16 15:47:00.000,14217,56
"552410",2011-05-09 12:40:00.000,14527,52
"580830",2011-12-06 11:38:00.000,14825,55
"553014",2011-05-12 18:49:00.000,13451,60
C546080,2011-03-09 11:18:00.000,15078,52
"574338",2011-11-04 10:05:00.000,14150,52
C581569,2011-12-09 11:58:00.000,17315,33
"570495",2011-10-11 09:05:00.000,16861,35
"570196",2011-10-07 15:40:00.000,18136,33
C540165,2011-01-05 12:05:00.000,18109,60
"537775",2010-12-08 12:41:00.000,17722,53
C569956,2011-10-06 18:36:00.000,14944,59
"547373",2011-03-22 13:52:00.000,13798,60
"563354",2011-08-15 14:35:00.000,15271,53
"572894",2011-10-26 14:39:00.000,12569,53
"566214",2011-09-09 15:10:00.000,14895,52
C539104,2010-12-16 10:38:00.000,12494,36
C572529,2011-10-24 15:52:00.000,17675,55
C564427,2011-08-25 11:18:00.000,17841,34
"578427",2011-11-24 12:11:00.000,15034,33
"564731",2011-08-28 12:57:00.000,16186,18
"570001",2011-10-07 09:10:00.000,14427,18
"579865",2011-11-30 16:39:00.000,16915,52
"537042",2010-12-05 10:45:00.000,13838,35
"550916",2011-04-21 13:39:00.000,17718,56
"549323",2011-04-08 10:26:00.000,12999,60
"546100",2011-03-09 12:04:00.000,16572,60
"580986",2011-12-06 16:34:00.000,12650,52
C568559,2011-09-27 16:37:00.000,14397,34
"576091",2011-11-14 09:00:00.000,16779,55
"574175",2011-11-03 11:47:00.000,14110,36
C568664,2011-09-28 12:50:00.000,14911,52
"564203",2011-08-24 08:49:00.000,18061,53
"539261",2010-12-16 14:34:00.000,15620,55
"581216",2011-12-08 09:06:00.000,16523,56
"537636",2010-12-07 15:20:00.000,16950,52
"549959",2011-04-13 13:47:00.000,16097,54
"559151",2011-07-06 15:02:00.000,17389,54
C552173,2011-05-06 13:06:00.000,15144,52
"538533",2010-12-13 10:31:00.000,14796,9
"565447",2011-09-04 15:20:00.000,14107,55
"543820",2011-02-13 16:05:00.000,16084,36
"543023",2011-02-02 14:38:00.000,15270,53
"579256",2011-11-29 08:07:00.000,13349,60
"567456",2011-09-20 12:16:00.000,16029,60
"541292",2011-01-17 13:30:00.000,15596,56
C571928,2011-10-19 16:44:00.000,12720,56
"542607",2011-01-30 13:48:00.000,13148,35
C539270,2010-12-16 15:27:00.000,14777,53
"563729",2011-08-18 17:39:00.000,14051,54
"575329",2011-11-09 13:50:00.000,17038,33
"551250",2011-04-27 12:00:00.000,17841,60
"572755",2011-10-25 17:31:00.000,13601,9
"543549",2011-02-10 09:29:00.000,17940,18
"544461",2011-02-20 14:08:00.000,13744,56
"536397",2010-12-01 10:51:00.000,17924,56
"563252",2011-08-15 11:59:00.000,17655,55
"577483",2011-11-20 11:50:00.000,14502,33
"575935",2011-11-13 11:20:00.000,17838,55
"573894",2011-11-01 13:59:00.000,17812,55
"540802",2011-01-11 12:29:00.000,15189,35
"575497",2011-11-10 09:10:00.000,14944,18
"545152",2011-02-28 12:47:00.000,15227,54
"561034",2011-07-24 11:45:00.000,15506,33
"580050",2011-12-01 12:54:00.000,14960,52
"563892",2011-08-19 17:08:00.000,16330,56
"566310",2011-09-12 09:39:00.000,15980,33
"574741",2011-11-06 16:13:00.000,15993,55
"558920",2011-07-05 09:57:00.000,15078,36
"551872",2011-05-04 17:19:00.000,12955,52
"573908",2011-11-01 15:19:00.000,17739,60
"571465",2011-10-17 14:29:00.000,14830,55
"579103",2011-11-28 11:39:00.000,18041,52
"576654",2011-11-16 10:55:00.000,15584,33
"559652",2011-07-11 12:47:00.000,17164,56
"572131",2011-10-21 09:56:00.000,13917,33
"564370",2011-08-25 09:53:00.000,17134,34
"576172",2011-11-14 11:00:00.000,15482,54
"538453",2010-12-12 12:26:00.000,16779,33
"563191",2011-08-12 16:07:00.000,16678,52
"580554",2011-12-05 10:15:00.000,17402,36
"562429",2011-08-04 17:23:00.000,13767,9
"567374",2011-09-20 09:40:00.000,15341,34
"565230",2011-09-02 09:24:00.000,16705,60
C561237,2011-07-26 10:29:00.000,13050,60
C554846,2011-05-26 19:55:00.000,16700,54
C538690,2010-12-14 09:54:00.000,13802,55
"574252",2011-11-03 13:24:00.000,12437,59
"572969",2011-10-27 10:46:00.000,13363,56
"558527",2011-06-30 11:02:00.000,12748,55
"547028",2011-03-20 10:13:00.000,13593,60
"579444",2011-11-29 13:40:00.000,13999,34
"580619",2011-12-05 12:08:00.000,15053,54
"540420",2011-01-07 11:13:00.000,12829,33
"537380",2010-12-06 13:12:00.000,15882,55
"537421",2010-12-06 15:25:00.000,17218,54
"578945",2011-11-27 13:47:00.000,16877,35
"555875",2011-06-07 15:17:00.000,12748,36
C546211,2011-03-10 11:32:00.000,15358,56
"559556",2011-07-11 10:24:00.000,16156,60
"539216",2010-12-16 12:42:00.000,12748,54
"578818",2011-11-25 13:47:00.000,17920,53
"579450",2011-11-29 13:59:00.000,12901,60
C560219,2011-07-15 15:22:00.000,12451,53
"556426",2011-06-10 13:18:00.000,16729,18
"569904",2011-10-06 16:27:00.000,13023,59
"560783",2011-07-21 10:24:00.000,15108,54
"547192",2011-03-21 12:32:00.000,15855,33
C569395,2011-10-03 17:18:00.000,14188,60
"579509",2011-11-29 16:44:00.000,12963,52
C579906,2011-12-01 08:46:00.000,17063,9
"556789",2011-06-14 13:40:00.000,15129,35
"559668",2011-07-11 13:40:00.000,13394,53
"575166",2011-11-08 17:09:00.000,17022,59
"574314",2011-11-03 17:48:00.000,13500,18
"546385",2011-03-11 13:13:00.000,16652,54
"548486",2011-03-31 12:51:00.000,12909,18
"569139",2011-09-30 14:55:00.000,16404,9
"550348",2011-04-18 09:38:00.000,16947,36
"550277",2011-04-15 12:48:00.000,12639,56
"555590",2011-06-06 09:39:00.000,17690,33
"543652",2011-02-11 10:15:00.000,15544,54
"579160",2011-11-28 13:54:00.000,13196,9
C566445,2011-09-12 15:35:00.000,14286,60
C538536,2010-12-13 10:40:00.000,15881,35
"555648",2011-06-06 13:46:00.000,14623,53
C576072,2011-11-13 16:05:00.000,18069,60
"550531",2011-04-19 10:59:00.000,13199,53
C581484,2011-12-09 09:27:00.000,16446,18
C552016,2011-05-05 17:38:00.000,15696,60
"537248",2010-12-06 10:36:00.000,15899,53
"579605",2011-11-30 12:01:00.000,15024,59
"551332",2011-04-27 16:23:00.000,13078,54
"557636",2011-06-21 15:41:00.000,17841,34
C565799,2011-09-07 10:17:00.000,13999,52
"564912",2011-08-31 12:33:00.000,12490,55
"562273",2011-08-04 09:55:00.000,12502,34
"552005",2011-05-05 16:34:00.000,15491,9
C558081,2011-06-26 11:42:00.000,18172,35
C555268,2011-06-01 16:17:00.000,18257,36
"539466",2010-12-19 12:46:00.000,12668,55
"537854",2010-12-08 15:58:00.000,13984,52
"554329",2011-05-23 16:52:00.000,15796,54
"560047",2011-07-14 15:01:00.000,17259,35
"578664",2011-11-24 16:59:00.000,15910,56
"571033",2011-10-13 12:46:00.000,14251,34
"553712",2011-05-18 15:41:00.000,13552,59
"570671",2011-10-11 14:51:00.000,16171,53
"568591",2011-09-28 10:39:00.000,17088,35
"575418",2011-11-09 15:52:00.000,16986,9
"542398",2011-01-27 15:36:00.000,13174,35
"545220",2011-03-01 08:30:00.000,14620,56
"557884",2011-06-23 13:35:00.000,17759,53
"541866",2011-01-24 09:25:00.000,16477,56
"545577",2011-03-03 19:18:00.000,14702,53
"561933",2011-08-01 12:56:00.000,12949,56
"544392",2011-02-18 11:54:00.000,14680,18
"567139",2011-09-16 14:45:00.000,13563,9
"561021",2011-07-24 10:03:00.000,15465,54
C543659,2011-02-11 10:40:00.000,16730,59
"556916",2011-06-15 13:35:00.000,16898,54
"555349",2011-06-02 12:08:00.000,16729,53
"538796",2010-12-14 11:43:00.000,17041,33
"553551",2011-05-17 16:23:00.000,13631,9
"580052",2011-12-01 12:55:00.000,16513,35
"556472",2011-06-12 11:48:00.000,16633,34
"542320",2011-01-27 11:15:00.000,14040,53
"542208",2011-01-26 11:35:00.000,16422,59
"575076",2011-11-08 13:20:00.000,16639,34
"574945",2011-11-08 08:18:00.000,15434,33
"566537",2011-09-13 11:34:00.000,13767,60
"545155",2011-02-28 13:25:00.000,14527,34
"568793",2011-09-29 09:55:00.000,16011,9
"543235",2011-02-04 13:30:00.000,14462,52
"572351",2011-10-24 11:38:00.000,15516,55
"567846",2011-09-22 13:13:00.000,13486,9
"554808",2011-05-26 13:01:00.000,17059,54
"549281",2011-04-07 13:19:00.000,17735,18
"564995",2011-08-31 16:09:00.000,16780,18
"539462",2010-12-19 11:19:00.000,14032,59
"550999",2011-04-26 09:12:00.000,17670,55
"575760",2011-11-11 10:50:00.000,15965,36
C538684,2010-12-14 09:26:00.000,16161,9
"555415",2011-06-03 10:08:00.000,14500,33
"561888",2011-07-31 13:36:00.000,14092,33
"545645",2011-03-04 12:42:00.000,12755,18
"542151",2011-01-26 10:30:00.000,13491,35
"550784",2011-04-20 13:59:00.000,13269,34
"537081",2010-12-05 12:00:00.000,15332,56
"576099",2011-11-14 10:28:00.000,13021,34
"561378",2011-07-26 16:55:00.000,17861,54
"540996",2011-01-13 09:40:00.000,17068,55
"546218",2011-03-10 12:11:00.000,14667,33
"569853",2011-10-06 14:18:00.000,13771,55
"580026",2011-12-01 11:59:00.000,17381,33
"560094",2011-07-14 17:13:00.000,18109,55
"576518",2011-11-15 12:25:00.000,16361,59
C547495,2011-03-23 12:11:00.000,15021,18
"536802",2010-12-02 16:29:00.000,17412,36
"554492",2011-05-24 13:56:00.000,13168,55
"562045",2011-08-02 10:33:00.000,12644,18
"562431",2011-08-04 17:37:00.000,13069,52
"543548",2011-02-10 09:21:00.000,13706,59
"565411",2011-09-04 11:22:00.000,13772,59
"567928",2011-09-22 17:31:00.000,12380,33
"544697",2011-02-23 09:44:00.000,13453,59
"552848",2011-05-11 14:49:00.000,14367,56
"542715",2011-01-31 13:39:00.000,16403,52
"562772",2011-08-09 12:07:00.000,13097,59
"570240",2011-10-09 15:17:00.000,13212,36
C564299,2011-08-24 11:00:00.000,12853,35
"562932",2011-08-10 16:39:00.000,16904,36
"555094",2011-05-31 13:17:00.000,13398,55
"581493",2011-12-09 10:10:00.000,12423,59
"576926",2011-11-17 10:59:00.000,14113,59
"579011",2011-11-28 09:40:00.000,15078,54
"581125",2011-12-07 12:41:00.000,14087,55
"561611",2011-07-28 12:29:00.000,17975,60
"553348",2011-05-16 13:20:00.000,14911,9
"561259",2011-07-26 12:04:00.000,12584,36
"559702",2011-07-12 09:10:00.000,16013,60
C554522,2011-05-24 17:12:00.000,18223,33
C550752,2011-04-20 11:49:00.000,13089,53
"543044",2011-02-03 08:18:00.000,17071,53
"546925",2011-03-18 10:09:00.000,12647,56
"554824",2011-05-26 14:21:00.000,15785,33
"541865",2011-01-24 08:20:00.000,13068,59
"581474",2011-12-08 20:01:00.000,12748,56
"560824",2011-07-21 11:23:00.000,17935,55
"557517",2011-06-20 17:09:00.000,15125,36
"557270",2011-06-19 11:36:00.000,14162,36
"545910",2011-03-08 10:04:00.000,14586,33
"569717",2011-10-06 08:25:00.000,13845,56
"542897",2011-02-01 13:55:00.000,15854,33
"542215",2011-01-26 12:27:00.000,12472,59
"563712",2011-08-18 15:44:00.000,12680,53
"549120",2011-04-06 13:28:00.000,14587,54
"567104",2011-09-16 13:33:00.000,15975,9
"572331",2011-10-24 10:18:00.000,16491,52
C551778,2011-05-04 11:23:00.000,18220,35
C572228,2011-10-21 14:03:00.000,15728,18
C546517,2011-03-14 12:24:00.000,15308,55
"570790",2011-10-12 11:55:00.000,13575,33
"577736",2011-11-21 13:20:00.000,14606,33
"560051",2011-07-14 15:22:00.000,15306,18
"566424",2011-09-12 14:15:00.000,13309,33
"539452",2010-12-17 17:06:00.000,15856,55
"553165",2011-05-13 16:12:00.000,13623,59
C569922,2011-10-06 17:38:00.000,16842,53
"563928",2011-08-21 15:17:00.000,17059,56
"552280",2011-05-08 12:39:00.000,13561,59
"575140",2011-11-08 15:35:00.000,18198,18
"561006",2011-07-22 15:02:00.000,16161,56
"558902",2011-07-04 16:08:00.000,13001,55
"560248",2011-07-17 12:24:00.000,16255,60
"566862",2011-09-15 12:46:00.000,13018,55
"569459",2011-10-04 11:33:00.000,16713,18
"573153",2011-10-28 07:39:00.000,12678,54
C539949,2010-12-23 11:49:00.000,17581,36
"566314",2011-09-12 09:57:00.000,15358,35
"548260",2011-03-30 11:18:00.000,15373,60
"571476",2011-10-17 14:51:00.000,13546,9
"554706",2011-05-26 10:13:00.000,12910,34
"552309",2011-05-08 15:22:00.000,13835,9
"581169",2011-12-07 14:54:00.000,16779,56
"552166",2011-05-06 12:21:00.000,13475,34
"564866",2011-08-31 10:40:00.000,14660,9
"537625",2010-12-07 14:57:00.000,15180,59
C558433,2011-06-29 12:31:00.000,14606,55
"545987",2011-03-08 12:51:00.000,17389,18
"559155",2011-07-06 15:49:00.000,13418,52
"571261",2011-10-16 10:50:00.000,12901,52
"555943",2011-06-08 10:15:00.000,13520,33
"552266",2011-05-08 11:41:00.000,13975,52
"552329",2011-05-09 10:06:00.000,13492,54
"565251",2011-09-02 10:49:00.000,12748,54
"546163",2011-03-10 10:03:00.000,17377,56
"548608",2011-04-01 11:20:00.000,13462,52
"537764",2010-12-08 12:06:00.000,16893,60
"558089",2011-06-26 12:36:00.000,13505,54
C566182,2011-09-09 12:55:00.000,14210,53
"579456",2011-11-29 14:20:00.000,13428,9
"545061",2011-02-27 13:52:00.000,15547,60
"540351",2011-01-06 14:26:00.000,12735,54
"542925",2011-02-02 09:39:00.000,14457,34
"573841",2011-11-01 11:39:00.000,14995,52
C544417,2011-02-18 15:13:00.000,17512,33
"547387",2011-03-22 16:00:00.000,12539,35
C571699,2011-10-18 14:51:00.000,15106,18
"545704",2011-03-07 08:30:00.000,16638,33
C568386,2011-09-27 09:56:00.000,12720,54
"541439",2011-01-18 10:58:00.000,16948,54
"545630",2011-03-04 12:06:00.000,14466,33
"571218",2011-10-14 13:24:00.000,17451,52
"542242",2011-01-26 14:58:00.000,13754,59
"548403",2011-03-31 09:36:00.000,14794,59
"566571",2011-09-13 12:49:00.000,17037,33
"540553",2011-01-10 09:48:00.000,12500,55
C580766,2011-12-06 10:46:00.000,14562,56
"561084",2011-07-25 08:50:00.000,14948,55
C537530,2010-12-07 11:47:00.000,13319,18
"573340",2011-10-30 11:55:00.000,14159,52
"568833",2011-09-29 11:39:00.000,17348,9
"571239",2011-10-14 14:54:00.000,12744,56
"566050",2011-09-08 14:35:00.000,13854,54
"580363",2011-12-02 16:32:00.000,13868,56
"559907",2011-07-13 13:37:00.000,12766,55
"574305",2011-11-03 16:30:00.000,18081,34
"569205",2011-10-02 10:55:00.000,16923,60
"572057",2011-10-20 12:41:00.000,16593,33
"568044",2011-09-23 12:10:00.000,15763,36
"544637",2011-02-22 11:20:00.000,16546,36
"539722",2010-12-21 13:45:00.000,14911,9
"554545",2011-05-25 09:35:00.000,13102,18
"554843",2011-05-26 19:13:00.000,13911,9
"544156",2011-02-16 12:33:00.000,12352,34
"557283",2011-06-19 12:26:00.000,16813,60
"560036",2011-07-14 13:51:00.000,14911,52
C557249,2011-06-17 15:34:00.000,16817,55
"549984",2011-04-13 15:57:00.000,15147,53
"541135",2011-01-14 10:31:00.000,16233,53
"575892",2011-11-11 14:22:00.000,16332,53
"573359",2011-10-30 12:48:00.000,14178,52
C543745,2011-02-11 13:46:00.000,13672,36
"577320",2011-11-18 13:44:00.000,13880,55
"548636",2011-04-01 12:29:00.000,15601,60
"553193",2011-05-15 13:31:00.000,15081,52
"551842",2011-05-04 13:52:00.000,16678,55
"578352",2011-11-24 10:02:00.000,16596,33
"536557",2010-12-01 14:41:00.000,17841,9
C572535,2011-10-24 16:07:00.000,15411,53
"549937",2011-04-13 11:40:00.000,15046,34
"566929",2011-09-15 15:21:00.000,17428,35
C541705,2011-01-21 10:29:00.000,13854,60
"576590",2011-11-15 14:30:00.000,16240,54
"563162",2011-08-12 12:15:00.000,16013,36
"548458",2011-03-31 11:53:00.000,15632,53
"541857",2011-01-23 15:17:00.000,12727,52
"558711",2011-07-01 13:05:00.000,15483,53
C556275,2011-06-09 19:48:00.000,13115,60
C567902,2011-09-22 16:29:00.000,15555,35
"545701",2011-03-06 15:17:00.000,17107,9
"566433",2011-09-12 14:54:00.000,16839,55
"564332",2011-08-24 14:02:00.000,14407,52
C549051,2011-04-06 10:17:00.000,14747,60
"578006",2011-11-22 12:40:00.000,13363,54
C557879,2011-06-23 13:15:00.000,14911,54
"548687",2011-04-01 16:50:00.000,14195,36
"566917",2011-09-15 14:37:00.000,18259,59
"579175",2011-11-28 14:39:00.000,14562,33
C538643,2010-12-13 14:38:00.000,12476,18
"563936",2011-08-22 09:03:00.000,17828,9
"552211",2011-05-06 15:01:00.000,12709,9
"559458",2011-07-08 12:50:00.000,14104,55
"539419",2010-12-17 14:10:00.000,12431,60
"536685",2010-12-02 12:23:00.000,17850,34
"565585",2011-09-05 13:22:00.000,16172,18
"558355",2011-06-28 14:58:00.000,13614,52
"566539",2011-09-13 11:34:00.000,17228,18
C563363,2011-08-15 16:20:00.000,15342,52
C538377,2010-12-12 11:23:00.000,15224,52
"564139",2011-08-23 11:41:00.000,16904,9
"567546",2011-09-21 10:39:00.000,16525,52
"546279",2011-03-10 15:08:00.000,17841,60
"558636",2011-06-30 19:58:00.000,14702,18
"536667",2010-12-02 12:09:00.000,15260,36
"555556",2011-06-05 14:04:00.000,15704,59
C561588,2011-07-28 10:53:00.000,15781,59
"562468",2011-08-05 11:52:00.000,16928,18
"544807",2011-02-23 15:03:00.000,12823,18
"579434",2011-11-29 13:17:00.000,16678,34
"559174",2011-07-07 10:04:00.000,18263,56
"569084",2011-09-30 11:56:00.000,17949,55
C555596,2011-06-06 10:17:00.000,17644,36
C572116,2011-10-20 19:17:00.000,15620,52
"570668",2011-10-11 14:34:00.000,17837,59
"536488",2010-12-01 12:31:00.000,17897,54
"561125",2011-07-25 12:58:00.000,17364,53
C580741,2011-12-06 09:29:00.000,17659,56
"578687",2011-11-25 09:23:00.000,14703,33
"540636",2011-01-10 12:04:00.000,17381,60
C543778,2011-02-11 16:30:00.000,18084,55
C565582,2011-09-05 12:38:00.000,14156,55
"546767",2011-03-16 14:51:00.000,12971,36
"542511",2011-01-28 12:07:00.000,15527,55
"578688",2011-11-25 09:27:00.000,16719,9
C539289,2010-12-16 16:30:00.000,18065,60
"567699",2011-09-22 09:16:00.000,17466,52
"574012",2011-11-02 11:54:00.000,12830,33
"543542",2011-02-09 15:25:00.000,16607,33
C539100,2010-12-16 10:30:00.000,16996,55
"573106",2011-10-27 15:05:00.000,12626,34
C536854,2010-12-03 10:09:00.000,15240,36
"564186",2011-08-23 15:20:00.000,15755,56
"562539",2011-08-05 15:30:00.000,17220,33
C580768,2011-12-06 10:54:00.000,13914,9
"579264",2011-11-29 09:15:00.000,13599,59
"541797",2011-01-21 14:04:00.000,12970,56
"566973",2011-09-16 09:21:00.000,15152,18
"573927",2011-11-02 09:59:00.000,13890,9
"576854",2011-11-16 15:49:00.000,12993,35
C567641,2011-09-21 14:13:00.000,12409,60
"557328",2011-06-20 09:53:00.000,14646,34
"557783",2011-06-22 15:43:00.000,12748,56
"555726",2011-06-06 16:23:00.000,12540,56
"550624",2011-04-19 13:57:00.000,14201,60
"569766",2011-10-06 11:24:00.000,14849,34
"578977",2011-11-27 15:18:00.000,17231,59
"546464",2011-03-14 10:57:00.000,13225,18
"563504",2011-08-17 09:16:00.000,16218,52
"554812",2011-05-26 13:21:00.000,15005,54
"552282",2011-05-08 12:44:00.000,14040,60
"554261",2011-05-23 12:32:00.000,16033,54
"542303",2011-01-27 11:05:00.000,12539,52
C569938,2011-10-06 17:55:00.000,14211,36
"569009",2011-09-29 19:30:00.000,15984,53
"557669",2011-06-22 09:43:00.000,12674,18
"537489",2010-12-07 11:33:00.000,17017,9
"560820",2011-07-21 10:59:00.000,17811,59
"542408",2011-01-27 16:29:00.000,13280,18
"560499",2011-07-19 11:03:00.000,16713,53
"555948",2011-06-08 10:49:00.000,13752,53
"549293",2011-04-07 19:16:00.000,17883,36
"571032",2011-10-13 12:38:00.000,13827,56
"555604",2011-06-06 11:37:00.000,16612,35
"574104",2011-11-03 10:45:00.000,12615,9
"552692",2011-05-10 15:19:00.000,13990,54
"567517",2011-09-20 15:49:00.000,14211,35
"547199",2011-03-21 12:53:00.000,14606,34
"543997",2011-02-15 10:49:00.000,17348,34
"542274",2011-01-27 10:02:00.000,16782,9
"563737",2011-08-18 18:51:00.000,16261,34
"555543",2011-06-05 12:59:00.000,13089,60
C578355,2011-11-24 10:13:00.000,14397,55
"573887",2011-11-01 13:39:00.000,16173,54
"573096",2011-10-27 14:40:00.000,14004,59
"572033",2011-10-20 11:58:00.000,14447,52
"563559",2011-08-17 13:45:00.000,14156,33
"555547",2011-06-05 13:13:00.000,12681,18
"571743",2011-10-19 10:38:00.000,15853,56
C562117,2011-08-02 16:20:00.000,16628,33
"536681",2010-12-02 12:22:00.000,17287,59
C542589,2011-01-28 15:58:00.000,14709,9
"571314",2011-10-17 10:43:00.000,14156,56
"560251",2011-07-17 12:32:00.000,17774,59
"539609",2010-12-20 14:15:00.000,15527,36
"550364",2011-04-18 11:29:00.000,16713,35
"538343",2010-12-10 14:29:00.000,13448,59
"567166",2011-09-18 12:15:00.000,13078,52
"558203",2011-06-27 13:51:00.000,17386,33
"563721",2011-08-18 16:27:00.000,15232,52
"578339",2011-11-24 09:07:00.000,12421,36
"560282",2011-07-18 08:21:00.000,14758,18
"571328",2011-10-17 11:27:00.000,12473,33
"572221",2011-10-21 13:27:00.000,17086,35
"553673",2011-05-18 12:46:00.000,16814,18
"537886",2010-12-09 09:49:00.000,15660,33
"566588",2011-09-13 14:42:00.000,17562,36
"573773",2011-11-01 10:21:00.000,13327,56
"562233",2011-08-03 14:54:00.000,14972,35
C579785,2011-11-30 15:29:00.000,12584,52
"578098",2011-11-22 17:32:00.000,12936,60
C574496,2011-11-04 13:13:00.000,14156,9
"561193",2011-07-25 13:46:00.000,13296,53
"554509",2011-05-24 15:45:00.000,17375,9
C536850,2010-12-03 09:47:00.000,14213,34
"577835",2011-11-22 10:24:00.000,16607,60
"548370",2011-03-30 16:14:00.000,15528,56
"558746",2011-07-01 17:23:00.000,14415,34
"540187",2011-01-05 13:53:00.000,15358,36
"573921",2011-11-02 08:44:00.000,16352,55
"539185",2010-12-16 11:53:00.000,16470,18
"554495",2011-05-24 14:18:00.000,17961,35
"550031",2011-04-14 11:32:00.000,13629,36
C551336,2011-04-27 16:53:00.000,13993,18
"566073",2011-09-08 19:58:00.000,14562,55
"538658",2010-12-13 15:34:00.000,17969,54
"570843",2011-10-12 14:22:00.000,17293,52
"566448",2011-09-12 16:06:00.000,14897,34
"579176",2011-11-28 14:44:00.000,13950,34
"575700",2011-11-10 16:58:00.000,15111,18
"544164",2011-02-16 13:02:00.000,17306,36
"573564",2011-10-31 13:58:00.000,16127,59
"537881",2010-12-09 09:23:00.000,15513,54
"540826",2011-01-11 14:00:00.000,13102,18
C548722,2011-04-04 09:00:00.000,13481,56
"574880",2011-11-07 13:25:00.000,18016,55
"572885",2011-10-26 13:45:00.000,15311,9
"559938",2011-07-14 10:15:00.000,17315,9
"570189",2011-10-07 15:15:00.000,12492,55
"572907",2011-10-26 15:44:00.000,12827,53
"569482",2011-10-04 12:43:00.000,14184,36
"543031",2011-02-02 15:26:00.000,14798,36
"561128",2011-07-25 12:59:00.000,16249,33
"576758",2011-11-16 12:51:00.000,16814,56
"575924",2011-11-11 17:13:00.000,17069,59
"538513",2010-12-12 14:21:00.000,15454,33
"555350",2011-06-02 12:08:00.000,17652,55
"554561",2011-05-25 10:35:00.000,13317,52
"576601",2011-11-15 15:10:00.000,14595,54
C568562,2011-09-27 16:48:00.000,17002,33
"537059",2010-12-05 11:54:00.000,14813,18
C572029,2011-10-20 11:48:00.000,17651,54
C541863,2011-01-23 16:08:00.000,13798,55
"579535",2011-11-30 09:50:00.000,15414,54
"537843",2010-12-08 15:16:00.000,15713,34
C558736,2011-07-01 15:14:00.000,18075,36
"575494",2011-11-10 09:08:00.000,17500,34
"544847",2011-02-24 11:15:00.000,16086,60
"543910",2011-02-14 12:36:00.000,13475,9
"536839",2010-12-02 18:25:00.000,15093,55
"559903",2011-07-13 13:16:00.000,12935,35
C568370,2011-09-26 16:43:00.000,15154,60
"571842",2011-10-19 12:28:00.000,16684,54
"544108",2011-02-16 10:53:00.000,12653,9
"560913",2011-07-21 18:07:00.000,17961,52
"536751",2010-12-02 14:05:00.000,17850,60
"578053",2011-11-22 14:59:00.000,14422,59
"576633",2011-11-16 09:27:00.000,13297,54
"576387",2011-11-15 09:55:00.000,15582,52
"580819",2011-12-06 11:30:00.000,15318,54
"580734",2011-12-06 08:46:00.000,12766,53
"542785",2011-02-01 10:14:00.000,13881,59
"538625",2010-12-13 12:50:00.000,14544,60
"536846",2010-12-02 19:59:00.000,14573,53
C574526,2011-11-04 13:57:00.000,14567,34
"553375",2011-05-16 14:52:00.000,14911,59
"553316",2011-05-16 12:04:00.000,12682,33
"549021",2011-04-05 16:13:00.000,13468,59
"570180",2011-10-07 14:28:00.000,17509,59
"566254",2011-09-11 12:16:00.000,13993,9
"559703",2011-07-12 09:11:00.000,16989,55
"567460",2011-09-20 12:30:00.000,15888,55
"565295",2011-09-02 12:01:00.000,12794,33
"557796",2011-06-23 09:15:00.000,13881,53
"544838",2011-02-24 10:34:00.000,12565,34
"542096",2011-01-25 12:52:00.000,17236,36
"549578",2011-04-11 08:49:00.000,17340,34
"567384",2011-09-20 10:23:00.000,17450,59
"572921",2011-10-26 16:57:00.000,15993,53
"561914",2011-08-01 11:13:00.000,17676,18
"556883",2011-06-15 12:24:00.000,13343,33
"574713",2011-11-06 14:26:00.000,12628,9
C573755,2011-11-01 09:41:00.000,13028,55
"536406",2010-12-01 11:33:00.000,17850,18
"550657",2011-04-20 08:24:00.000,18198,36
"578103",2011-11-23 08:42:00.000,17554,52
"557605",2011-06-21 12:06:00.000,14911,53
"569932",2011-10-06 17:51:00.000,18221,9
"566630",2011-09-14 10:33:00.000,12971,60
"549570",2011-04-10 15:19:00.000,17550,55
"547647",2011-03-24 11:43:00.000,15144,34
"537385",2010-12-06 13:22:00.000,14487,56
"580820",2011-12-06 11:32:00.000,13685,34
"538176",2010-12-10 09:48:00.000,17675,52
"563091",2011-08-11 17:02:00.000,12994,35
"549284",2011-04-07 13:37:00.000,15694,35
"543600",2011-02-10 13:19:00.000,18168,36
"561699",2011-07-29 10:32:00.000,12971,55
"545583",2011-03-04 09:08:00.000,12553,9
"554842",2011-05-26 18:17:00.000,14740,53
"543240",2011-02-04 13:47:00.000,14462,52
"575027",2011-11-08 11:29:00.000,13199,9
"573347",2011-10-30 12:26:00.000,13137,54
"536804",2010-12-02 16:34:00.000,14031,54
"556578",2011-06-13 14:13:00.000,12472,9
"544041",2011-02-15 11:50:00.000,17730,53
"556202",2011-06-09 13:08:00.000,14606,36
"568140",2011-09-25 10:48:00.000,17411,54
"549719",2011-04-11 15:04:00.000,14326,33
"574744",2011-11-07 07:38:00.000,16612,18
"560368",2011-07-18 12:25:00.000,17841,60
"572338",2011-10-24 10:30:00.000,15380,52
C541829,2011-01-21 17:08:00.000,14175,55
"558700",2011-07-01 12:33:00.000,17920,18
"556506",2011-06-13 09:44:00.000,17381,9
C543819,2011-02-13 16:04:00.000,16928,55
"563506",2011-08-17 09:48:00.000,17398,18
"581097",2011-12-07 11:41:00.000,13685,18
"562354",2011-08-04 13:15:00.000,17470,35
"537899",2010-12-09 10:44:00.000,12755,55
"537377",2010-12-06 13:01:00.000,15882,18
"547196",2011-03-21 12:44:00.000,12637,60
"563818",2011-08-19 11:55:00.000,13327,33
C552936,2011-05-12 11:29:00.000,13113,52
"569143",2011-09-30 15:04:00.000,15867,60
"547562",2011-03-24 08:47:00.000,16525,34
C536814,2010-12-02 17:03:00.000,13958,54
"569866",2011-10-06 14:50:00.000,12757,34
"566718",2011-09-14 12:25:00.000,15854,54
"547520",2011-03-23 14:55:00.000,12564,9
"571274",2011-10-16 12:25:00.000,16934,33
"545945",2011-03-08 12:07:00.000,16710,59
"566861",2011-09-15 12:43:00.000,12748,60
"552694",2011-05-10 15:25:00.000,12749,53
"547101",2011-03-21 10:34:00.000,16029,55
"537159",2010-12-05 13:17:00.000,14527,34
"555517",2011-06-05 10:54:00.000,13131,56
"562947",2011-08-11 09:45:00.000,15987,53
C549986,2011-04-13 16:03:00.000,18178,52
"562282",2011-08-04 10:38:00.000,13098,54
C538595,2010-12-13 12:03:00.000,15555,52
"549934",2011-04-13 11:05:00.000,15134,56
"540278",2011-01-06 12:31:00.000,15719,54
"562256",2011-08-03 15:14:00.000,15152,33
"558613",2011-06-30 15:46:00.000,14911,35
C581162,2011-12-07 14:32:00.000,14739,53
"544158",2011-02-16 12:47:00.000,14944,36
"558062",2011-06-24 15:17:00.000,13784,55
"547350",2011-03-22 12:05:00.000,17272,9
"552251",2011-05-06 20:00:00.000,12748,52
"546006",2011-03-08 15:22:00.000,17639,60
C567520,2011-09-20 16:31:00.000,12989,35
"554989",2011-05-29 13:50:00.000,15897,52
C567950,2011-09-23 08:24:00.000,17069,34
C546496,2011-03-14 11:44:00.000,17646,53
"570089",2011-10-07 11:38:00.000,16839,18
"559318",2011-07-07 14:08:00.000,18013,34
"550645",2011-04-19 16:30:00.000,16098,35
"573875",2011-11-01 12:47:00.000,15018,60
"574944",2011-11-08 08:16:00.000,13710,35
"542026",2011-01-25 11:41:00.000,15110,54
"567191",2011-09-19 09:15:00.000,12562,55
"536960",2010-12-03 12:48:00.000,16477,56
"550285",2011-04-15 14:14:00.000,15249,53
"556521",2011-06-13 11:15:00.000,14573,35
"544636",2011-02-22 11:05:00.000,18257,36
"577861",2011-11-22 11:28:00.000,13924,35
"536821",2010-12-02 17:17:00.000,17757,9
"558454",2011-06-29 13:58:00.000,17063,53
"547102",2011-03-21 10:41:00.000,14245,56
"578531",2011-11-24 14:40:00.000,17364,60
"577361",2011-11-18 16:13:00.000,13012,59
"539659",2010-12-21 09:47:00.000,15034,9
"569085",2011-09-30 11:57:00.000,17949,33
"563920",2011-08-21 14:00:00.000,16407,53
"578674",2011-11-24 18:05:00.000,14088,34
C567643,2011-09-21 14:16:00.000,12409,18
"549572",2011-04-10 15:32:00.000,17757,59
"549576",2011-04-11 08:14:00.000,17069,54
"560209",2011-07-15 14:05:00.000,15004,18
"541491",2011-01-18 14:04:00.000,12510,53
"557014",2011-06-16 12:10:00.000,12971,52
"569839",2011-10-06 13:21:00.000,15769,60
"572085",2011-10-20 14:23:00.000,14427,60
"569227",2011-10-02 14:37:00.000,14051,18
"545020",2011-02-25 14:03:00.000,13792,35
C554685,2011-05-25 16:30:00.000,16161,9
C549898,2011-04-12 16:00:00.000,13078,60
"537400",2010-12-06 14:36:00.000,17191,60
"580286",2011-12-02 13:28:00.000,17611,36
"579870",2011-11-30 16:47:00.000,12437,35
"554836",2011-05-26 16:25:00.000,13015,34
"569867",2011-10-06 14:54:00.000,12569,60
"570338",2011-10-10 12:25:00.000,16029,56
"557602",2011-06-21 11:57:00.000,14110,52
"560107",2011-07-15 08:09:00.000,12928,18
"554057",2011-05-20 15:52:00.000,17867,55
"570452",2011-10-10 15:15:00.000,12427,53
"539330",2010-12-17 09:38:00.000,12370,52
"546929",2011-03-18 10:34:00.000,13090,34
"563735",2011-08-18 18:15:00.000,16743,34
"557136",2011-06-17 09:23:00.000,14911,56
C562160,2011-08-03 11:50:00.000,13106,55
"573373",2011-10-30 13:37:00.000,14684,36
"556720",2011-06-14 11:22:00.000,17428,55
"554014",2011-05-20 13:13:00.000,13856,52
C556646,2011-06-13 16:10:00.000,18221,36
C548495,2011-03-31 13:34:00.000,17075,9
"545326",2011-03-01 15:12:00.000,14560,55
"579759",2011-11-30 15:02:00.000,15251,34
"577352",2011-11-18 15:41:00.000,14820,60
"547038",2011-03-20 10:51:00.000,15703,59
C540156,2011-01-05 11:36:00.000,12683,34
"567907",2011-09-22 16:48:00.000,18172,9
"545654",2011-03-04 13:46:00.000,15681,53
"541783",2011-01-21 11:55:00.000,16618,52
"558542",2011-06-30 12:23:00.000,13593,53
"563719",2011-08-18 16:19:00.000,13576,18
"538995",2010-12-15 12:05:00.000,13458,35
"569962",2011-10-06 18:45:00.000,13993,35
"573945",2011-11-02 10:44:00.000,17663,36
"567159",2011-09-18 10:19:00.000,15465,35
C536760,2010-12-02 14:29:00.000,17547,55
C561604,2011-07-28 12:08:00.000,18223,18
"563021",2011-08-11 13:25:00.000,18077,53
"576354",2011-11-14 16:17:00.000,13881,18
C541415,2011-01-17 16:20:00.000,14292,54
"542728",2011-01-31 15:11:00.000,14006,59
"573328",2011-10-30 11:09:00.000,16601,54
"541112",2011-01-13 15:17:00.000,18085,60
"562948",2011-08-11 09:46:00.000,17857,55
"547713",2011-03-25 08:41:00.000,16458,52
"556284",2011-06-10 08:54:00.000,17115,33
"557409",2011-06-20 11:34:00.000,15410,55
"554547",2011-05-25 09:37:00.000,13102,59
"568869",2011-09-29 12:01:00.000,12957,52
"561386",2011-07-27 09:14:00.000,15660,52
"557570",2011-06-21 10:48:00.000,15998,36
"543807",2011-02-13 13:15:00.000,14692,9
C542832,2011-02-01 11:28:00.000,15694,59
"567296",2011-09-19 12:19:00.000,12682,34
"575985",2011-11-13 14:09:00.000,17841,53
"552818",2011-05-11 12:48:00.000,17770,55
"566271",2011-09-11 13:44:00.000,14250,55
"555520",2011-06-05 11:14:00.000,15038,35
"543374",2011-02-07 15:05:00.000,16945,18
"539405",2010-12-17 12:38:00.000,12621,54
"554104",2011-05-22 14:03:00.000,12705,59
"548865",2011-04-04 14:09:00.000,14747,59
"547879",2011-03-27 16:03:00.000,12877,60
"578943",2011-11-27 13:35:00.000,15009,56
"565460",2011-09-05 09:24:00.000,16843,53
C579562,2011-11-30 11:39:00.000,12553,59
"566171",2011-09-09 12:22:00.000,18118,9
C541701,2011-01-21 09:26:00.000,14895,60
"546466",2011-03-14 11:04:00.000,18118,60
"539275",2010-12-16 15:34:00.000,13408,9
"579091",2011-11-28 10:49:00.000,14893,52
"544485",2011-02-21 11:35:00.000,17757,52
"536626",2010-12-02 10:46:00.000,13418,54
"541282",2011-01-17 12:31:00.000,17690,53
"555093",2011-05-31 13:15:00.000,12720,33
"562015",2011-08-01 14:06:00.000,17615,36
C540948,2011-01-12 12:47:00.000,13093,36
"580774",2011-12-06 11:05:00.000,13994,59
"571898",2011-10-19 14:20:00.000,13247,18
"558035",2011-06-24 12:30:00.000,15258,53
"579572",2011-11-30 11:49:00.000,15394,9
C563612,2011-08-18 06:39:00.000,17442,56
"546982",2011-03-18 12:26:00.000,15483,18
"551726",2011-05-04 08:17:00.000,13798,35
"562389",2011-08-04 15:55:00.000,16531,34
"565438",2011-09-04 13:56:00.000,17229,60
"573002",2011-10-27 12:09:00.000,14646,56
"553733",2011-05-19 08:29:00.000,14735,52
"566328",2011-09-12 12:19:00.000,13743,35
"579544",2011-11-30 10:15:00.000,14540,56
"565468",2011-09-05 09:49:00.000,14129,35
"566760",2011-09-14 16:36:00.000,15272,55
"556193",2011-06-09 12:04:00.000,14132,18
"546877",2011-03-17 16:58:00.000,18210,34
"569334",2011-10-03 13:53:00.000,12931,53
"557259",2011-06-19 10:38:00.000,15909,35
"552878",2011-05-12 09:54:00.000,12625,9
"542708",2011-01-31 13:07:00.000,17621,56
"567679",2011-09-21 16:15:00.000,14606,18
"546843",2011-03-17 12:40:00.000,12472,36
"567864",2011-09-22 14:10:00.000,16236,52
"570003",2011-10-07 09:19:00.000,14792,54
"547864",2011-03-27 13:10:00.000,15716,36
C548647,2011-04-01 13:17:00.000,12888,9
"571673",2011-10-18 13:19:00.000,13991,55
"541679",2011-01-20 14:17:00.000,15422,9
"562789",2011-08-09 13:50:00.000,14646,33
C538720,2010-12-14 11:11:00.000,17526,18
"565433",2011-09-04 13:20:00.000,14965,9
"544426",2011-02-18 15:41:00.000,16765,36
C577722,2011-11-21 12:35:00.000,14607,52
"561698",2011-07-29 10:21:00.000,15974,9
C542260,2011-01-26 17:11:00.000,13890,59
"566968",2011-09-15 18:49:00.000,16350,52
"543798",2011-02-13 11:13:00.000,15058,52
C540852,2011-01-12 09:48:00.000,15197,18
C557890,2011-06-23 13:54:00.000,17204,33
"544161",2011-02-16 12:59:00.000,16875,35
C543050,2011-02-03 10:14:00.000,12625,53
C562111,2011-08-02 15:48:00.000,15125,53
"550180",2011-04-14 17:33:00.000,14163,59
"561642",2011-07-28 15:04:00.000,17965,52
"557770",2011-06-22 14:41:00.000,14643,34
C545674,2011-03-06 10:25:00.000,18223,36
"539502",2010-12-20 11:14:00.000,14099,34
C570122,2011-10-07 12:58:00.000,15874,55
"557961",2011-06-24 08:40:00.000,18257,18
"543177",2011-02-04 09:56:00.000,14466,18
"579527",2011-11-30 08:43:00.000,18210,53
"570192",2011-10-07 15:26:00.000,17509,56
C579924,2011-12-01 09:13:00.000,16293,9
"560272",2011-07-17 14:56:00.000,12691,54
"570111",2011-10-07 12:28:00.000,15005,54
C554332,2011-05-23 17:14:00.000,14009,34
"554485",2011-05-24 13:22:00.000,18018,53
"580533",2011-12-04 15:55:00.000,13098,55
C566942,2011-09-15 16:16:00.000,17139,56
"560691",2011-07-20 12:00:00.000,13136,60
"569977",2011-10-06 19:27:00.000,14702,34
"536502",2010-12-01 12:36:00.000,16552,53
C560045,2011-07-14 14:51:00.000,16779,9
C563224,2011-08-14 14:33:00.000,12409,9
"560698",2011-07-20 12:29:00.000,16353,33
"546869",2011-03-17 16:00:00.000,12352,55
"546624",2011-03-15 11:38:00.000,14193,55
"576687",2011-11-16 12:13:00.000,13558,36
"573345",2011-10-30 12:14:00.000,17609,33
"567425",2011-09-20 11:32:00.000,13767,59
"555363",2011-06-02 14:15:00.000,14453,52
"566038",2011-09-08 13:26:00.000,14511,18
C574492,2011-11-04 13:06:00.000,16656,59
C571251,2011-10-14 16:57:00.000,13814,33
"544836",2011-02-24 10:25:00.000,17613,36
C556522,2011-06-13 11:21:00.000,16938,35
C579905,2011-12-01 08:44:00.000,13078,59
"578005",2011-11-22 12:39:00.000,16985,34
C539568,2010-12-20 11:59:00.000,13267,56
"553898",2011-05-19 17:23:00.000,17389,60
"571742",2011-10-19 10:36:00.000,12971,34
C549290,2011-04-07 18:10:00.000,14395,60
"570426",2011-10-10 13:55:00.000,13352,33
C568600,2011-09-28 11:21:00.000,18223,54
"543016",2011-02-02 13:57:00.000,18017,52
C547968,2011-03-28 16:02:00.000,12471,55
"577543",2011-11-20 14:40:00.000,17636,34
"566288",2011-09-11 15:18:00.000,12883,56
C545849,2011-03-07 13:42:00.000,16598,33
"538635",2010-12-13 13:32:00.000,17303,55
C575158,2011-11-08 16:20:00.000,15251,56
C564215,2011-08-24 09:22:00.000,16133,60
"557274",2011-06-19 11:44:00.000,14004,34
"541216",2011-01-14 13:52:00.000,15311,53
"560921",2011-07-21 19:17:00.000,16224,35
"554510",2011-05-24 15:51:00.000,17389,35
"549248",2011-04-07 12:04:00.000,13892,33
"536670",2010-12-02 12:09:00.000,15260,34
"545602",2011-03-04 11:49:00.000,17315,56
"555745",2011-06-07 10:46:00.000,14462,34
C578257,2011-11-23 13:00:00.000,17809,59
"553475",2011-05-17 11:31:00.000,18102,60
"579533",2011-11-30 09:24:00.000,12953,18
"547377",2011-03-22 14:43:00.000,13050,9
"539406",2010-12-17 12:43:00.000,16711,53
"579692",2011-11-30 14:05:00.000,12433,35
"538511",2010-12-12 13:56:00.000,13959,56
"551515",2011-05-01 10:51:00.000,15606,53
"543759",2011-02-11 15:12:00.000,12921,18
"566921",2011-09-15 14:56:00.000,17898,52
"575318",2011-11-09 13:17:00.000,14921,53
"577009",2011-11-17 12:05:00.000,12749,56
"563362",2011-08-15 16:13:00.000,15114,52
"565228",2011-09-02 09:09:00.000,16333,33
C569945,2011-10-06 18:14:00.000,14141,56
C561061,2011-07-24 13:31:00.000,13097,33
"574717",2011-11-06 14:35:00.000,18170,33
"574655",2011-11-06 11:35:00.000,16466,33
"539320",2010-12-16 19:16:00.000,14911,54
"554682",2011-05-25 16:08:00.000,14085,59
"564850",2011-08-30 16:43:00.000,17298,34
"553754",2011-05-19 10:25:00.000,16175,54
"566914",2011-09-15 14:08:00.000,15466,53
"570973",2011-10-13 11:53:00.000,14180,59
C550489,2011-04-18 14:30:00.000,16033,56
"574480",2011-11-04 12:42:00.000,15010,52
"564485",2011-08-25 13:54:00.000,16429,35
C579778,2011-11-30 15:14:00.000,14217,54
"537765",2010-12-08 12:08:00.000,14606,55
"550503",2011-04-18 15:31:00.000,15508,36
"554357",2011-05-24 09:26:00.000,15987,52
"547097",2011-03-21 09:33:00.000,13021,55
"573171",2011-10-28 10:00:00.000,14218,55
"570095",2011-10-07 11:57:00.000,12528,33
"578620",2011-11-24 15:21:00.000,17247,36
"538184",2010-12-10 10:21:00.000,17880,52
"539415",2010-12-17 13:49:00.000,15204,60
"549130",2011-04-06 15:02:00.000,14701,18
"558623",2011-06-30 16:52:00.000,12395,52
"569406",2011-10-04 09:09:00.000,16253,55
"570516",2011-10-11 10:39:00.000,14121,55
"563921",2011-08-21 14:00:00.000,16407,56
C560585,2011-07-19 15:47:00.000,13941,59
"548011",2011-03-29 11:14:00.000,14646,56
"561040",2011-07-24 12:05:00.000,12431,59
"575356",2011-11-09 14:58:00.000,13882,55
"541984",2011-01-24 15:48:00.000,13117,53
"542527",2011-01-28 12:48:00.000,17188,33
"576088",2011-11-14 08:41:00.000,17450,60
"564650",2011-08-26 14:17:00.000,14646,60
"537208",2010-12-05 15:12:00.000,15889,36
"548491",2011-03-31 13:14:00.000,14064,9
"547926",2011-03-28 13:59:00.000,12481,36
C574954,2011-11-08 09:52:00.000,18223,35
"543359",2011-02-07 14:16:00.000,16332,53
"566869",2011-09-15 13:20:00.000,13658,56
"565918",2011-09-07 16:27:00.000,13249,9
"550513",2011-04-18 16:37:00.000,16928,60
"549436",2011-04-08 12:34:00.000,18041,34
"554756",2011-05-26 11:36:00.000,16837,55
"553343",2011-05-16 12:35:00.000,16642,18
"538151",2010-12-09 16:28:00.000,16163,35
"557307",2011-06-19 14:56:00.000,14820,34
"571290",2011-10-16 15:32:00.000,17183,52
"555414",2011-06-03 10:06:00.000,16230,59
"568661",2011-09-28 12:34:00.000,18109,53
"550464",2011-04-18 13:30:00.000,16550,53
"578078",2011-11-22 16:24:00.000,12586,34
"570797",2011-10-12 12:24:00.000,15311,59
"544801",2011-02-23 13:48:00.000,16145,34
"575870",2011-11-11 12:46:00.000,15557,34
"564735",2011-08-28 13:35:00.000,15856,9
"567640",2011-09-21 14:08:00.000,12604,34
C549897,2011-04-12 15:48:00.000,15363,35
"564557",2011-08-25 19:55:00.000,17576,59
C559983,2011-07-14 11:41:00.000,14562,60
"564957",2011-08-31 13:55:00.000,15260,59
"553654",2011-05-18 11:08:00.000,13094,59
"572845",2011-10-26 12:11:00.000,16013,54
"567310",2011-09-19 13:45:00.000,15504,18
"562980",2011-08-11 11:44:00.000,17686,60
"546082",2011-03-09 11:25:00.000,12971,35
"581395",2011-12-08 13:18:00.000,16892,53
"569484",2011-10-04 12:46:00.000,14057,35
C540796,2011-01-11 12:03:00.000,15107,53
"564315",2011-08-24 13:07:00.000,14730,18
"573285",2011-10-28 14:38:00.000,17611,55
C539224,2010-12-16 13:01:00.000,17377,52
"548218",2011-03-30 09:36:00.000,13999,54
"574907",2011-11-07 15:33:00.000,17043,9
"563203",2011-08-14 11:31:00.000,16525,18
"542908",2011-02-01 15:24:00.000,13110,59
"540954",2011-01-12 13:19:00.000,14606,36
"558074",2011-06-24 16:38:00.000,13791,34
"575591",2011-11-10 12:09:00.000,17791,36
"552572",2011-05-10 12:11:00.000,14680,18
"548645",2011-04-01 13:04:00.000,17457,33
"537842",2010-12-08 15:12:00.000,13140,35
"570877",2011-10-13 08:27:00.000,16523,36
"565213",2011-09-01 17:19:00.000,14911,36
"577086",2011-11-17 15:50:00.000,16070,54
"557233",2011-06-17 14:44:00.000,15356,9
"551146",2011-04-26 13:45:00.000,13199,18
"551147",2011-04-26 14:07:00.000,14210,59
"580902",2011-12-06 12:50:00.000,13881,18
"552861",2011-05-11 16:28:00.000,12748,52
"576641",2011-11-16 09:59:00.000,17549,18
"548337",2011-03-30 14:06:00.000,18198,53
"560992",2011-07-22 13:31:00.000,18161,53
"580548",2011-12-05 09:41:00.000,12569,9
"536947",2010-12-03 12:29:00.000,13013,53
"566178",2011-09-09 12:41:00.000,16353,33
"546764",2011-03-16 14:31:00.000,15671,33
"574233",2011-11-03 12:21:00.000,16929,60
"564352",2011-08-24 15:04:00.000,14262,59
"560718",2011-07-20 13:30:00.000,17677,60
"561890",2011-07-31 14:17:00.000,12697,53
"560582",2011-07-19 15:30:00.000,12875,33
"558892",2011-07-04 15:46:00.000,17581,55
"555207",2011-06-01 12:19:00.000,16818,60
"541426",2011-01-18 08:44:00.000,18233,55
"564648",2011-08-26 14:04:00.000,15641,55
"538664",2010-12-13 15:46:00.000,14733,34
C565666,2011-09-05 17:46:00.000,15856,36
C558733,2011-07-01 15:06:00.000,16498,33
"557568",2011-06-21 10:40:00.000,17629,36
C554687,2011-05-25 16:49:00.000,13479,60
"553938",2011-05-20 10:35:00.000,14112,9
"542907",2011-02-01 15:15:00.000,13854,60
"580298",2011-12-02 13:54:00.000,17086,53
C567712,2011-09-22 10:08:00.000,13282,55
"551202",2011-04-27 11:33:00.000,17436,52
C567884,2011-09-22 15:08:00.000,13627,59
"565975",2011-09-08 11:28:00.000,14646,60
"557617",2011-06-21 13:37:00.000,14543,59
"574868",2011-11-07 12:41:00.000,13824,9
C548360,2011-03-30 15:35:00.000,13534,36
"575187",2011-11-09 09:06:00.000,16759,53
"562353",2011-08-04 13:15:00.000,16180,18
"571849",2011-10-19 12:52:00.000,12841,34
"553356",2011-05-16 14:05:00.000,14038,53
C567345,2011-09-19 15:53:00.000,14911,35
"577313",2011-11-18 13:21:00.000,14342,9
"565432",2011-09-04 13:16:00.000,16241,55
"564375",2011-08-25 10:16:00.000,13078,18
"547207",2011-03-21 14:25:00.000,17763,36
"554507",2011-05-24 15:29:00.000,15513,52
"536848",2010-12-03 09:39:00.000,13408,36
"574100",2011-11-03 10:13:00.000,14098,60
"564268",2011-08-24 10:51:00.000,16968,9
"580025",2011-12-01 11:53:00.000,15021,9
"547843",2011-03-27 11:22:00.000,18273,33
"572065",2011-10-20 13:06:00.000,12556,52
"573600",2011-10-31 15:21:00.000,17924,60
"569359",2011-10-03 14:55:00.000,18257,53
C576921,2011-11-17 10:51:00.000,17613,9
"544292",2011-02-17 12:33:00.000,16745,53
"547494",2011-03-23 12:08:00.000,18191,9
"566846",2011-09-15 11:54:00.000,14911,53
C557773,2011-06-22 14:55:00.000,15059,9
"546643",2011-03-15 13:23:00.000,16214,35
C567541,2011-09-21 10:15:00.000,15498,33
"545049",2011-02-27 11:53:00.000,15046,9
"549555",2011-04-10 12:52:00.000,13606,60
"568414",2011-09-27 11:05:00.000,14901,54
"567894",2011-09-22 15:54:00.000,16389,52
"565995",2011-09-08 11:48:00.000,16076,33
"575203",2011-11-09 10:14:00.000,13018,35
"562260",2011-08-03 15:38:00.000,13408,36
C576194,2011-11-14 12:03:00.000,16790,56
"551650",2011-05-03 12:02:00.000,13089,52
C577323,2011-11-18 13:57:00.000,17904,59
"562912",2011-08-10 13:15:00.000,15311,53
C558884,2011-07-04 14:53:00.000,13763,18
"560448",2011-07-19 09:29:00.000,12840,36
"557957",2011-06-23 19:20:00.000,13969,59
"555742",2011-06-07 10:34:00.000,16949,54
"538716",2010-12-14 11:04:00.000,14907,54
"536795",2010-12-02 15:40:00.000,15640,55
"539051",2010-12-15 16:24:00.000,15615,36
"569892",2011-10-06 15:48:00.000,15937,34
"567983",2011-09-23 11:25:00.000,15714,55
"561058",2011-07-24 13:26:00.000,17724,59
"558261",2011-06-28 08:39:00.000,16945,55
"556972",2011-06-16 10:23:00.000,17193,34
C551015,2011-04-26 11:06:00.000,12753,33
"575697",2011-11-10 16:51:00.000,16094,52
"573008",2011-10-27 12:26:00.000,12901,56
"567934",2011-09-22 17:56:00.000,16173,9
"563147",2011-08-12 11:29:00.000,13695,59
"546950",2011-03-18 11:24:00.000,16511,34
"539374",2010-12-17 11:40:00.000,14769,60
"549556",2011-04-10 12:53:00.000,17372,60
"572679",2011-10-25 13:47:00.000,17024,33
"580067",2011-12-01 13:40:00.000,16966,34
"572224",2011-10-21 13:46:00.000,16558,33
"571709",2011-10-18 15:52:00.000,16463,33
"563566",2011-08-17 14:25:00.000,13655,54
"544125",2011-02-16 11:53:00.000,13199,9
"567455",2011-09-20 12:14:00.000,16029,56
"570842",2011-10-12 14:21:00.000,17676,36
"562574",2011-08-07 12:42:00.000,14903,9
"544888",2011-02-24 11:55:00.000,14231,9
"556820",2011-06-15 10:22:00.000,12682,33
"576790",2011-11-16 13:59:00.000,12569,60
C575616,2011-11-10 12:51:00.000,15805,53
C546559,2011-03-15 10:24:00.000,12727,35
"540644",2011-01-10 14:16:00.000,16303,34
"540362",2011-01-06 15:42:00.000,13656,33
"575151",2011-11-08 16:12:00.000,12395,54
"561071",2011-07-24 15:39:00.000,14057,52
"539007",2010-12-15 13:00:00.000,17894,33
"537378",2010-12-06 13:06:00.000,14911,36
"539728",2010-12-21 14:26:00.000,16270,56
"543357",2011-02-07 13:59:00.000,12388,18
"566279",2011-09-11 14:09:00.000,14432,56
"569015",2011-09-30 09:20:00.000,13575,33
"536753",2010-12-02 14:07:00.000,17850,34
"536611",2010-12-02 09:43:00.000,15752,52
"538009",2010-12-09 12:17:00.000,14911,54
C565683,2011-09-06 10:42:00.000,15521,34
"550301",2011-04-17 10:15:00.000,17243,54
"557781",2011-06-22 15:30:00.000,17389,52
"541285",2011-01-17 12:45:00.000,13001,56
"575692",2011-11-10 16:27:00.000,12508,18
"549938",2011-04-13 11:42:00.000,13199,52
"538541",2010-12-13 10:46:00.000,17428,18
C542635,2011-01-31 10:43:00.000,14688,36
"537601",2010-12-07 12:43:00.000,17287,53
"579548",2011-11-30 10:44:00.000,15073,52
"575335",2011-11-09 13:56:00.000,12931,33
"560105",2011-07-14 19:23:00.000,16794,35
"560442",2011-07-18 16:59:00.000,15860,34
"538196",2010-12-10 10:56:00.000,12731,18
"566772",2011-09-15 09:41:00.000,13107,56
"546660",2011-03-15 14:32:00.000,14156,18
"574958",2011-11-08 10:00:00.000,14050,60
"569555",2011-10-05 08:17:00.000,17728,52
"561093",2011-07-25 10:01:00.000,12540,60
C543767,2011-02-11 15:19:00.000,13767,59
"575593",2011-11-10 12:12:00.000,14226,18
"556572",2011-06-13 13:25:00.000,15311,35
"545214",2011-02-28 16:39:00.000,17165,18
"548648",2011-04-01 13:20:00.000,12949,55
"544611",2011-02-22 10:09:00.000,16912,56
"543400",2011-02-08 11:27:00.000,14688,34
"538397",2010-12-12 11:44:00.000,12753,59
"557113",2011-06-16 16:39:00.000,16266,9
"550302",2011-04-17 10:17:00.000,14156,54
C553508,2011-05-17 13:44:00.000,14000,56
"539016",2010-12-15 13:49:00.000,13418,55
"541227",2011-01-14 15:29:00.000,16839,59
"539014",2010-12-15 13:37:00.000,17692,18
"570201",2011-10-07 16:06:00.000,16918,33
"561683",2011-07-28 19:34:00.000,15518,59
C537203,2010-12-05 14:44:00.000,14606,55
"576098",2011-11-14 10:01:00.000,14862,53
"540523",2011-01-09 12:51:00.000,13069,36
C561240,2011-07-26 10:33:00.000,17677,59
"563435",2011-08-16 12:29:00.000,16131,18
"566935",2011-09-15 15:35:00.000,18102,18
"552197",2011-05-06 14:32:00.000,13743,53
"579465",2011-11-29 14:53:00.000,15790,54
C570687,2011-10-11 16:28:00.000,14959,53
"572091",2011-10-20 14:40:00.000,15129,54
"563345",2011-08-15 13:22:00.000,12619,52
"565801",2011-09-07 10:28:00.000,12685,9
"554139",2011-05-23 10:34:00.000,14911,60
"574051",2011-11-02 13:46:00.000,14102,34
"538248",2010-12-10 12:14:00.000,18116,54
"565856",2011-09-07 14:09:00.000,17345,36
"553008",2011-05-12 16:52:00.000,17315,52
"577617",2011-11-21 10:23:00.000,14883,35
"540536",2011-01-09 14:21:00.000,17757,56
"544055",2011-02-15 12:48:00.000,14035,36
"546220",2011-03-10 12:16:00.000,16745,54
"573914",2011-11-01 15:53:00.000,14383,33
"555846",2011-06-07 13:21:00.000,14180,59
"576188",2011-11-14 11:26:00.000,15168,55
"557748",2011-06-22 12:32:00.000,14527,53
"561627",2011-07-28 14:08:00.000,12453,36
"550837",2011-04-21 11:03:00.000,15034,60
"544351",2011-02-18 10:11:00.000,16182,56
"557002",2011-06-16 10:49:00.000,16672,9
C577081,2011-11-17 15:24:00.000,18230,60
"578018",2011-11-22 13:08:00.000,15311,35
"552185",2011-05-06 13:52:00.000,12921,33
"553474",2011-05-17 11:29:00.000,18102,18
"542002",2011-01-25 10:57:00.000,14298,35
"546001",2011-03-08 15:03:00.000,13854,53
"553347",2011-05-16 12:59:00.000,14755,35
C544099,2011-02-16 10:17:00.000,15059,55
"577316",2011-11-18 13:30:00.000,12578,59
"567154",2011-09-16 16:29:00.000,15523,53
"542712",2011-01-31 13:27:00.000,14744,33
"581584",2011-12-09 12:25:00.000,13777,54
"554498",2011-05-24 14:39:00.000,15314,52
"568063",2011-09-23 13:24:00.000,15981,36
"541815",2011-01-21 15:45:00.000,18037,53
"575847",2011-11-11 12:07:00.000,18209,35
"575652",2011-11-10 14:28:00.000,12748,35
"565793",2011-09-07 09:40:00.000,16029,35
"549591",2011-04-11 10:10:00.000,18080,59
C573541,2011-10-31 12:57:00.000,14738,35
"560211",2011-07-15 14:34:00.000,12621,55
C538717,2010-12-14 11:09:00.000,18141,18
"538421",2010-12-12 12:08:00.000,17917,9
"564159",2011-08-23 12:43:00.000,12593,52
"551159",2011-04-26 15:02:00.000,16203,60
C569961,2011-10-06 18:44:00.000,13704,33
"572101",2011-10-20 15:47:00.000,16705,18
"578302",2011-11-23 15:23:00.000,16057,60
"541488",2011-01-18 13:34:00.000,15061,60
"571552",2011-10-18 08:42:00.000,16848,33
"555570",2011-06-05 15:36:00.000,15152,36
"542585",2011-01-28 15:29:00.000,17329,52
"536425",2010-12-01 12:08:00.000,13758,34
C544432,2011-02-18 15:54:00.000,16979,59
C568899,2011-09-29 13:20:00.000,12619,36
"562145",2011-08-03 10:45:00.000,17656,36
"539662",2010-12-21 10:18:00.000,14135,34
C542094,2011-01-25 12:47:00.000,13310,18
"557995",2011-06-24 10:44:00.000,17979,33
C543744,2011-02-11 13:43:00.000,13672,34
"545865",2011-03-07 14:17:00.000,15769,54
"556926",2011-06-15 14:26:00.000,16324,60
"562455",2011-08-05 10:32:00.000,18097,36
"544791",2011-02-23 12:33:00.000,14289,59
"555509",2011-06-03 17:07:00.000,13435,56
"571007",2011-10-13 12:07:00.000,13487,33
C564911,2011-08-31 12:32:00.000,16133,33
"565451",2011-09-04 15:37:00.000,15365,54
"569732",2011-10-06 09:56:00.000,13177,35
"581058",2011-12-07 11:06:00.000,15969,33
"562571",2011-08-07 12:21:00.000,13782,35
"572914",2011-10-26 16:25:00.000,12948,54
"580030",2011-12-01 12:14:00.000,12951,52
"546166",2011-03-10 10:10:00.000,16553,59
"559364",2011-07-08 08:48:00.000,17735,18
C542643,2011-01-31 11:29:00.000,13615,36
"547902",2011-03-28 11:58:00.000,17765,9
"564556",2011-08-25 19:48:00.000,12748,34
"558317",2011-06-28 11:46:00.000,14688,9
C555253,2011-06-01 15:14:00.000,17820,52
"549322",2011-04-08 10:20:00.000,16558,9
"538073",2010-12-09 14:10:00.000,17816,60
"555075",2011-05-31 12:05:00.000,16013,9
"578934",2011-11-27 12:47:00.000,14577,56
"546316",2011-03-11 08:59:00.000,17076,56
"564537",2011-08-25 15:18:00.000,15550,36
"538858",2010-12-14 13:58:00.000,16553,36
"537819",2010-12-08 13:55:00.000,15298,52
"567661",2011-09-21 15:06:00.000,13959,9
"565458",2011-09-05 09:16:00.000,16523,35
"554977",2011-05-29 11:03:00.000,16444,55
C539832,2010-12-22 13:20:00.000,17239,18
"538515",2010-12-12 14:43:00.000,17937,34
"545589",2011-03-04 10:21:00.000,17001,59
"568340",2011-09-26 14:54:00.000,13866,55
"549597",2011-04-11 11:23:00.000,16133,53
"566320",2011-09-12 11:41:00.000,13983,9
"565427",2011-09-04 12:49:00.000,17774,54
C577398,2011-11-18 17:15:00.000,16839,54
"562257",2011-08-03 15:14:00.000,17848,52
"572909",2011-10-26 15:48:00.000,15821,52
"564564",2011-08-26 10:50:00.000,13003,60
"568662",2011-09-28 12:36:00.000,16764,59
"576057",2011-11-13 15:05:00.000,15861,56
"545441",2011-03-02 16:17:00.000,14657,34
"559707",2011-07-12 10:04:00.000,12358,18
C556880,2011-06-15 12:12:00.000,18073,60
C538341,2010-12-10 14:03:00.000,15514,9
"566453",2011-09-12 16:23:00.000,17811,35
C548469,2011-03-31 12:32:00.000,14543,59
"551334",2011-04-27 16:39:00.000,17991,56
"538145",2010-12-09 16:08:00.000,15211,36
"568231",2011-09-26 11:19:00.000,14808,34
"546899",2011-03-17 18:27:00.000,14298,55
"577027",2011-11-17 12:56:00.000,12647,18
C581470,2011-12-08 19:28:00.000,17924,55
"537255",2010-12-06 11:03:00.000,14443,56
"556419",2011-06-10 12:30:00.000,15411,54
C547193,2011-03-21 12:38:00.000,17811,56
"567458",2011-09-20 12:21:00.000,17450,54
C579913,2011-12-01 08:55:00.000,14626,34
"565127",2011-09-01 12:28:00.000,13147,56
"577526",2011-11-20 13:39:00.000,16513,33
"567618",2011-09-21 12:26:00.000,12721,35
C577040,2011-11-17 13:31:00.000,15864,9
"554943",2011-05-27 14:10:00.000,13798,33
"542275",2011-01-27 10:18:00.000,13089,34
"580403",2011-12-04 11:56:00.000,17858,9
"544170",2011-02-16 14:01:00.000,16148,54
"569212",2011-10-02 12:05:00.000,15164,36
"537395",2010-12-06 14:05:00.000,15356,36
"553879",2011-05-19 15:15:00.000,15791,59
"546397",2011-03-11 14:37:00.000,12971,33
"561009",2011-07-22 16:03:00.000,15856,52
"559862",2011-07-13 10:30:00.000,12782,36
"554151",2011-05-23 11:07:00.000,14049,59
"579947",2011-12-01 10:45:00.000,15993,53
C570515,2011-10-11 10:39:00.000,12719,18
"544574",2011-02-21 13:51:00.000,12365,55
"537139",2010-12-05 12:47:00.000,17026,18
"563685",2011-08-18 12:26:00.000,14911,55
"544907",2011-02-24 14:15:00.000,12945,54
"578924",2011-11-27 12:10:00.000,16983,9
"561105",2011-07-25 11:36:00.000,15218,36
C545833,2011-03-07 13:14:00.000,16013,60
"572195",2011-10-21 11:49:00.000,14562,33
"573909",2011-11-01 15:26:00.000,17813,33
"537387",2010-12-06 13:34:00.000,13468,56
"560355",2011-07-18 11:37:00.000,15906,54
"546915",2011-03-18 08:31:00.000,15695,35
"536754",2010-12-02 14:09:00.000,14449,33
C562795,2011-08-09 14:23:00.000,13709,35
"579523",2011-11-30 08:08:00.000,15903,35
"574474",2011-11-04 12:05:00.000,17979,54
"550920",2011-04-21 14:07:00.000,14735,36
"577177",2011-11-18 11:10:00.000,12748,55
"545345",2011-03-02 09:33:00.000,14180,18
C575155,2011-11-08 16:17:00.000,13709,59
"549732",2011-04-11 16:47:00.000,15615,18
"547860",2011-03-27 12:21:00.000,17625,34
C571023,2011-10-13 12:18:00.000,15239,55
"539111",2010-12-16 11:11:00.000,14414,53
C549962,2011-04-13 13:51:00.000,16652,59
"554072",2011-05-22 11:24:00.000,13555,52
"547944",2011-03-28 14:59:00.000,12971,59
"569489",2011-10-04 13:13:00.000,12457,34
"552271",2011-05-08 12:00:00.000,13069,54
"568162",2011-09-25 12:32:00.000,14194,56
"554671",2011-05-25 15:47:00.000,14009,34
"539723",2010-12-21 13:49:00.000,14737,18
"579553",2011-11-30 10:54:00.000,14156,34
"558616",2011-06-30 16:22:00.000,16045,18
C537596,2010-12-07 12:31:00.000,17954,56
"569915",2011-10-06 16:57:00.000,16454,53
C541822,2011-01-21 16:53:00.000,15658,60
"578233",2011-11-23 12:20:00.000,14049,59
"565202",2011-09-01 16:44:00.000,14482,55
"565784",2011-09-06 16:02:00.000,15089,34
"546788",2011-03-17 10:02:00.000,13946,18
"544180",2011-02-16 14:48:00.000,14309,59
"567663",2011-09-21 15:15:00.000,14951,35
"543046",2011-02-03 09:37:00.000,13873,33
"538652",2010-12-13 15:12:00.000,17890,54
"574297",2011-11-03 15:54:00.000,16602,52
"551952",2011-05-05 11:47:00.000,15838,33
C555272,2011-06-01 16:29:00.000,16496,55
C564730,2011-08-28 12:47:00.000,17841,54
"551984",2011-05-05 14:37:00.000,15841,60
"549581",2011-04-11 09:44:00.000,16188,52
"539079",2010-12-16 08:39:00.000,17496,59
C572831,2011-10-26 11:37:00.000,14895,35
C558106,2011-06-26 14:59:00.000,13668,55
C542781,2011-02-01 09:38:00.000,12626,36
"575074",2011-11-08 13:11:00.000,15356,56
"561922",2011-08-01 12:12:00.000,13167,53
"549260",2011-04-07 12:34:00.000,17790,52
"566434",2011-09-12 15:01:00.000,17090,54
"578928",2011-11-27 12:29:00.000,15443,34
"571227",2011-10-14 13:54:00.000,12477,9
"547910",2011-03-28 12:23:00.000,14159,55
"562558",2011-08-05 16:43:00.000,13451,59
"561687",2011-07-29 08:30:00.000,13148,56
"578151",2011-11-23 11:18:00.000,16020,55
"564419",2011-08-25 11:09:00.000,16093,56
C543769,2011-02-11 15:22:00.000,17213,55
"550993",2011-04-21 19:51:00.000,15810,60
"571204",2011-10-14 12:34:00.000,17677,55
"576077",2011-11-13 16:22:00.000,16720,55
C541603,2011-01-19 17:21:00.000,14572,9
"576893",2011-11-17 08:29:00.000,12481,34
"540146",2011-01-05 10:51:00.000,15002,56
"579139",2011-11-28 12:55:00.000,18102,35
"565587",2011-09-05 13:38:00.000,12727,34
"569078",2011-09-30 11:41:00.000,14688,60
"555528",2011-06-05 11:44:00.000,15694,18
"554635",2011-05-25 11:45:00.000,13069,53
"560256",2011-07-17 13:24:00.000,14462,35
"564483",2011-08-25 13:46:00.000,14050,53
C548374,2011-03-30 16:36:00.000,13047,54
"539103",2010-12-16 10:38:00.000,16985,52
"575038",2011-11-08 11:51:00.000,18135,54
"575003",2011-11-08 11:09:00.000,15950,34
"539212",2010-12-16 12:20:00.000,17146,9
"536562",2010-12-01 15:08:00.000,13468,59
"552060",2011-05-06 10:39:00.000,15668,54
"554354",2011-05-24 09:12:00.000,15987,33
"580143",2011-12-02 09:32:00.000,13297,54
"561314",2011-07-26 12:36:00.000,16266,55
"559328",2011-07-07 15:31:00.000,13743,53
"563429",2011-08-16 11:48:00.000,13999,55
"562619",2011-08-08 12:34:00.000,15311,60
"559537",2011-07-10 12:23:00.000,14472,9
"546376",2011-03-11 12:11:00.000,13842,55
"571311",2011-10-17 10:33:00.000,17402,56
C574876,2011-11-07 13:13:00.000,14426,54
"570466",2011-10-10 16:03:00.000,16791,56
C572855,2011-10-26 12:28:00.000,15215,56
"537158",2010-12-05 13:10:00.000,16393,18
"544809",2011-02-23 15:41:00.000,16692,34
"547794",2011-03-25 12:13:00.000,14085,36
C554558,2011-05-25 10:24:00.000,13268,35
"577060",2011-11-17 14:36:00.000,14397,52
"574050",2011-11-02 13:41:00.000,13904,60
"549596",2011-04-11 11:06:00.000,14339,34
"567614",2011-09-21 11:55:00.000,16103,52
"560726",2011-07-20 14:16:00.000,17962,55
C554300,2011-05-23 14:33:00.000,13455,35
"566267",2011-09-11 13:32:00.000,12647,54
"554941",2011-05-27 13:53:00.000,16016,9
"540025",2011-01-04 13:22:00.000,17428,54
"570337",2011-10-10 12:23:00.000,16688,36
"556495",2011-06-12 15:14:00.000,18069,54
"548707",2011-04-03 12:08:00.000,13781,36
"542591",2011-01-28 16:42:00.000,13089,56
"540263",2011-01-06 10:03:00.000,18062,53
"545331",2011-03-01 15:49:00.000,17961,59
"557577",2011-06-21 11:02:00.000,14606,36
"564843",2011-08-30 14:09:00.000,15866,54
"577106",2011-11-17 17:18:00.000,14456,9
"551057",2011-04-26 11:59:00.000,16942,56
"568342",2011-09-26 15:10:00.000,14473,9
"570093",2011-10-07 11:55:00.000,18096,9
"563564",2011-08-17 14:11:00.000,16633,35
"543809",2011-02-13 13:52:00.000,17095,34
"558861",2011-07-04 12:19:00.000,13373,53
"561066",2011-07-24 14:21:00.000,16710,54
"575690",2011-11-10 16:20:00.000,14189,53
"561100",2011-07-25 11:01:00.000,15289,56
"538078",2010-12-09 14:25:00.000,16255,9
C547848,2011-03-27 12:05:00.000,12921,56
"547019",2011-03-18 14:54:00.000,17841,18
"550284",2011-04-15 14:10:00.000,12383,52
"566091",2011-09-09 10:37:00.000,17870,59
"578317",2011-11-23 16:47:00.000,15398,36
"543030",2011-02-02 15:22:00.000,12437,56
"580697",2011-12-05 16:05:00.000,15984,54
"537799",2010-12-08 13:07:00.000,15916,59
"551134",2011-04-26 13:02:00.000,16729,60
"541659",2011-01-20 12:16:00.000,15262,35
"568152",2011-09-25 11:40:00.000,16480,18
"565430",2011-09-04 13:07:00.000,14335,60
C544609,2011-02-22 10:03:00.000,12494,35
"565383",2011-09-02 15:45:00.000,14096,55
C554781,2011-05-26 11:44:00.000,14245,56
"576597",2011-11-15 14:57:00.000,14194,53
"581425",2011-12-08 15:31:00.000,14796,56
"568064",2011-09-23 13:42:00.000,14880,56
"541259",2011-01-16 15:38:00.000,14404,9
"559930",2011-07-14 09:22:00.000,17738,53
C543763,2011-02-11 15:14:00.000,13050,54
"580635",2011-12-05 12:30:00.000,14649,36
"539064",2010-12-15 16:50:00.000,17912,56
"577557",2011-11-20 15:36:00.000,15426,18
C545446,2011-03-02 16:33:00.000,12753,34
C543609,2011-02-10 14:17:00.000,16705,59
"563898",2011-08-21 10:48:00.000,12971,55
"569340",2011-10-03 14:19:00.000,15299,52
"550964",2011-04-21 16:48:00.000,15856,56
"578794",2011-11-25 12:24:00.000,17232,9
"536688",2010-12-02 12:24:00.000,17850,9
C553561,2011-05-17 17:24:00.000,15596,36
"574576",2011-11-04 17:07:00.000,14971,56
"550701",2011-04-20 10:48:00.000,14905,60
"564363",2011-08-24 16:23:00.000,15434,33
"557126",2011-06-16 19:21:00.000,18168,34
"566729",2011-09-14 13:23:00.000,14562,36
"549690",2011-04-11 13:41:00.000,17841,56
"539332",2010-12-17 09:45:00.000,12931,54
C555265,2011-06-01 16:06:00.000,13599,36
"570601",2011-10-11 12:08:00.000,17620,52
"557023",2011-06-16 13:04:00.000,16225,56
"573020",2011-10-27 12:37:00.000,14842,9
C546783,2011-03-17 09:32:00.000,12924,54
"569142",2011-09-30 15:03:00.000,13021,9
"572054",2011-10-20 12:31:00.000,12642,54
"577168",2011-11-18 10:42:00.000,12603,9
"572050",2011-10-20 12:23:00.000,17346,18
"543032",2011-02-02 15:39:00.000,12990,33
"580069",2011-12-01 13:47:00.000,15060,56
"538853",2010-12-14 13:35:00.000,16805,59
"542618",2011-01-30 15:52:00.000,14502,34
"540466",2011-01-07 13:34:00.000,15649,55
"540126",2011-01-05 10:45:00.000,13798,18
"550334",2011-04-17 14:09:00.000,17320,60
"578384",2011-11-24 11:47:00.000,16189,33
"550723",2011-04-20 11:19:00.000,17454,36
"552372",2011-05-09 12:29:00.000,13394,53
C567949,2011-09-23 08:22:00.000,13435,35
"558435",2011-06-29 12:37:00.000,13078,33
"546922",2011-03-18 09:59:00.000,14110,33
"566871",2011-09-15 13:27:00.000,17047,33
"568943",2011-09-29 14:50:00.000,17306,60
"563251",2011-08-15 11:39:00.000,12919,36
"569840",2011-10-06 13:26:00.000,17428,35
"573428",2011-10-31 10:19:00.000,12571,52
"556881",2011-06-15 12:15:00.000,17389,60
"563736",2011-08-18 18:21:00.000,13784,56
"579754",2011-11-30 14:52:00.000,17911,54
"553049",2011-05-13 10:03:00.000,14291,9
"545913",2011-03-08 10:39:00.000,16779,18
"550296",2011-04-15 15:54:00.000,13742,59
"567338",2011-09-19 15:00:00.000,14146,34
C544442,2011-02-20 10:30:00.000,15465,55
"558696",2011-07-01 12:09:00.000,16746,56
"571062",2011-10-13 14:37:00.000,16773,34
"566397",2011-09-12 12:54:00.000,17811,9
"571942",2011-10-20 10:06:00.000,17434,36
C574487,2011-11-04 12:57:00.000,14112,34
"572918",2011-10-26 16:43:00.000,14379,56
"552654",2011-05-10 14:20:00.000,15756,60
"569120",2011-09-30 12:58:00.000,12583,33
"548990",2011-04-05 13:42:00.000,16170,18
C559345,2011-07-07 17:16:00.000,13984,18
"536811",2010-12-02 16:51:00.000,15299,52
"548544",2011-03-31 18:49:00.000,14525,59
"568344",2011-09-26 15:23:00.000,16531,56
"574732",2011-11-06 15:11:00.000,13523,60
"554642",2011-05-25 12:19:00.000,14646,56
"568196",2011-09-25 14:44:00.000,16705,54
"559045",2011-07-05 15:40:00.000,14352,34
"542220",2011-01-26 12:38:00.000,15373,60
C563607,2011-08-18 06:31:00.000,13078,54
"578850",2011-11-27 10:47:00.000,13571,55
"556536",2011-06-13 12:36:00.000,17795,36
"574081",2011-11-02 16:37:00.000,15804,52
"564852",2011-08-30 17:23:00.000,14976,56
"546670",2011-03-15 15:37:00.000,13451,34
"536744",2010-12-02 13:36:00.000,14466,60
"573507",2011-10-31 12:11:00.000,13651,60
"566634",2011-09-14 10:42:00.000,13183,52
"571284",2011-10-16 14:07:00.000,14562,60
"574484",2011-11-04 12:50:00.000,14388,9
"542214",2011-01-26 12:19:00.000,17118,35
C539329,2010-12-17 09:37:00.000,16013,9
"569572",2011-10-05 10:10:00.000,16684,9
"577507",2011-11-20 12:42:00.000,14710,9
"576095",2011-11-14 09:13:00.000,14904,33
"547658",2011-03-24 13:04:00.000,13736,9
"573904",2011-11-01 14:54:00.000,14505,56
"540999",2011-01-13 10:08:00.000,13694,59
"537792",2010-12-08 12:56:00.000,16385,33
"554666",2011-05-25 14:54:00.000,13599,52
"571109",2011-10-13 16:33:00.000,14976,34
"551294",2011-04-27 14:43:00.000,13468,56
"580096",2011-12-01 14:55:00.000,13408,55
C571507,2011-10-17 15:24:00.000,13919,33
"565156",2011-09-01 15:04:00.000,13045,53
"559333",2011-07-07 15:47:00.000,16112,56
C546903,2011-03-17 18:31:00.000,16217,33
"536573",2010-12-01 15:45:00.000,17025,35
"580364",2011-12-02 16:34:00.000,13309,53
C580966,2011-12-06 14:52:00.000,16554,18
"560190",2011-07-15 12:33:00.000,15737,18
"574020",2011-11-02 12:15:00.000,14673,55
"557747",2011-06-22 12:25:00.000,13611,59
"537606",2010-12-07 13:16:00.000,15002,53
"543587",2011-02-10 11:39:00.000,12561,59
"538900",2010-12-15 09:51:00.000,13078,35
C567716,2011-09-22 10:16:00.000,14543,54
"547720",2011-03-25 10:08:00.000,14209,33
"580915",2011-12-06 13:45:00.000,17705,56
C553880,2011-05-19 15:23:00.000,13762,36
"539416",2010-12-17 13:56:00.000,17888,53
"536599",2010-12-02 07:49:00.000,15694,56
"579146",2011-11-28 13:14:00.000,16347,56
"566607",2011-09-13 16:40:00.000,13032,54
"558916",2011-07-05 09:33:00.000,16985,33
"577411",2011-11-20 11:00:00.000,17387,59
"543040",2011-02-02 17:06:00.000,17337,35
C562423,2011-08-04 17:06:00.000,12584,59
C549315,2011-04-08 09:51:00.000,12949,35
"577344",2011-11-18 15:14:00.000,12437,33
"564148",2011-08-23 12:22:00.000,18147,56
"553351",2011-05-16 13:35:00.000,18118,59
"549313",2011-04-08 09:45:00.000,12393,55
C564948,2011-08-31 13:29:00.000,14895,33
"558775",2011-07-04 10:20:00.000,18102,55
C554140,2011-05-23 10:34:00.000,13004,60
"566312",2011-09-12 09:43:00.000,16150,9
"545324",2011-03-01 14:58:00.000,13110,54
"573888",2011-11-01 13:43:00.000,17696,52
"569825",2011-10-06 12:23:00.000,15805,60
"580848",2011-12-06 11:51:00.000,18005,56
C548857,2011-04-04 13:28:00.000,15311,33
"559157",2011-07-06 15:53:00.000,13999,52
"544795",2011-02-23 13:21:00.000,15858,54
C565789,2011-09-07 09:07:00.000,16735,52
"550462",2011-04-18 13:22:00.000,16458,34
"580728",2011-12-05 17:21:00.000,15145,35
"542429",2011-01-28 10:08:00.000,13330,33
"571547",2011-10-18 07:43:00.000,17679,35
"557529",2011-06-21 09:58:00.000,15189,53
"551616",2011-05-03 11:40:00.000,15048,55
"568180",2011-09-25 13:42:00.000,15429,54
"565124",2011-09-01 12:09:00.000,12436,60
"566870",2011-09-15 13:21:00.000,13658,35
"546920",2011-03-18 09:55:00.000,12471,33
"546635",2011-03-15 12:11:00.000,16392,55
"550796",2011-04-20 14:38:00.000,17211,52
"544717",2011-02-23 10:44:00.000,18172,56
"579549",2011-11-30 10:45:00.000,13203,55
"558375",2011-06-28 16:02:00.000,13418,34
"537898",2010-12-09 10:42:00.000,17377,18
"546215",2011-03-10 11:52:00.000,14713,60
"558432",2011-06-29 12:16:00.000,17730,9
"575069",2011-11-08 12:51:00.000,17637,9
"561602",2011-07-28 12:05:00.000,16951,34
"559905",2011-07-13 13:27:00.000,15311,33
"546775",2011-03-16 15:58:00.000,17306,35
C538344,2010-12-10 14:32:00.000,13448,35
"557881",2011-06-23 13:22:00.000,14401,53
"577798",2011-11-21 16:54:00.000,17757,60
"545574",2011-03-03 18:16:00.000,13959,34
"558558",2011-06-30 13:17:00.000,17841,36
C550647,2011-04-19 16:33:00.000,13134,56
"548314",2011-03-30 12:24:00.000,16949,55
"541225",2011-01-14 14:47:00.000,14099,56
"574194",2011-11-03 11:58:00.000,15227,34
"541371",2011-01-17 14:51:00.000,13983,34
"540513",2011-01-09 11:41:00.000,13758,60
"546103",2011-03-09 12:14:00.000,13093,52
C538726,2010-12-14 11:18:00.000,13078,36
"544198",2011-02-17 09:53:00.000,12971,9
C544424,2011-02-18 15:29:00.000,18093,34
"567969",2011-09-23 09:52:00.000,15744,55
"564366",2011-08-25 08:58:00.000,13236,9
"536745",2010-12-02 13:38:00.000,17235,56
"581403",2011-12-08 13:46:00.000,13510,54
"548669",2011-04-01 15:13:00.000,15691,53
"570863",2011-10-12 15:39:00.000,15144,33
"557350",2011-06-20 10:41:00.000,16670,36
"574196",2011-11-03 11:59:00.000,15227,18
"565424",2011-09-04 12:24:00.000,15215,53
C549960,2011-04-13 13:49:00.000,16652,53
"544603",2011-02-22 09:10:00.000,17526,56
C537398,2010-12-06 14:22:00.000,15426,55
"574234",2011-11-03 12:28:00.000,15271,34
"550137",2011-04-14 13:59:00.000,12477,35
"563614",2011-08-18 08:51:00.000,12415,53
"565932",2011-09-08 10:35:00.000,16418,33
"577491",2011-11-20 12:12:00.000,14595,53
"569845",2011-10-06 13:41:00.000,14819,34
"545414",2011-03-02 12:43:00.000,12980,35
"542797",2011-02-01 11:08:00.000,17884,54
"569864",2011-10-06 14:45:00.000,14533,55
"561064",2011-07-24 14:16:00.000,18109,54
"563558",2011-08-17 13:40:00.000,14156,54
"568953",2011-09-29 15:31:00.000,12728,9
"580647",2011-12-05 13:14:00.000,14083,53
C540634,2011-01-10 12:02:00.000,13672,34
"559679",2011-07-11 14:46:00.000,15265,55
"553871",2011-05-19 14:30:00.000,16998,35
"553614",2011-05-18 10:48:00.000,16684,35
"572335",2011-10-24 10:27:00.000,14493,18
"572031",2011-10-20 11:53:00.000,14866,54
"536830",2010-12-02 17:38:00.000,16754,33
"559327",2011-07-07 15:21:00.000,13681,33
"547171",2011-03-21 12:13:00.000,17849,55
"540257",2011-01-05 17:33:00.000,12748,56
"575495",2011-11-10 09:09:00.000,14944,36
"540816",2011-01-11 12:55:00.000,15518,9
"544096",2011-02-16 09:45:00.000,14386,56
"564160",2011-08-23 12:47:00.000,15569,60
"564053",2011-08-22 13:42:00.000,14188,55
"553342",2011-05-16 12:26:00.000,16293,36
"579147",2011-11-28 13:20:00.000,13263,55
"574896",2011-11-07 14:51:00.000,17014,60
"541671",2011-01-20 13:01:00.000,14735,18
"570177",2011-10-07 14:17:00.000,17509,59
C561725,2011-07-29 12:10:00.000,17841,55
"580077",2011-12-01 14:17:00.000,14262,56
"567868",2011-09-22 14:18:00.000,17603,54
C577386,2011-11-18 16:54:00.000,18276,52
"555479",2011-06-03 12:35:00.000,15189,34
"542397",2011-01-27 15:22:00.000,13328,34
"566248",2011-09-11 12:06:00.000,13272,56
"565766",2011-09-06 14:23:00.000,17841,9
"578795",2011-11-25 12:29:00.000,17243,54
"561798",2011-07-29 13:39:00.000,14911,9
"561530",2011-07-28 09:21:00.000,16174,59
"570441",2011-10-10 14:37:00.000,15473,59
"545869",2011-03-07 14:45:00.000,17162,9
"545706",2011-03-07 09:10:00.000,12712,56
"554644",2011-05-25 12:34:00.000,15311,52
"543187",2011-02-04 11:43:00.000,14778,18
"564510",2011-08-25 14:42:00.000,14194,54
C554973,2011-05-27 16:48:00.000,14976,36
"573402",2011-10-30 15:44:00.000,12494,52
"542606",2011-01-30 13:36:00.000,14595,59
"550289",2011-04-15 14:32:00.000,13880,60
"565116",2011-09-01 11:30:00.000,13089,34
"569833",2011-10-06 12:56:00.000,15306,9
"565780",2011-09-06 15:30:00.000,13130,33
"570512",2011-10-11 10:31:00.000,14952,18
C557154,2011-06-17 11:07:00.000,15296,33
"552469",2011-05-09 15:34:00.000,12867,33
"544943",2011-02-25 10:39:00.000,15845,56
C555006,2011-05-31 09:51:00.000,13694,60
"568223",2011-09-26 10:16:00.000,12412,9
"581469",2011-12-08 19:28:00.000,14606,36
"581096",2011-12-07 11:36:00.000,17412,56
"568710",2011-09-28 15:42:00.000,14649,33
"568216",2011-09-26 09:28:00.000,16168,60
"538182",2010-12-10 10:18:00.000,17827,55
"578306",2011-11-23 15:46:00.000,17410,35
"567924",2011-09-22 17:25:00.000,12471,52
"575146",2011-11-08 15:45:00.000,17313,56
"555564",2011-06-05 15:01:00.000,15005,34
"566864",2011-09-15 12:51:00.000,17786,35
"563842",2011-08-19 13:54:00.000,13871,35
C566780,2011-09-15 10:08:00.000,12997,36
C546901,2011-03-17 18:29:00.000,14112,34
"567157",2011-09-16 17:33:00.000,12748,53
"557042",2011-06-16 14:26:00.000,13004,35
"538208",2010-12-10 11:39:00.000,14037,34
"554789",2011-05-26 12:07:00.000,16966,18
"567336",2011-09-19 14:56:00.000,12621,9
"560199",2011-07-15 12:58:00.000,17948,18
"566789",2011-09-15 10:35:00.000,13134,33
C540109,2011-01-04 17:12:00.000,17389,18
"560359",2011-07-18 11:47:00.000,14159,52
"542111",2011-01-25 13:55:00.000,14341,18
"542619",2011-01-30 15:54:00.000,13869,53
"555201",2011-06-01 12:10:00.000,16969,36
"578470",2011-11-24 12:38:00.000,16824,33
C566742,2011-09-14 14:56:00.000,17422,52
"543541",2011-02-09 14:44:00.000,12462,56
"547372",2011-03-22 13:46:00.000,16374,52
"561689",2011-07-29 09:01:00.000,15942,52
"558093",2011-06-26 13:00:00.000,17969,54
C552858,2011-05-11 15:46:00.000,14180,55
"555819",2011-06-07 12:00:00.000,15073,18
"560544",2011-07-19 12:37:00.000,12569,36
"556642",2011-06-13 15:47:00.000,17236,35
"548003",2011-03-29 10:39:00.000,18044,33
"544610",2011-02-22 10:09:00.000,16912,33
"580745",2011-12-06 09:32:00.000,13694,54
"558640",2011-07-01 08:58:00.000,14911,59
"563620",2011-08-18 10:06:00.000,13014,52
"565488",2011-09-05 11:38:00.000,15307,35
C557637,2011-06-21 16:00:00.000,13630,18
C560550,2011-07-19 12:47:00.000,12971,59
"547890",2011-03-28 10:03:00.000,17227,9
C540389,2011-01-06 18:00:00.000,14426,60
"580771",2011-12-06 10:58:00.000,16015,18
"552056",2011-05-06 10:33:00.000,16353,35
"563262",2011-08-15 12:44:00.000,15311,34
"567158",2011-09-16 17:39:00.000,16878,54
"573156",2011-10-28 08:52:00.000,16656,36
"549286",2011-04-07 18:03:00.000,17928,54
"574696",2011-11-06 13:40:00.000,13634,55
C539644,2010-12-20 15:52:00.000,12471,59
C580131,2011-12-01 18:12:00.000,17576,18
"537045",2010-12-05 10:54:00.000,15038,55
C547368,2011-03-22 13:13:00.000,16809,9
"544839",2011-02-24 10:50:00.000,14841,53
"565579",2011-09-05 12:35:00.000,18283,53
"537880",2010-12-09 09:14:00.000,12963,55
"566759",2011-09-14 16:29:00.000,16210,9
"556198",2011-06-09 12:30:00.000,14963,52
"543822",2011-02-14 09:24:00.000,12507,35
"574226",2011-11-03 12:15:00.000,17306,52
"545474",2011-03-03 10:55:00.000,16709,59
C569113,2011-09-30 12:50:00.000,13426,54
"556935",2011-06-15 15:57:00.000,17651,56
"539478",2010-12-19 15:07:00.000,17343,18
"559936",2011-07-14 10:09:00.000,15125,35
"580979",2011-12-06 15:40:00.000,12362,55
"580300",2011-12-02 14:02:00.000,14085,52
"544281",2011-02-17 12:23:00.000,12500,53
C554517,2011-05-24 16:55:00.000,15434,36
"560906",2011-07-21 17:55:00.000,15827,35
"545322",2011-03-01 14:56:00.000,13599,52
"578331",2011-11-24 08:44:00.000,14911,9
"540803",2011-01-11 12:30:00.000,14669,35
"574154",2011-11-03 11:32:00.000,13709,34
"564016",2011-08-22 11:44:00.000,15712,18
"561912",2011-08-01 11:08:00.000,13184,9
"557255",2011-06-19 10:11:00.000,17616,36
"576736",2011-11-16 12:42:00.000,13089,52
"567511",2011-09-20 14:57:00.000,13094,55
"557228",2011-06-17 13:42:00.000,15805,34
"540539",2011-01-09 14:42:00.000,18260,33
"561923",2011-08-01 12:16:00.000,14112,18
"562935",2011-08-10 17:11:00.000,14156,9
"545047",2011-02-27 11:42:00.000,14147,54
"555644",2011-06-06 13:24:00.000,16520,53
"539196",2010-12-16 12:09:00.000,18055,36
"574091",2011-11-03 09:20:00.000,17086,59
"545188",2011-02-28 15:19:00.000,14056,53
"579039",2011-11-28 10:23:00.000,17031,18
"539333",2010-12-17 09:52:00.000,13627,35
"570333",2011-10-10 12:19:00.000,18126,59
"562380",2011-08-04 15:23:00.000,14778,53
C555346,2011-06-02 11:54:00.000,12710,18
"553054",2011-05-13 10:22:00.000,17886,55
C557288,2011-06-19 12:48:00.000,18109,55
"561191",2011-07-25 13:42:00.000,15129,56
"549121",2011-04-06 13:33:00.000,17140,34
C544171,2011-02-16 14:13:00.000,13001,35
"574871",2011-11-07 12:56:00.000,14527,33
C569957,2011-10-06 18:37:00.000,15745,35
C575608,2011-11-10 12:38:00.000,16133,54
"555264",2011-06-01 16:03:00.000,17757,56
C575672,2011-11-10 15:03:00.000,13098,18
"578689",2011-11-25 09:31:00.000,15793,60
"581220",2011-12-08 09:39:00.000,13924,33
"575322",2011-11-09 13:36:00.000,14543,54
"574679",2011-11-06 12:38:00.000,12645,52
"550769",2011-04-20 12:56:00.000,15984,54
"556942",2011-06-15 16:42:00.000,14222,53
"543806",2011-02-13 12:48:00.000,17085,60
"571914",2011-10-19 15:33:00.000,14776,56
"544666",2011-02-22 15:00:00.000,16907,34
"553836",2011-05-19 12:08:00.000,17017,52
"539010",2010-12-15 13:24:00.000,15005,34
"561865",2011-07-31 10:47:00.000,15569,54
C548748,2011-04-04 12:28:00.000,15223,18
"580816",2011-12-06 11:28:00.000,15157,60
"558440",2011-06-29 12:53:00.000,17408,55
"556120",2011-06-09 10:06:00.000,16722,53
"550960",2011-04-21 16:39:00.000,12622,59
"577318",2011-11-18 13:42:00.000,17675,53
"571747",2011-10-19 10:59:00.000,13849,60
"538945",2010-12-15 11:22:00.000,17230,33
"536500",2010-12-01 12:35:00.000,17377,9
"565788",2011-09-07 08:18:00.000,13210,35
"544691",2011-02-23 09:09:00.000,13804,35
"576832",2011-11-16 15:01:00.000,13102,60
"570731",2011-10-12 11:33:00.000,15038,18
"572212",2011-10-21 12:25:00.000,13918,34
"549467",2011-04-08 14:26:00.000,13305,34
"544604",2011-02-22 09:11:00.000,13576,36
"536594",2010-12-01 17:22:00.000,15235,59
"555008",2011-05-31 10:24:00.000,17061,60
"552452",2011-05-09 14:02:00.000,13752,33
"577230",2011-11-18 12:08:00.000,18034,52
"540471",2011-01-07 14:21:00.000,15601,33
C539301,2010-12-16 17:33:00.000,13496,54
"580756",2011-12-06 10:19:00.000,12723,34
"549307",2011-04-08 09:08:00.000,15119,55
"547067",2011-03-20 13:43:00.000,12921,33
"546728",2011-03-16 11:09:00.000,13983,34
"545031",2011-02-25 15:35:00.000,15990,60
"573406",2011-10-30 15:57:00.000,14112,36
"543003",2011-02-02 12:38:00.000,14312,36
"558473",2011-06-29 15:41:00.000,16553,55
"569715",2011-10-05 17:29:00.000,15856,53
"577771",2011-11-21 15:42:00.000,16168,36
"545899",2011-03-07 17:30:00.000,17817,56
"573994",2011-11-02 11:23:00.000,17135,56
"559342",2011-07-07 16:59:00.000,14493,53
"563738",2011-08-18 19:13:00.000,15024,56
"580214",2011-12-02 12:10:00.000,14092,54
"577000",2011-11-17 12:00:00.000,17716,18
"553208",2011-05-16 09:10:00.000,12674,33
"536973",2010-12-03 13:43:00.000,17787,18
"543591",2011-02-10 11:46:00.000,13854,18
"577136",2011-11-18 08:57:00.000,17163,56
"554013",2011-05-20 13:13:00.000,13308,53
"563808",2011-08-19 11:46:00.000,12626,59
C553563,2011-05-17 17:39:00.000,14342,36
"547413",2011-03-23 09:43:00.000,13475,55
"540537",2011-01-09 14:28:00.000,13565,52
"569637",2011-10-05 12:14:00.000,15757,52
"544400",2011-02-18 12:31:00.000,14101,54
"580260",2011-12-02 12:36:00.000,14085,33
"551416",2011-04-28 13:39:00.000,17874,56
"541204",2011-01-14 12:22:00.000,14175,52
C549265,2011-04-07 12:45:00.000,16245,59
C578062,2011-11-22 15:30:00.000,12471,9
"571837",2011-10-19 12:11:00.000,16470,55
"542646",2011-01-31 11:42:00.000,17220,59
"553577",2011-05-18 10:34:00.000,12437,33
"543129",2011-02-03 15:02:00.000,14540,35
"566019",2011-09-08 12:44:00.000,17243,56
"580059",2011-12-01 13:22:00.000,17768,52
C577786,2011-11-21 16:27:00.000,13246,52
"548863",2011-04-04 13:57:00.000,15311,59
C552856,2011-05-11 15:17:00.000,14288,52
"538365",2010-12-12 10:11:00.000,17243,36
"536446",2010-12-01 12:15:00.000,15983,35
"575944",2011-11-13 11:46:00.000,16571,56
"536568",2010-12-01 15:28:00.000,16048,9
"574878",2011-11-07 13:18:00.000,14653,9
"544404",2011-02-18 12:56:00.000,16401,9
"570502",2011-10-11 09:24:00.000,14744,34
C576831,2011-11-16 14:56:00.000,12748,36
"549852",2011-04-12 15:08:00.000,14289,60
"552188",2011-05-06 14:01:00.000,12394,55
C560818,2011-07-21 10:52:00.000,17811,34
"545165",2011-02-28 13:41:00.000,16339,9
"546914",2011-03-18 08:12:00.000,13072,54
C572554,2011-10-24 17:16:00.000,17317,53
"550197",2011-04-15 10:14:00.000,15581,53
"536943",2010-12-03 12:11:00.000,17884,54
"575520",2011-11-10 10:56:00.000,17537,59
"559201",2011-07-07 10:39:00.000,14217,55
"569030",2011-09-30 10:27:00.000,17450,52
"539720",2010-12-21 13:22:00.000,16996,35
"578330",2011-11-24 08:28:00.000,17523,56
"571836",2011-10-19 12:10:00.000,18019,54
"540698",2011-01-11 09:24:00.000,17450,60
"577833",2011-11-22 10:20:00.000,17315,56
"540844",2011-01-11 16:24:00.000,12971,55
"571748",2011-10-19 11:13:00.000,18077,59
"566976",2011-09-16 09:27:00.000,15382,36
"556254",2011-06-09 16:57:00.000,13213,36
"570824",2011-10-12 12:58:00.000,14299,54
"567370",2011-09-20 09:13:00.000,14236,54
C579896,2011-12-01 08:27:00.000,13971,60
"564326",2011-08-24 13:30:00.000,17256,9
"539292",2010-12-16 16:42:00.000,16539,53
"539445",2010-12-17 15:57:00.000,17865,52
"573311",2011-10-28 16:45:00.000,14071,34
"542611",2011-01-30 14:13:00.000,15415,55
"574368",2011-11-04 10:59:00.000,13004,9
"545346",2011-03-02 09:49:00.000,12834,9
C578007,2011-11-22 12:40:00.000,16474,9
"578944",2011-11-27 13:41:00.000,16005,54
"565121",2011-09-01 11:43:00.000,14239,52
"563172",2011-08-12 13:15:00.000,12399,35
"545076",2011-02-28 09:43:00.000,15235,9
"543754",2011-02-11 14:26:00.000,18159,36
"566259",2011-09-11 12:45:00.000,17317,52
"556579",2011-06-13 14:16:00.000,15069,18
C559309,2011-07-07 13:18:00.000,17719,9
"577579",2011-11-20 15:52:00.000,14415,36
"536390",2010-12-01 10:19:00.000,17511,55
"564314",2011-08-24 12:58:00.000,12695,34
"546104",2011-03-09 12:19:00.000,14527,59
"552457",2011-05-09 14:40:00.000,16477,59
"544675",2011-02-22 15:59:00.000,16011,54
"561387",2011-07-27 09:22:00.000,13824,54
"575077",2011-11-08 13:22:00.000,15406,18
"544790",2011-02-23 12:27:00.000,16940,54
"581417",2011-12-08 15:01:00.000,13013,9
"571557",2011-10-18 09:25:00.000,15678,54
"556631",2011-06-13 14:59:00.000,13080,36
"537227",2010-12-06 08:42:00.000,17677,55
C539577,2010-12-20 12:41:00.000,17924,34
"566781",2011-09-15 10:11:00.000,17333,18
"556512",2011-06-13 10:44:00.000,14688,52
"541604",2011-01-19 17:23:00.000,14572,9
"541860",2011-01-23 15:45:00.000,13963,60
"549372",2011-04-08 11:28:00.000,14958,55
C538742,2010-12-14 11:26:00.000,13599,34
"576917",2011-11-17 10:40:00.000,17613,34
"549553",2011-04-10 12:22:00.000,16931,18
C557945,2011-06-23 16:11:00.000,18223,35
"577812",2011-11-22 08:56:00.000,16956,53
C568557,2011-09-27 15:48:00.000,12681,53
C551465,2011-04-28 16:17:00.000,14640,34
C577350,2011-11-18 15:35:00.000,14315,53
"547538",2011-03-23 15:17:00.000,13534,54
C555877,2011-06-07 15:28:00.000,16218,34
"574317",2011-11-03 18:49:00.000,17078,52
"559539",2011-07-10 12:28:00.000,18024,36
C556011,2011-06-08 11:45:00.000,14475,54
C551587,2011-05-03 11:27:00.000,13505,34
"541832",2011-01-21 17:14:00.000,17889,36
"552842",2011-05-11 14:29:00.000,17888,33
"557308",2011-06-19 15:13:00.000,16744,18
"575965",2011-11-13 12:32:00.000,13426,53
"560833",2011-07-21 12:14:00.000,16891,18
"541115",2011-01-13 15:34:00.000,12578,59
"543351",2011-02-07 13:18:00.000,15407,18
"570183",2011-10-07 14:43:00.000,15208,55
"539501",2010-12-20 11:08:00.000,17085,52
"551427",2011-04-28 14:56:00.000,14735,60
"537887",2010-12-09 10:00:00.000,18092,33
"545425",2011-03-02 14:39:00.000,16792,35
"537051",2010-12-05 11:12:00.000,15708,52
"570662",2011-10-11 14:19:00.000,16120,34
"552723",2011-05-11 10:18:00.000,16229,53
"562725",2011-08-09 09:04:00.000,17302,55
"554156",2011-05-23 11:28:00.000,13798,59
"552822",2011-05-11 12:59:00.000,15521,53
"554042",2011-05-20 14:47:00.000,15237,59
"550130",2011-04-14 13:17:00.000,14390,55
"541406",2011-01-17 15:19:00.000,14657,60
"572504",2011-10-24 14:13:00.000,15786,55
"580438",2011-12-04 12:17:00.000,12827,18
"543395",2011-02-08 10:17:00.000,13534,52
"562591",2011-08-07 15:40:00.000,12748,9
"554712",2011-05-26 10:43:00.000,16873,33
"556845",2011-06-15 11:30:00.000,17511,35
"576948",2011-11-17 11:45:00.000,14515,53
"564965",2011-08-31 15:07:00.000,17677,35
"549261",2011-04-07 12:35:00.000,14903,18
"580961",2011-12-06 14:40:00.000,14572,18
"571502",2011-10-17 15:18:00.000,14422,9
"559912",2011-07-13 15:04:00.000,14221,55
C566749,2011-09-14 15:38:00.000,13999,52
"573387",2011-10-30 14:33:00.000,15054,33
"569383",2011-10-03 16:46:00.000,15159,33
"581459",2011-12-08 18:46:00.000,17949,35
"577252",2011-11-18 12:22:00.000,18034,34
"551966",2011-05-05 13:14:00.000,15356,60
"578677",2011-11-24 19:30:00.000,15750,53
"537849",2010-12-08 15:35:00.000,13777,18
"542896",2011-02-01 13:50:00.000,15981,59
"579095",2011-11-28 11:00:00.000,17988,60
"569417",2011-10-04 10:29:00.000,17629,18
"553895",2011-05-19 17:18:00.000,15271,60
"576096",2011-11-14 09:20:00.000,13549,60
"542278",2011-01-27 10:43:00.000,14911,59
"568699",2011-09-28 14:58:00.000,12352,18
"546669",2011-03-15 15:36:00.000,14226,18
"546249",2011-03-10 13:58:00.000,14606,52
"575208",2011-11-09 10:27:00.000,18172,36
"559010",2011-07-05 12:50:00.000,14911,60
"538308",2010-12-10 13:29:00.000,14107,60
C573097,2011-10-27 14:42:00.000,15038,59
"575483",2011-11-09 16:43:00.000,16996,9
C567691,2011-09-21 17:04:00.000,17567,56
"540857",2011-01-12 10:20:00.000,16779,9
C576242,2011-11-14 13:37:00.000,16747,9
C539486,2010-12-20 08:27:00.000,18256,59
"555393",2011-06-02 17:00:00.000,14221,60
"553915",2011-05-19 19:51:00.000,18225,52
"563656",2011-08-18 10:48:00.000,15615,36
"573117",2011-10-27 16:11:00.000,16688,54
"549969",2011-04-13 14:24:00.000,13408,59
"568802",2011-09-29 10:49:00.000,14834,34
C554851,2011-05-27 09:17:00.000,16463,54
"569081",2011-09-30 11:54:00.000,13972,55
C579890,2011-12-01 08:14:00.000,15197,35
"538868",2010-12-14 14:42:00.000,17017,59
"561583",2011-07-28 10:33:00.000,13813,52
"546552",2011-03-15 08:18:00.000,13082,18
"581578",2011-12-09 12:16:00.000,12713,55
"557935",2011-06-23 15:26:00.000,13929,60
"556032",2011-06-08 12:35:00.000,15159,34
"539250",2010-12-16 13:44:00.000,15157,53
"577603",2011-11-21 08:40:00.000,15500,9
"550836",2011-04-21 10:55:00.000,14759,52
"576186",2011-11-14 11:25:00.000,14735,36
C550648,2011-04-19 16:36:00.000,13134,18
"570659",2011-10-11 14:17:00.000,16120,59
"577857",2011-11-22 11:21:00.000,13499,54
C563899,2011-08-21 10:55:00.000,17097,56
"571081",2011-10-13 15:23:00.000,16775,56
"574250",2011-11-03 13:09:00.000,17634,53
"563745",2011-08-19 09:38:00.000,15159,35
"561644",2011-07-28 15:15:00.000,16029,56
"558028",2011-06-24 11:39:00.000,15128,36
"555851",2011-06-07 13:37:00.000,13050,54
"569567",2011-10-05 09:56:00.000,16059,33
"538870",2010-12-14 14:54:00.000,12829,56
"559206",2011-07-07 11:12:00.000,18073,53
"555531",2011-06-05 11:53:00.000,12678,18
"574334",2011-11-04 09:44:00.000,16672,33
C551018,2011-04-26 11:19:00.000,12705,52
"542788",2011-02-01 10:37:00.000,16570,59
"541279",2011-01-17 11:55:00.000,18223,59
"575624",2011-11-10 13:18:00.000,18217,52
"559128",2011-07-06 12:39:00.000,17238,52
"540288",2011-01-06 12:45:00.000,17634,52
"549539",2011-04-10 10:10:00.000,15465,55
"547107",2011-03-21 11:34:00.000,17315,55
"559460",2011-07-08 13:00:00.000,13862,9
"539487",2010-12-20 09:22:00.000,16153,54
"574915",2011-11-07 16:17:00.000,16779,52
"551849",2011-05-04 14:33:00.000,16258,36
"551421",2011-04-28 14:04:00.000,14077,54
"565863",2011-09-07 15:00:00.000,17422,35
"553853",2011-05-19 13:08:00.000,16782,36
"546158",2011-03-10 09:30:00.000,13899,34
"552699",2011-05-10 15:52:00.000,16210,53
"558564",2011-06-30 13:45:00.000,14057,53
C557971,2011-06-24 10:15:00.000,18118,53
"545301",2011-03-01 12:26:00.000,12679,36
"562581",2011-08-07 13:43:00.000,15860,18
"574891",2011-11-07 14:28:00.000,14606,34
C573321,2011-10-30 10:35:00.000,14546,55
"556734",2011-06-14 12:00:00.000,13476,36
"574710",2011-11-06 14:17:00.000,15427,53
C566672,2011-09-14 11:39:00.000,13145,52
"580027",2011-12-01 12:01:00.000,14178,55
"577076",2011-11-17 15:08:00.000,14362,56
"575968",2011-11-13 12:47:00.000,14882,53
"547535",2011-03-23 15:07:00.000,16250,60
C573754,2011-11-01 09:39:00.000,13126,56
"547491",2011-03-23 12:05:00.000,17096,60
"539653",2010-12-20 16:50:00.000,13564,35
"579446",2011-11-29 13:43:00.000,14121,55
"578256",2011-11-23 12:59:00.000,17809,36
"571442",2011-10-17 13:39:00.000,17049,60
"558917",2011-07-05 09:34:00.000,12980,56
"540498",2011-01-09 10:06:00.000,17243,18
C569112,2011-09-30 12:47:00.000,17405,34
"567308",2011-09-19 13:35:00.000,16422,52
"579419",2011-11-29 13:01:00.000,12471,56
"580431",2011-12-04 12:13:00.000,13822,33
"572836",2011-10-26 11:51:00.000,15568,18
"566202",2011-09-09 14:22:00.000,15652,33
"579498",2011-11-29 15:52:00.000,12798,54
"578345",2011-11-24 09:23:00.000,15270,53
"549946",2011-04-13 12:44:00.000,17819,33
"575932",2011-11-13 10:35:00.000,16923,35
"544058",2011-02-15 12:56:00.000,14176,55
"575742",2011-11-11 09:46:00.000,14309,56
"543411",2011-02-08 11:31:00.000,12576,59
"537026",2010-12-03 16:35:00.000,12395,53
"553036",2011-05-13 08:09:00.000,15129,53
"581451",2011-12-08 17:57:00.000,17144,34
"567488",2011-09-20 14:00:00.000,17564,55
"560697",2011-07-20 12:16:00.000,14401,36
"552441",2011-05-09 12:58:00.000,16359,56
"550629",2011-04-19 14:48:00.000,13782,18
"554503",2011-05-24 15:06:00.000,14163,36
"547861",2011-03-27 12:36:00.000,16701,9
"549560",2011-04-10 13:26:00.000,15058,9
C580710,2011-12-05 16:34:00.000,14198,55
C566946,2011-09-15 16:27:00.000,15122,55
"561910",2011-08-01 10:23:00.000,17053,35
"538529",2010-12-13 10:24:00.000,14290,60
"543186",2011-02-04 11:40:00.000,17929,34
"556520",2011-06-13 11:10:00.000,14177,35
"554695",2011-05-25 17:12:00.000,16161,52
C581463,2011-12-08 18:56:00.000,17526,33
"561095",2011-07-25 10:19:00.000,17040,53
C551646,2011-05-03 11:58:00.000,12888,18
"546381",2011-03-11 12:29:00.000,12748,56
"551846",2011-05-04 14:11:00.000,13047,18
"575007",2011-11-08 11:20:00.000,14140,52
"563288",2011-08-15 12:53:00.000,12656,36
"574387",2011-11-04 11:04:00.000,12944,9
"555518",2011-06-05 10:58:00.000,14891,60
"567164",2011-09-18 11:51:00.000,14487,33
"542858",2011-02-01 11:40:00.000,17228,34
"548531",2011-03-31 17:12:00.000,14031,18
"549993",2011-04-14 08:26:00.000,14057,35
"564552",2011-08-25 17:22:00.000,16670,59
"564717",2011-08-28 11:19:00.000,15669,56
"549319",2011-04-08 10:09:00.000,16623,35
"545635",2011-03-04 12:14:00.000,13557,52
C543381,2011-02-07 15:52:00.000,15513,60
"559199",2011-07-07 10:28:00.000,15288,56
"544405",2011-02-18 13:10:00.000,16814,53
C554374,2011-05-24 11:27:00.000,15128,18
"574573",2011-11-04 16:35:00.000,14592,18
"557474",2011-06-20 13:29:00.000,12432,54
"546771",2011-03-16 15:19:00.000,17515,9
"544087",2011-02-15 17:02:00.000,17530,55
"567938",2011-09-22 18:14:00.000,12704,53
"566769",2011-09-15 08:27:00.000,18211,35
"557846",2011-06-23 10:44:00.000,17365,53
"572960",2011-10-27 10:40:00.000,18154,36
"552955",2011-05-12 12:30:00.000,13113,53
"547880",2011-03-27 16:05:00.000,15426,53
C544560,2011-02-21 12:43:00.000,17677,33
"578522",2011-11-24 14:09:00.000,17254,33
"550798",2011-04-20 14:41:00.000,15290,52
"539318",2010-12-16 19:09:00.000,12348,33
"573548",2011-10-31 13:22:00.000,13680,18
"578088",2011-11-22 16:47:00.000,16376,53
"539867",2010-12-23 10:38:00.000,13922,35
"549291",2011-04-07 19:05:00.000,16261,34
"550921",2011-04-21 14:21:00.000,14770,59
"562963",2011-08-11 10:29:00.000,13203,34
"545691",2011-03-06 12:52:00.000,14161,34
"568726",2011-09-28 16:35:00.000,16775,52
C556668,2011-06-13 16:26:00.000,15827,56
"570514",2011-10-11 10:36:00.000,13089,60
"538051",2010-12-09 13:24:00.000,18041,55
"581233",2011-12-08 10:33:00.000,13436,36
"572026",2011-10-20 11:40:00.000,13245,60
"553724",2011-05-18 16:50:00.000,17047,35
"544197",2011-02-17 09:52:00.000,12971,54
"576612",2011-11-15 16:30:00.000,17357,36
"577527",2011-11-20 13:40:00.000,17523,33
"559095",2011-07-06 10:49:00.000,13198,59
"560854",2011-07-21 12:46:00.000,13098,36
"563250",2011-08-15 11:38:00.000,15624,34
"548757",2011-04-04 12:31:00.000,17419,34
C577397,2011-11-18 17:12:00.000,12504,56
C567690,2011-09-21 17:01:00.000,15810,35
"558709",2011-07-01 13:02:00.000,17338,33
"557668",2011-06-22 09:02:00.000,17828,36
"542108",2011-01-25 13:43:00.000,17460,52
"575654",2011-11-10 14:28:00.000,15238,18
"559146",2011-07-06 14:18:00.000,12921,35
"572746",2011-10-25 16:30:00.000,13263,54
C566725,2011-09-14 13:08:00.000,14606,35
"572542",2011-10-24 16:20:00.000,17272,60
"538171",2010-12-09 20:01:00.000,17530,60
"554053",2011-05-20 15:08:00.000,14282,18
C544553,2011-02-21 12:09:00.000,14092,59
"569011",2011-09-30 08:14:00.000,14655,52
"578143",2011-11-23 11:06:00.000,14646,60
"575493",2011-11-10 08:39:00.000,18210,36
"543121",2011-02-03 13:58:00.000,12662,18
"571281",2011-10-16 13:23:00.000,14088,35
"551387",2011-04-28 11:40:00.000,14240,35
"555847",2011-06-07 13:27:00.000,14880,9
C551464,2011-04-28 16:15:00.000,13085,18
"553156",2011-05-13 14:58:00.000,17841,36
"558718",2011-07-01 13:31:00.000,16589,59
"566599",2011-09-13 15:37:00.000,15998,52
"567621",2011-09-21 12:46:00.000,16016,60
"547206",2011-03-21 14:18:00.000,16791,60
"543975",2011-02-14 15:23:00.000,17231,35
C558327,2011-06-28 12:04:00.000,17900,55
"566308",2011-09-12 09:38:00.000,15865,55
C562041,2011-08-02 10:05:00.000,15120,9
"570405",2011-10-10 12:51:00.000,13429,59
"579461",2011-11-29 14:42:00.000,15615,54
"553380",2011-05-16 15:29:00.000,17190,35
"574039",2011-11-02 12:57:00.000,17800,52
"576062",2011-11-13 15:30:00.000,12867,33
C556818,2011-06-15 10:01:00.000,17284,56
"558877",2011-07-04 13:50:00.000,17841,54
"564158",2011-08-23 12:37:00.000,16712,35
"552823",2011-05-11 13:06:00.000,14731,52
C542346,2011-01-27 12:00:00.000,12709,34
C560391,2011-07-18 13:21:00.000,12930,34
"577539",2011-11-20 14:24:00.000,14547,56
"551660",2011-05-03 12:16:00.000,15271,33
"559005",2011-07-05 12:39:00.000,13183,53
"566405",2011-09-12 13:41:00.000,17919,56
C563232,2011-08-14 15:55:00.000,17988,18
"547796",2011-03-25 12:34:00.000,14646,52
C579989,2011-12-01 11:18:00.000,15745,33
"572837",2011-10-26 12:01:00.000,14754,53
"546415",2011-03-13 10:27:00.000,17975,56
"574892",2011-11-07 14:40:00.000,14700,59
"563509",2011-08-17 10:46:00.000,16092,54
"574745",2011-11-07 08:26:00.000,14911,56
"564565",2011-08-26 10:50:00.000,14911,53
"569803",2011-10-06 11:48:00.000,13090,56
"570282",2011-10-10 11:20:00.000,13473,55
"570200",2011-10-07 16:03:00.000,16918,33
"550797",2011-04-20 14:40:00.000,12901,60
"558447",2011-06-29 13:40:00.000,15311,56
"547862",2011-03-27 12:54:00.000,12841,9
"576051",2011-11-13 14:45:00.000,14911,52
"554055",2011-05-20 15:39:00.000,18198,60
"545190",2011-02-28 15:32:00.000,15656,52
C543772,2011-02-11 15:43:00.000,13534,18
"559810",2011-07-12 15:15:00.000,16168,59
"542087",2011-01-25 12:35:00.000,14849,52
C555267,2011-06-01 16:15:00.000,16359,60
"571676",2011-10-18 13:29:00.000,16910,34
"553003",2011-05-12 15:32:00.000,13263,53
C579746,2011-11-30 14:40:00.000,13078,60
"580177",2011-12-02 11:50:00.000,14292,59
"566435",2011-09-12 15:04:00.000,13854,36
"560937",2011-07-22 10:52:00.000,17920,59
"574327",2011-11-04 09:03:00.000,13013,59
C575963,2011-11-13 12:30:00.000,16794,33
C575653,2011-11-10 14:28:00.000,13988,34
"566291",2011-09-11 15:31:00.000,12965,60
"568786",2011-09-29 09:16:00.000,15144,60
"541523",2011-01-19 10:09:00.000,17708,34
"538629",2010-12-13 13:10:00.000,17799,34
"579270",2011-11-29 09:50:00.000,15783,9
"576847",2011-11-16 15:35:00.000,17017,18
"573131",2011-10-27 16:44:00.000,15622,18
C565023,2011-08-31 16:30:00.000,12901,35
"559350",2011-07-07 17:35:00.000,16842,36
"570292",2011-10-10 11:59:00.000,13418,55
C564138,2011-08-23 11:36:00.000,12753,56
"575681",2011-11-10 15:32:00.000,16903,33
"557263",2011-06-19 11:08:00.000,14646,9
"546013",2011-03-08 16:38:00.000,16495,9
"548873",2011-04-04 15:10:00.000,12971,56
"557212",2011-06-17 12:06:00.000,12901,34
"574149",2011-11-03 11:29:00.000,13709,34
"539304",2010-12-16 17:36:00.000,16684,52
"549633",2011-04-11 11:45:00.000,15671,33
C566223,2011-09-09 16:36:00.000,16145,35
"555504",2011-06-03 15:43:00.000,15508,35
"573840",2011-11-01 11:38:00.000,14866,59
"536643",2010-12-02 11:57:00.000,14390,36
"555259",2011-06-01 15:31:00.000,13069,34
"565387",2011-09-02 15:50:00.000,14560,33
"562199",2011-08-03 12:20:00.000,12748,56
"567909",2011-09-22 16:53:00.000,13012,52
"560998",2011-07-22 14:07:00.000,14243,34
"559110",2011-07-06 11:52:00.000,14145,35
"570348",2011-10-10 12:28:00.000,16982,33
"567153",2011-09-16 16:25:00.000,14056,9
"547075",2011-03-20 14:35:00.000,15288,9
C579882,2011-11-30 17:28:00.000,13050,56
"568800",2011-09-29 10:45:00.000,14868,35
C547710,2011-03-24 19:27:00.000,14875,9
"574674",2011-11-06 12:30:00.000,14404,60
"570241",2011-10-09 15:24:00.000,14801,53
"564182",2011-08-23 14:55:00.000,17242,35
"540823",2011-01-11 13:26:00.000,15569,34
"577170",2011-11-18 10:46:00.000,13456,35
"579162",2011-11-28 13:58:00.000,16393,59
C556656,2011-06-13 16:21:00.000,13148,35
"577356",2011-11-18 15:53:00.000,16350,60
"555541",2011-06-05 12:51:00.000,16883,9
C542421,2011-01-27 18:08:00.000,17180,9
"557681",2011-06-22 10:31:00.000,14463,59
C546081,2011-03-09 11:23:00.000,15974,36
"564629",2011-08-26 11:48:00.000,14866,36
"542678",2011-01-31 12:21:00.000,14688,52
"575500",2011-11-10 09:57:00.000,16003,36
"558608",2011-06-30 15:30:00.000,12524,52
"564532",2011-08-25 15:04:00.000,14055,36
"549387",2011-04-08 11:33:00.000,13178,34
"580502",2011-12-04 13:15:00.000,16931,9
"552690",2011-05-10 15:10:00.000,16676,59
"551731",2011-05-04 09:57:00.000,14307,59
"560607",2011-07-20 10:15:00.000,12510,9
"548151",2011-03-29 12:57:00.000,13803,18
C555723,2011-06-06 16:21:00.000,15737,35
"569418",2011-10-04 10:30:00.000,12989,36
"568056",2011-09-23 12:55:00.000,12705,55
"577062",2011-11-17 14:40:00.000,18221,59
"558077",2011-06-26 10:59:00.000,13408,36
"581180",2011-12-07 15:52:00.000,12347,33
"577485",2011-11-20 11:56:00.000,16360,33
