"stockcode","description","unit_price","category_id"
"21556",CERAMIC STRAWBERRY MONEY BOX,2.25,13
"22785",SQUARECUSHION COVER PINK UNION FLAG,5.95,11
"22433",WATERING CAN GREEN DINOSAUR,1.65,8
"21696",SMALL SILVER TRELLIS CANDLEPOT,2.95,2
"22341",LOVE GARLAND PAINTED ZINC ,1.45,3
"90099",NECKLACE+BRACELET SET BLUE HIBISCUS,2.55,7
"84944",SET OF 6 KASHMIR FOLKART BAUBLES,1.65,6
"40003",WHITE BAMBOO RIBS LAMPSHADE,0.95,6
"84927D",LA PALMIERA TILE HOOK,0.39,13
"35004P",SET OF 3 PINK FLYING DUCKS,5.45,6
"22099",CARAVAN SQUARE TISSUE BOX,0.39,13
"21506","FANCY FONT BIRTHDAY CARD, ",0.36,12
"21376",LARGE  TALL CAMPHOR WOOD TOADSTOOL ,1.25,6
"84536B",FAIRY CAKES NOTEBOOK A7 SIZE,0.32,9
"23374",RED SPOT PAPER GIFT BAG,0.72,7
"22526",WHEELBARROW FOR CHILDREN ,10.95,8
"22244","3 HOOK HANGER MAGIC GARDEN",1.65,5
"21845",DAIRY MAID STRIPE MUG,0.79,9
"22807",SET OF 6 T-LIGHTS TOADSTOOLS,1.25,2
"84849A",HELLO SAILOR BLUE SOAP HOLDER,1.69,1
"17013D",ORIGAMI ROSE INCENSE IN TUBE,0.42,6
"23288",GREEN VINTAGE SPOT BEAKER,0.72,12
"23120",PACK OF 6 SMALL FRUIT STRAWS,0.36,6
"72811",SMALL ZINC/GLASS CANDLEHOLDER,1.25,2
"21985",PACK OF 12 HEARTS DESIGN TISSUES ,0.22,3
"85014B",RED RETROSPOT UMBRELLA,12.46,6
"85232A",SET/3 POLKADOT STACKING TINS,4.25,6
"23253","16 PC CUTLERY SET PANTRY DESIGN",15.95,9
"20829",GLITTER HANGING BUTTERFLY STRING,1.69,7
"23061",VINTAGE EMBOSSED HEART,1.04,12
"22044",CHRISTMAS CARD STACK OF PRESENTS,0.19,12
"51014A","FEATHER PEN,HOT PINK",0.20,6
"22501",PICNIC BASKET WICKER LARGE,3.00,5
"22538",MINI JIGSAW GO TO THE FAIR,0.19,14
"85032C",CURIOUS IMAGES GIFT WRAP SET,0.65,12
"71496A",A4 WALL TIDY BLUE OFFICE,0.53,3
"35610B",BLACK CHRISTMAS FLOCK DROPLET ,1.25,10
"23465",TUSCAN VILLA BIRD FEEDER,8.25,6
"22124",SET OF 2 TEA TOWELS PING MICROWAVE,0.79,1
"46776D",WOVEN SUNSET CUSHION COVER ,4.95,11
"21520",BOOZE & WOMEN GREETING CARD ,0.36,12
"21902","KEY FOB , FRONT  DOOR ",0.53,6
"23160",REGENCY TEA SPOON,1.04,9
"21167",WHITE SAGE INCENSE,0.21,6
"84952C",MIRROR LOVE BIRD T-LIGHT HOLDER,1.25,1
"20686",DOLLY MIXTURE CHILDREN'S UMBRELLA,3.25,14
"23264",SET OF 3 WOODEN SLEIGH DECORATIONS,1.04,3
"21394",RED POLKADOT BEAKER ,0.39,6
"16033",MINI HIGHLIGHTER PENS,0.12,2
"22431",WATERING CAN BLUE ELEPHANT,1.65,7
"22637",PIGGY BANK RETROSPOT ,2.10,6
"90210A",GREY ACRYLIC FACETED BANGLE,1.25,6
"20682",RED RETROSPOT CHILDRENS UMBRELLA,2.75,8
"20846",ZINC HEART LATTICE T-LIGHT HOLDER,1.06,2
"85232D",SET/3 DECOUPAGE STACKING TINS,4.25,6
"90138",WHITE/PINK MINI CRYSTALS NECKLACE,4.95,7
"90214B","LETTER ""B"" BLING KEY RING",0.29,7
"23222",CHRISTMAS TREE HANGING GOLD,0.72,10
"84922",PINK BUTTERFLY WASHBAG,4.25,7
"22467",GUMBALL COAT RACK,2.10,13
"23254",CHILDRENS CUTLERY DOLLY GIRL ,3.75,9
"77101A",UNION FLAG WINDSOCK,1.06,6
"23555",LANDMARK FRAME NOTTING HILL ,10.95,3
"16218",CARTOON  PENCIL SHARPENERS,0.06,12
"35910B",PINK FLOWERS RABBIT EASTER,1.95,10
"22251",BIRDHOUSE DECORATION MAGIC GARDEN,1.06,5
"23394",POSTE FRANCE CUSHION COVER,3.75,11
"22662",LUNCH BAG DOLLY GIRL DESIGN,1.45,4
"21530",DAIRY MAID TOASTRACK,0.79,13
"23269",SET OF 2 CERAMIC CHRISTMAS TREES,1.25,10
"23057",BEADED CHANDELIER T-LIGHT HOLDER,1.00,2
"20676",RED RETROSPOT BOWL,1.06,9
"21200",MULTICOLOUR HONEYCOMB PAPER GARLAND,0.65,3
"21948",SET OF 6 CAKE CHOPSTICKS,1.25,9
"21084",SET/6 COLLAGE PAPER CUPS,0.19,9
"18094C",WHITE AND BLUE CERAMIC OIL BURNER,0.85,6
"85214",TUB 24 PINK FLOWER PEGS,1.65,6
"85049B",LUSH GREENS RIBBONS,1.25,12
"21707",FOLDING UMBRELLA BLACKBLUE POLKADOT,4.25,6
"90046",WHITE WITH METAL BAG CHARM,4.95,7
"90212C",PURPLE LAS VEGAS BRACELET ROUND,3.75,7
"21395",BLUE POLKADOT BEAKER ,0.39,6
"21310",CAPIZ CHANDELIER,29.95,6
"84813",SET OF 4 DIAMOND NAPKIN RINGS,10.95,9
"22429",ENAMEL MEASURING JUG CREAM,3.75,9
"21400",RED PUDDING SPOON,0.12,9
"44234",ASSORTED CIRCULAR MOBILE,0.18,6
"82011C",BATHROOM SCALES FOOTPRINTS IN SAND,2.95,1
"22166",WALL MIRROR RECTANGLE DIAMANTE PINK,2.95,1
"17028J",INCENSE BAZAAR PEACH,0.42,6
"21329",DINOSAURS  WRITING SET ,1.65,8
"22532",MAGIC DRAWING SLATE LEAP FROG ,0.27,6
"85109",PINK BOUDOIR T-LIGHT HOLDER,0.85,2
"90184C",BLACK CHUNKY BEAD BRACELET W STRAP,8.95,7
"23079", TOADSTOOL BEDSIDE LIGHT ,8.95,2
"23333",IVORY WICKER HEART MEDIUM,1.04,3
"22327",ROUND SNACK BOXES SET OF 4 SKULLS,2.55,4
"90185A",AMBER DIAMANTE EXPANDABLE RING,4.25,7
"84638",SMALL KITCHEN FLOWER POTS PLAQUE,6.95,9
"22863",SOAP DISH BROCANTE,2.55,1
"90162A",ANT SILVER TURQUOISE BOUDICCA RING,2.95,7
"84551",CROCHET DOG KEYRING,1.65,7
"22968",ROSE COTTAGE KEEPSAKE BOX ,8.50,12
"22293",HANGING CHICK GREEN DECORATION,1.45,3
"20750",RED RETROSPOT MINI CASES,6.35,6
"23242",TREASURE TIN BUFFALO BILL ,1.85,6
"22512",DOORSTOP RACING CAR DESIGN,0.79,3
"79191C",RETRO PLASTIC ELEPHANT TRAY,0.63,9
"23439",HAND WARMER RED LOVE HEART,1.85,3
"21643",ASSORTED TUTTI FRUTTI MIRROR,1.06,1
"84927F",PSYCHEDELIC TILE HOOK,0.39,13
"21898",POTTING SHED ROSE CANDLE,2.95,2
"22486",PLASMATRONIC LAMP,12.75,6
"23415",HOME SWEET HOME HOOK,0.39,13
"90177E",DROP DIAMANTE EARRINGS GREEN,2.95,7
"90124A",PINK MURANO TWIST NECKLACE,9.95,7
"84988",SET OF 72 PINK HEART PAPER DOILIES,1.25,3
"23214",BELL HEART ANTIQUE GOLD,2.08,3
"21507",ELEPHANT BIRTHDAY CARD ,0.36,12
"23429",RED RETRO KITCHEN WALL CLOCK,8.15,9
"21864",UNION JACK FLAG PASSPORT COVER ,1.69,6
"84029E",RED WOOLLY HOTTIE WHITE HEART.,2.95,3
"20861",GOLD COSMETIC BAG PINK STAR,2.10,1
"37461",FUNKY MONKEY MUG,1.25,9
"23462",ROCOCO WALL MIROR,19.95,3
"84536A",ENGLISH ROSE NOTEBOOK A7 SIZE,0.42,12
"22671",FRENCH LAUNDRY SIGN BLUE METAL,1.45,3
"22470",HEART OF WICKER LARGE,1.97,3
"21504",SKULLS GREETING CARD,0.36,12
"21980",PACK OF 12 RED RETROSPOT TISSUES ,0.25,6
"23091",METAL HERB GERDEN CONTAINER,5.39,6
"20678",LARGE BLACK DIAMANTE HAIRSLIDE,1.65,7
"22473",TV DINNER TRAY VINTAGE PAISLEY,1.95,9
"23046",PAPER LANTERN 9 POINT DELUXE STAR,5.75,2
"90199D","5 STRAND GLASS NECKLACE AMBER",6.35,9
"21179",NO JUNK MAIL METAL SIGN,0.39,3
"21918",SET 12 KIDS COLOUR  CHALK STICKS,0.36,8
"22348",TEA BAG PLATE RED RETROSPOT,0.72,9
"84925D",LA PALMIERA WALL THERMOMETER,2.55,3
"84247N",PACK/12 BLUE FOLKART CARDS,2.95,12
"21955",DOORMAT UNION JACK GUNS AND ROSES,4.58,11
"21124",SET/10 BLUE POLKADOT PARTY CANDLES,1.06,2
"22187",GREEN CHRISTMAS TREE CARD HOLDER,1.95,12
"22619",SET OF 6 SOLDIER SKITTLES,3.39,6
"23495",SET OF 3 PANTRY WOODEN SPOONS,1.25,9
"22306",SILVER MUG BONE CHINA TREE OF LIFE,1.06,9
"22611",VINTAGE UNION JACK SHOPPING BAG,4.25,12
"44089A",PINK GAUZE BUTTERFLY LAMPSHADE,0.42,6
"90065A",WHITE VINTAGE CRYSTAL BRACELET,6.75,12
"21468",BUTTERFLY CROCHET FOOD COVER,3.75,4
"85132A",CHARLIE + LOLA BISCUITS TINS,1.95,8
"23296",SET OF 6 TEA TIME BAKING CASES,1.04,9
"22875",NUMBER TILE COTTAGE GARDEN 7,1.95,12
"21844",RED RETROSPOT MUG,2.55,9
"82011B",BATHROOM SCALES RUBBER DUCKS,2.95,1
"22769",CHALKBOARD KITCHEN ORGANISER,21.95,9
"17012E",ORIGAMI OPIUM INCENSE/CANDLE SET ,0.50,2
"22838","3 TIER CAKE TIN RED AND CREAM",12.75,9
"90160A",PURPLE BOUDICCA LARGE BRACELET,6.95,7
"85131B",BEADED CRYSTAL HEART GREEN ON STICK,0.83,3
"90123B",TURQUOISE HEART OF GLASS BRACELET,5.95,9
"22339",CHRISTMAS TREE PAINTED ZINC ,0.19,10
"23388",WOODLAND MINI BACKPACK,3.75,6
"90201A",PURPLE ENAMEL FLOWER RING,2.95,7
"23461",SWEETHEART BIRD HOUSE,3.30,5
"82583",HOT BATHS METAL SIGN,1.49,1
"21662",VINTAGE GLASS COFFEE CADDY,5.45,9
"85114A",BLACK ENCHANTED FOREST PLACEMAT,1.45,9
"23044",PAPER LANTERN 9 POINT HOLLY STAR 23,4.15,2
"84809B",PINK CHRYSANTHEMUMS ART FLOWER,2.10,6
"23163",REGENCY SUGAR TONGS,2.08,6
"48129",DOORMAT TOPIARY,15.79,11
"90209C",PINK ENAMEL+GLASS HAIR COMB,1.75,9
"37448",CERAMIC CAKE DESIGN SPOTTED MUG,1.25,9
"46776A",WOVEN BUBBLE GUM CUSHION COVER,4.95,11
"22478",BIRDHOUSE GARDEN MARKER ,1.25,5
"22674",FRENCH TOILET SIGN BLUE METAL,1.06,1
"22167", OVAL WALL MIRROR DIAMANTE ,3.95,1
"20977","36 PENCILS TUBE WOODLAND",1.06,12
"21642",ASSORTED TUTTI FRUTTI PEN,0.29,6
"22513",DOORSTOP FOOTBALL DESIGN,0.79,3
"22466",FAIRY TALE COTTAGE NIGHT LIGHT,1.65,2
"16161G",WRAP BAD HAIR DAY,0.10,7
"90026B",GLASS BEAD HOOP NECKLACE MONTANA,8.50,9
"21317",GLASS SPHERE CANDLE STAND MEDIUM,4.95,2
"22352",LUNCH BOX WITH CUTLERY RETROSPOT ,2.10,9
"82486","3 DRAWER ANTIQUE WHITE WOOD CABINET",16.63,13
"22685",FRENCH BLUE METAL DOOR SIGN 0,1.19,3
"90141D",ROSE PENDANT TRIPLE SHELL NECKLACE,4.95,7
"20967",GREY FLORAL FELTCRAFT SHOULDER BAG,3.75,7
"22266",EASTER DECORATION HANGING BUNNY,0.19,10
"85114C",RED ENCHANTED FOREST PLACEMAT,1.45,9
"22507",MEMO BOARD RETROSPOT  DESIGN,10.79,3
"23267",SET OF 4 SANTA PLACE SETTINGS,1.04,10
"22721",SET OF 3 CAKE TINS SKETCHBOOK,1.95,9
"85034C","3 ROSE MORRIS BOXED CANDLES",1.25,2
"21032",SPACE CADET WHITE,1.25,6
"17096",ASSORTED LAQUERED INCENSE HOLDERS,0.17,13
"22748",POPPY'S PLAYHOUSE KITCHEN,1.85,9
"22095",LADS ONLY TISSUE BOX,0.39,13
"23188",VINTAGE  2 METER FOLDING RULER,1.45,12
"84465","15 PINK FLUFFY CHICKS IN BOX",2.95,13
"23138",SINGLE WIRE HOOK IVORY HEART,1.25,13
"90003C",MIDNIGHT BLUE PAIR HEART HAIR SLIDE,3.75,7
"21465",PINK FLOWER CROCHET FOOD COVER,3.75,4
"22120",WELCOME  WOODEN BLOCK LETTERS,10.13,14
"23412",HEART MIRROR ANTIQUE WHITE,4.98,1
"22464",HANGING METAL HEART LANTERN,0.79,2
"72819",CUPID DESIGN SCENTED CANDLES,1.25,1
"16168M",FUNKY MONKEY GIFT BAG MEDIUM,0.42,7
"84924A",WAKE UP COCKEREL CALENDAR SIGN ,3.75,3
"23128",DOLLCRAFT BOY JEAN-PAUL ,4.15,14
"85186C",BUNNY EGG GARLAND,0.42,3
"44242B",PINK FEATHERS CURTAIN,0.79,11
"22436","12 COLOURED PARTY BALLOONS",0.65,6
"90177C",DROP DIAMANTE EARRINGS CRYSTAL,2.95,7
"23371",SET 36 COLOUR PENCILS SPACEBOY ,1.06,12
"21810",CHRISTMAS HANGING STAR WITH BELL,0.39,10
"47504K",ENGLISH ROSE GARDEN SECATEURS,0.79,5
"22539",MINI JIGSAW DOLLY GIRL,0.19,14
"37327",ASSTD MULTICOLOUR CIRCLES MUG,0.39,9
"22318",FIVE HEART HANGING DECORATION,2.55,3
"21592",RETROSPOT CIGAR BOX MATCHES ,0.39,13
"21903",MAN FLU METAL SIGN,1.85,3
"21926",RED/CREAM STRIPE CUSHION COVER ,1.06,11
"72800B", 4 PURPLE FLOCK DINNER CANDLES,0.79,2
"82615",PINK MARSHMALLOW SCARF KNITTING KIT,2.55,6
"23395",BELLE JARDINIERE CUSHION COVER,3.29,11
"20802",SMALL GLASS SUNDAE DISH CLEAR,0.42,9
"84818",DANISH ROSE PHOTO FRAME,0.79,3
"17012F",ORIGAMI SANDLEWOOD INCENSE/CAND SET,0.50,6
"37340",MULTICOLOUR SPRING FLOWER MUG,0.39,9
"84859C",PINK DISCO HANDBAG,1.95,7
"35909A",RABBIT EASTER DECORATION,2.95,10
"21242",RED RETROSPOT PLATE ,1.45,9
"22481",BLACK TEA TOWEL CLASSIC DESIGN,0.39,1
"84663A",GRASS HOPPER WOODEN WALL CLOCK ,0.79,3
"17012C",ORIGAMI LAVENDER INCENSE/CANDL SET ,0.50,6
"20733",GOLD MINI TAPE MEASURE ,0.72,12
"23147",SINGLE ANTIQUE ROSE HOOK IVORY,1.25,13
"84824",DANISH ROSE UMBRELLA STAND,15.95,6
"22698",PINK REGENCY TEACUP AND SAUCER,2.55,9
"21261",GREEN GOOSE FEATHER CHRISTMAS TREE ,16.95,10
"23229",DONKEY TAIL GAME ,3.39,14
"84800L",LARGE WHITE/PINK ROSE ART FLOWER,1.69,6
"22781",GUMBALL MAGAZINE RACK,14.96,13
"22961",JAM MAKING SET PRINTED,1.25,4
"84847",FLORAL BATHROOM SET,3.75,1
"23478",WOODLAND LARGE PINK FELT HEART,1.04,3
"21042",RED RETROSPOT APRON ,4.65,6
"21656",RIDGED GLASS POSY VASE ,1.45,9
"20828",GLITTER BUTTERFLY CLIPS,2.10,6
"23162",REGENCY TEA STRAINER,3.29,6
"22112",CHOCOLATE HOT WATER BOTTLE,10.79,4
"23171",REGENCY TEA PLATE GREEN ,1.45,9
"23499",SET 12 VINTAGE DOILY CHALK ,0.42,12
"21531",RED RETROSPOT SUGAR JAM BOWL,2.10,9
"22782",SET 3 WICKER STORAGE BASKETS ,21.95,13
"21538",DAIRY MAID  PUDDING BOWL,3.75,9
"78124",MAGAZINE RACK GEBRA ASSORTED ,1.25,13
"21836",GINGHAM OVEN GLOVE RED HEART ,3.75,3
"90094",NECKLACE+BRACELET SET FRUIT SALAD ,2.55,7
"20713",JUMBO BAG OWLS,1.65,7
"21169",YOU'RE CONFUSING ME METAL SIGN ,1.45,3
"85065",CREAM SWEETHEART TRAYS,12.75,9
"85019B",BLOSSOM  IMAGES NOTEBOOK SET,1.25,12
"20906",VINTAGE NOTEBOOK BEAUTY GIRL,2.95,12
"47580",TEA TIME DES TEA COSY,2.10,11
"22336",DOVE DECORATION PAINTED ZINC ,0.19,3
"22371",AIRLINE BAG VINTAGE TOKYO 78,3.75,12
"23454",SET OF 3 MINI HANGING PORTRAITS,3.75,6
"23156",SET OF 5 MINI GROCERY MAGNETS,1.85,6
"23049",RECYCLED ACAPULCO MAT RED,7.45,6
"23207",LUNCH BAG ALPHABET DESIGN,1.45,4
"16045",POPART WOODEN PENCILS ASST,0.04,12
"85230F",JASMINE VOTIVE CANDLE,0.21,2
"22921",HERB MARKER CHIVES ,0.55,6
"21381",MINI WOODEN HAPPY BIRTHDAY GARLAND,1.45,3
"10124A",SPOTS ON RED BOOKCOVER TAPE,0.42,12
"22309",TEA COSY RED  STRIPE,2.10,11
"22355",CHARLOTTE BAG SUKI DESIGN,0.72,7
"23694",PAISLEY PARK CARD,0.36,12
"20669",RED HEART LUGGAGE TAG,1.25,12
"72140E",BEST DAD CANDLE LETTERS,0.85,2
"22136",LOVE HEART SOCK HANGER,1.45,13
"21313",GLASS HEART T-LIGHT HOLDER ,0.64,2
"22410",MONEY BOX HOUSEKEEPING DESIGN,0.39,13
"79144B",PAINTED LIGHTBULB STAR+ MOON,0.37,2
"22229",BUNNY WOODEN PAINTED WITH FLOWER ,0.39,6
"37444C",PINK BREAKFAST CUP AND SAUCER ,0.39,9
"22964","3 PIECE SPACEBOY COOKIE CUTTER SET",1.85,8
"22715",CARD WEDDING DAY,0.36,12
"84809A",WHITE CHRYSANTHEMUMS ART FLOWER,2.10,6
"22905",CALENDAR IN SEASON DESIGN,1.25,3
"82580",BATHROOM METAL SIGN,0.42,1
"23119",PACK OF 6 LARGE FRUIT STRAWS ,0.53,6
"22079",RIBBON REEL HEARTS DESIGN ,1.45,12
"23197",SKETCHBOOK MAGNETIC SHOPPING LIST,1.25,6
"22571",ROCKING HORSE RED CHRISTMAS ,0.72,10
"22447",PIN CUSHION BABUSHKA BLUE,1.25,11
"21277",FRENCH STYLE EMBOSSED HEART CABINET,12.00,13
"21484",CHICK GREY HOT WATER BOTTLE,2.95,4
"85048","15CM CHRISTMAS GLASS BALL 20 LIGHTS",6.95,2
"21747",SMALL SKULL WINDMILL,1.05,6
"22118",JOY WOODEN BLOCK LETTERS,1.25,14
"84968B",SET OF 16 VINTAGE IVORY CUTLERY,12.75,9
"23380",PACK OF 12 DOILEY TISSUES,0.39,6
"35815P","ACRYLIC JEWEL SNOWFLAKE, PINK",0.38,7
"90122A",PINK CRYSTAL+GLASS BRACELET,4.95,9
"84832",ZINC WILLIE WINKIE  CANDLE STICK,0.72,2
"21535",RED RETROSPOT SMALL MILK JUG,2.10,9
"21106",CREAM SLICE FLANNEL CHOCOLATE SPOT ,2.55,6
"23381",PACK OF 12 VINTAGE LEAF TISSUES ,0.32,12
"22091",EMPIRE TISSUE BOX,0.39,13
"20757",RED DAISY POCKET BOOK ,0.85,6
"71101E",STANDING FAIRY POLE SUPPORT ,0.72,6
"84212","ASSORTED FLOWER COLOUR ""LEIS""",0.42,6
"22882",NUMBER TILE VINTAGE FONT 3,0.42,12
"35954",SMALL FOLKART STAR CHRISTMAS DEC,0.19,10
"22842",BISCUIT TIN VINTAGE RED,5.95,12
"22445",PENCIL CASE LIFE IS BEAUTIFUL,2.55,12
"22775",PURPLE DRAWERKNOB ACRYLIC EDWARDIAN,1.06,13
"21821",GLITTER STAR GARLAND WITH BELLS ,3.39,3
"84685",BEACH HUT KEY CABINET,3.75,13
"21814",HEART T-LIGHT HOLDER ,1.45,2
"22543",MINI JIGSAW BAKE A CAKE ,0.19,9
"21445","12 PINK ROSE PEG PLACE SETTINGS",1.25,6
"22101",MIRROR MOSAIC VOTIVE HOLDER,0.39,1
"22430",ENAMEL WATERING CAN CREAM,4.25,7
"21894",POTTING SHED SEED ENVELOPES,1.25,12
"21391",FRENCH LAVENDER SCENT HEART,0.75,1
"23522",DOG AND BALL WALL ART,1.63,3
"47369A",PINK GREEN EMBROIDERY COSMETIC BAG,2.95,1
"20748",KENSINGTON COFFEE SET,12.75,6
"90177B",DROP DIAMANTE EARRINGS BLACK DIAMON,2.95,7
"23198",PANTRY MAGNETIC  SHOPPING LIST,1.04,6
"84360",TABLE LAMP WHITE SHADE WOOD BASE,4.65,6
"90214P","LETTER ""P"" BLING KEY RING",0.29,7
"23251",ENAMEL MUG PANTRY,1.25,9
"90212B",JET BLACK LAS VEGAS BRACELET ROUND,3.75,7
"90200B",BLACK SWEETHEART BRACELET,4.25,7
"85135B",BLUE DRAGONFLY HELICOPTER,7.95,6
"21625",VINTAGE UNION JACK APRON,14.13,12
"90214L","LETTER ""L"" BLING KEY RING",0.29,7
"37343",POLKADOT MUG PINK ,0.39,9
"21717",EASTER TIN BUCKET,2.10,10
"23463",VINTAGE ZINC WATERING CAN,9.95,12
"23505",PLAYING CARDS I LOVE LONDON ,1.04,12
"20735",BLACK MINI TAPE MEASURE ,0.72,12
"23843","PAPER CRAFT , LITTLE BIRDIE",2.08,6
"21580",RABBIT  DESIGN  COTTON TOTE BAG,2.25,7
"84497",BUTTONS AND STRIPES NOTEBOOK ,3.75,12
"84032A",CHARLIE+LOLA PINK HOT WATER BOTTLE,0.79,4
"22912",YELLOW COAT RACK PARIS FASHION,3.37,13
"84519B",CARROT CHARLIE+LOLA COASTER SET,1.25,9
"22257",FELT FARM ANIMAL SHEEP,0.42,6
"23574",PACKING CHARGE,7.50,6
"23509",MINI PLAYING CARDS FUN FAIR ,0.36,12
"22573",STAR WOODEN CHRISTMAS DECORATION,0.72,10
"22310",IVORY KNITTED MUG COSY ,1.45,9
"23681",LUNCH BAG RED VINTAGE DOILY,1.45,4
"22878",NUMBER TILE COTTAGE GARDEN No,2.10,12
"84600",NEW BAROQUE JEWELLERY BOX ,6.95,7
"17091J",VANILLA INCENSE IN TIN,0.38,6
"22553",PLASTERS IN TIN SKULLS,1.45,6
"22824","3 TIER SWEETHEART GARDEN SHELF",32.95,5
"47480",HANGING PHOTO CLIP ROPE LADDER,1.45,3
"84558A","3D DOG PICTURE PLAYING CARDS",2.95,12
"90129B",TURQUOISE GLASS TASSLE BAG CHARM ,2.95,9
"21658",GLASS  BEURRE DISH,3.39,9
"16151A",FLOWERS HANDBAG blue and orange,1.25,7
"23330",DECORATIVE WICKER HEART MEDIUM,1.04,3
"22334",DINOSAUR PARTY BAG + STICKER SET,1.45,12
"22081",RIBBON REEL FLORA + FAUNA ,1.65,12
"23355",HOT WATER BOTTLE KEEP CALM,4.15,4
"22817",CARD SUKI BIRTHDAY,0.36,12
"84802A",WHITE ANEMONE ARTIFICIAL FLOWER,1.69,6
"23516",EMBROIDERED RIBBON REEL SOPHIE  ,3.29,12
"23281",FOLDING BUTTERFLY MIRROR RED  ,0.72,1
"90184B",AMETHYST CHUNKY BEAD BRACELET W STR,8.95,7
"23328",SET 6 SCHOOL MILK BOTTLES IN CRATE,3.39,4
"22874",NUMBER TILE COTTAGE GARDEN 6,1.95,12
"21644",ASSORTED TUTTI FRUTTI HEART BOX,1.25,13
"22321",BIRD DECORATION RED RETROSPOT,0.85,3
"22867",HAND WARMER BIRD DESIGN,1.85,3
"21457","2 PICTURE BOOK EGGS EASTER DUCKS",1.25,10
"22641",SET OF 4 NAPKIN CHARMS INSTRUMENT,0.79,9
"23331",DECORATIVE WICKER HEART SMALL,0.55,3
"22803",IVORY EMBROIDERED QUILT ,35.75,6
"20996",JAZZ HEARTS ADDRESS BOOK,0.19,3
"90089",PINK CRYSTAL SKULL PHONE CHARM,0.19,7
"22357",KINGS CHOICE BISCUIT TIN,3.75,6
"22725",ALARM CLOCK BAKELIKE CHOCOLATE,3.39,3
"21462","NURSERY A,B,C PAINTED LETTERS",1.95,6
"21802",CHRISTMAS TREE HEART DECORATION,0.42,10
"20728",LUNCH BAG CARS BLUE,1.45,4
"20782",CAMOUFLAGE EAR MUFF HEADPHONES,1.95,6
"22415",WHITE TISSUE REAM,7.95,6
"90175A",WHITE GLASS CHUNKY CHARM BRACELET,8.95,9
"22314",OFFICE MUG WARMER CHOC+BLUE,1.25,9
"35650",VINTAGE BEAD PINK JEWEL STAND,4.95,12
"21460",GREEN EASTER EGG HUNT START POST,1.95,10
"84715",SET OF 6 ICE CREAM SKITTLES,2.95,6
"23201",JUMBO BAG ALPHABET,1.65,7
"21946",PARTY TIME DESIGN FLANNEL,0.39,3
"21876",POTTERING MUG,0.42,9
"22434",BALLOON PUMP WITH 10 BALLOONS,1.95,6
"21058",PARTY INVITES WOODLAND,0.72,6
"90178B",PURPLE CHUNKY GLASS+BEAD NECKLACE,11.95,9
"21112",SWISS ROLL TOWEL PINK  SPOTS,1.25,1
"21705",BAG 500g SWIRLY MARBLES,0.39,7
"20724",RED RETROSPOT CHARLOTTE BAG,0.72,7
"84661B",BLACK SQUARE TABLE CLOCK,0.79,3
"22071",SMALL WHITE RETROSPOT MUG IN BOX ,0.50,9
"21873",IF YOU CAN'T STAND THE HEAT MUG,0.42,9
"22312",OFFICE MUG WARMER POLKADOT,1.25,9
"23327",HANGING CLEAR MINI BOTTLE,0.55,4
"23460",SWEETHEART WALL TIDY ,7.84,3
"21890",S/6 WOODEN SKITTLES IN COTTON BAG,2.26,7
"23528",SPACEBOY WALL ART,2.66,8
"90210B",CLEAR ACRYLIC FACETED BANGLE,1.00,6
"21849",SILVER DIAMANTE PEN IN GIFT BOX,4.95,12
"46126A",ELVIS WALLHANGING / CURTAIN,1.25,11
"22517",CHILDS GARDEN RAKE PINK,1.85,8
"21817",GLITTER CHRISTMAS TREE,0.39,10
"21232",STRAWBERRY CERAMIC TRINKET BOX,1.06,13
"62096A",PINK/YELLOW FLOWERS HANDBAG,1.25,7
"21933",PINK VINTAGE PAISLEY PICNIC BAG,1.65,12
"23060",HEART BEADED TRELLIS DECORATION,2.08,3
"23066",SMALL DECO JEWELLERY STAND,7.45,7
"21108",FAIRY CAKE FLANNEL ASSORTED COLOUR,0.79,9
"21973",SET OF 36 MUSHROOM PAPER DOILIES,1.45,6
"84750A",PINK SMALL GLASS CAKE STAND,1.95,9
"23576",SNACK TRAY RED VINTAGE DOILY,1.65,9
"21473",SWEETHEART CREAM STEEL TABLE RECT,19.95,3
"21269",ANTIQUE CREAM CUTLERY SHELF ,8.50,9
"84828",JUNGLE POPSICLES ICE LOLLY HOLDERS,1.25,13
"85195",HANGING HEART BASKET,2.10,13
"37509",NEW ENGLAND MUG W GIFT BOX,2.55,9
"21667",GLASS CAKE COVER AND PLATE,14.95,9
"79329",PINK FLOCK GLASS CANDLEHOLDER,0.38,2
"21841",BABY MOUSE RED GINGHAM DRESS,4.25,8
"20765",CHRYSANTHEMUM SKETCHBOOK ,3.75,6
"21718",RED METAL BEACH SPADE ,1.25,6
"46000P",POLYESTER FILLER PAD 65CMx65CM,4.25,6
"21680",WOODLAND  STICKERS,0.85,12
"21351",CINAMMON & ORANGE WREATH,5.95,3
"72351B",SET/6 PINK  BUTTERFLY T-LIGHTS,1.69,2
"22161",HEART DECORATION RUSTIC HANGING ,0.19,3
"90082A",DIAMANTE BOW BROOCH GREEN COLOUR,6.35,7
"22786",CUSHION COVER PINK UNION JACK,1.25,11
"84563A",PINK & WHITE BREAKFAST TRAY,2.95,9
"23337",EGG FRYING PAN MINT ,2.08,6
"21636",MADRAS NOTEBOOK MEDIUM,0.75,12
"90202A",PURPLE ENAMEL FLOWER HAIR TIE,2.95,7
"23557",LANDMARK FRAME BAKER STREET ,10.95,3
"21669",BLUE STRIPE CERAMIC DRAWER KNOB,1.06,13
"90161C",ANT COPPER LIME BOUDICCA BRACELET,4.95,7
"23240",SET OF 4 KNICK KNACK TINS  DOILEY ,4.15,6
"23468",TUSCAN VILLA BIRD TABLE ,8.25,6
"90070",RUBY GLASS CLUSTER BRACELET,5.95,9
"21488",RED WHITE SCARF  HOT WATER BOTTLE,3.95,4
"85032D",YULETIDE IMAGES GIFT WRAP SET,0.65,12
"22070",SMALL RED RETROSPOT MUG IN BOX ,0.50,9
"84077",WORLD WAR 2 GLIDERS ASSTD DESIGNS,0.11,3
"22834",HAND WARMER BABUSHKA DESIGN,0.85,3
"85071A",BLUE CHARLIE+LOLA PERSONAL DOORSIGN,0.38,8
"21675",BUTTERFLIES STICKERS,0.72,12
"21901","KEY FOB , BACK DOOR ",0.53,6
"23241",TREASURE TIN GYMKHANA DESIGN,1.85,3
"85150",LADIES & GENTLEMEN METAL SIGN,1.69,3
"21264",WHITE GOOSE FEATHER TREE 60CM ,1.95,6
"20793",BLUE TILED TRAY,6.75,9
"21992",VINTAGE PAISLEY STATIONERY SET,1.25,12
"23477",WOODLAND LARGE BLUE FELT HEART,1.25,3
"21715",GIRLS VINTAGE TIN SEASIDE BUCKET,2.10,12
"85019A",ROMANTIC IMAGES NOTEBOOK SET,1.25,12
"84352",SILVER CHRISTMAS TREE BAUBLE STAND ,14.95,10
"21164",HOME SWEET HOME METAL SIGN ,2.55,3
"23211",RED ROCKING HORSE HAND PAINTED,1.04,6
"90205C",LARGE CRYSTAL DIAMANTE HAIRSLIDE,1.65,7
"23247",BISCUIT TIN 50'S CHRISTMAS,2.49,10
"15036",ASSORTED COLOURS SILK FAN,0.53,6
"22680",FRENCH BLUE METAL DOOR SIGN 5,1.19,3
"23518",EMBROIDERED RIBBON REEL RACHEL ,2.49,12
"22666",RECIPE BOX PANTRY YELLOW DESIGN,1.96,4
"90062",CARNIVAL BRACELET,12.75,7
"21311",SET/4 BIRD MIRROR MAGNETS ,0.29,1
"37413",ICON MUG REVOLUTIONARY,0.39,9
"84857B",BLUE MONTE CARLO HANDBAG,1.95,7
"84985A",SET OF 72 GREEN PAPER DOILIES,1.45,6
"20957",PORCELAIN HANGING BELL SMALL,1.45,6
"23215",JINGLE BELL HEART ANTIQUE SILVER,1.79,3
"22408",MONEY BOX CONFECTIONERY DESIGN,0.39,13
"47559B",TEA TIME OVEN GLOVE,1.06,6
"23233",WRAP POPPIES  DESIGN,0.34,3
"21990",MODERN FLORAL STATIONERY SET,1.25,6
"22740",POLKADOT PEN,0.72,6
"90024D",NEW BAROQUE B'FLY NECKLACE PINK,8.50,7
"23032",DOORKNOB CRACKED GLAZE IVORY,1.45,13
"22351",DOTCOMGIFTSHOP TEA TOWEL,1.65,1
"23349",ROLL WRAP VINTAGE CHRISTMAS,1.04,12
"22106",MIRROR MOSAIC HURRICANE LAMP ,1.25,1
"84637",KITCHEN FLOWER POTS WALL PLAQUE,5.95,9
"22550",HOLIDAY FUN LUDO,2.62,10
"90039C",FIRE POLISHED GLASS BRACELET BLACK,3.75,9
"23144",ZINC T-LIGHT HOLDER STARS SMALL,0.72,2
"22570",FELTCRAFT CUSHION RABBIT,3.39,11
"22062",CERAMIC BOWL WITH LOVE HEART DESIGN,0.83,9
"72130",COLUMBIAN CANDLE ROUND,0.53,2
"90036E","FLOWER GLASS GARLD NECKL36""AMETHYST",7.95,9
"22116",METAL SIGN HIS DINNER IS SERVED,0.79,3
"22988",SOLDIERS EGG CUP ,1.06,9
"23353","6 GIFT TAGS VINTAGE CHRISTMAS ",0.72,12
"20622",VIP PASSPORT COVER ,2.10,6
"23434","3 RAFFIA RIBBONS 50'S CHRISTMAS ",0.79,12
"21801",CHRISTMAS TREE DECORATION WITH BELL,0.42,10
"21018",BIRD BOX CHRISTMAS TREE DECORATION,0.85,13
"85167B",BLACK GRAND BAROQUE PHOTO FRAME,1.25,3
"84228",HEN HOUSE W CHICK STANDING,0.37,6
"22479",DAISY GARDEN MARKER,1.25,5
"85131D",BEADED CRYSTAL HEART PINK ON STICK,0.83,3
"23085",ANTIQUE SILVER BAUBLE LAMP  ,10.40,6
"23204",CHARLOTTE BAG APPLES DESIGN,0.72,7
"23266",SET OF 3 WOODEN STOCKING DECORATION,1.04,3
"22675",FRENCH KITCHEN SIGN BLUE METAL,1.06,9
"20770",ABSTRACT CIRCLE JOURNAL ,2.10,6
"22771",CLEAR DRAWER KNOB ACRYLIC EDWARDIAN,0.85,13
"21792",CLASSIC FRENCH STYLE BASKET GREEN ,3.95,13
"22672",FRENCH BATHROOM SIGN BLUE METAL,1.45,1
"20616",CHERRY BLOSSOM PASSPORT COVER,0.75,6
"23448",CREAM BUNNY EASTER EGG BASKET,1.65,13
"51020A",SUMMER FUN DESIGN SHOWER CAP,0.29,3
"22965","3 TRADITIONAl BISCUIT CUTTERS  SET",1.85,6
"23344",JUMBO BAG 50'S CHRISTMAS ,1.75,7
"90065B",BLACK VINT ART DEC CRYSTAL BRACELET,6.75,7
"21240",BLUE POLKADOT CUP,0.72,9
"90101",WHITE FRANGIPANI NECKLACE,2.55,7
"21875",KINGS CHOICE MUG,1.06,9
"35911B",PINK/FLOWER RABBIT EGG WARMER ,2.10,6
"20652",BLUE POLKADOT LUGGAGE TAG ,1.25,12
"85096",HILDA CANDY SPOT RABBIT,3.75,6
"85017C",ENVELOPE 50 CURIOUS IMAGES,0.42,12
"22460",EMBOSSED GLASS TEALIGHT HOLDER,1.06,2
"21993",FLORAL FOLK STATIONERY SET,1.25,6
"22799",SWEETHEART WIRE FRUIT BOWL,2.95,9
"90039A",FIRE POLISHED GLASS BRACELET RED,3.75,9
"84912B",GREEN ROSE WASHBAG,3.75,7
"22259",FELT FARM ANIMAL HEN,0.42,6
"23533",WALL ART GARDEN HAVEN ,1.95,5
"22190",LOCAL CAFE MUG,0.39,9
"23407",SET OF 2 TRAYS HOME SWEET HOME,8.49,9
"82567","AIRLINE LOUNGE,METAL SIGN",1.63,3
"21412",VINTAGE GOLD TINSEL REEL,0.42,12
"21380",WOODEN HAPPY BIRTHDAY GARLAND,2.55,3
"21270",ANTIQUE CREAM CUTLERY CUPBOARD,12.75,9
"21832",CHOCOLATE CALCULATOR,1.65,6
"85020",ROUND PINK HEART MIRROR,2.10,1
"22560",TRADITIONAL MODELLING CLAY,1.06,6
"22944",CHRISTMAS METAL POSTCARD WITH BELLS,0.39,12
"22250",DECORATION  BUTTERFLY  MAGIC GARDEN,0.72,5
"84798B",PURPLE FOXGLOVE ARTIIFCIAL FLOWER,2.55,6
"85135A",YELLOW DRAGONFLY HELICOPTER,7.95,6
"23365",SET 12 COLOUR PENCILS LOVE LONDON,0.55,12
"21813",GARLAND WITH STARS AND BELLS,4.25,3
"21713",CITRONELLA CANDLE FLOWERPOT,1.85,2
"84723",CHERRY BLOSSOM CANVAS ART PICTURE,1.95,3
"35271S",GOLD PRINT PAPER BAG,0.19,7
"21307",SET/4 BUTTERFLY MIRROR MAGNETS,0.29,1
"23035",DOORKNOB CERAMIC IVORY,1.45,6
"90198B",VINTAGE ROSE BEAD BRACELET BLACK,4.25,12
"21676",FLOWERS  STICKERS,0.85,12
"21629",SQUARE FLOOR CUSHION VINTAGE RED,6.95,12
"90182C",BLACK 3 BEAD DROP EARRINGS,2.95,7
"90155",RESIN NECKLACE W PASTEL BEADS,7.50,7
"84660A",WHITE STITCHED WALL CLOCK,0.79,3
"22995",TRAVEL CARD WALLET SUKI,0.36,12
"21498",RED RETROSPOT WRAP ,0.34,6
"21929",JUMBO BAG PINK VINTAGE PAISLEY,1.65,12
"22541",MINI JIGSAW LEAP FROG,0.19,14
"22720",SET OF 3 CAKE TINS PANTRY DESIGN ,10.79,9
"20657",TROPICAL LUGGAGE TAG,1.06,12
"23558",LANDMARK FRAME LONDON BRIDGE ,10.95,3
"72598",SET/12 TAPER CANDLES,0.64,2
"84679",CLASSICAL ROSE TABLE LAMP,19.95,6
"21228","POCKET MIRROR ""GLAMOROUS""",1.25,1
"23107",WHITE HEARTS WIRE PLANT POT HOLDER,0.79,5
"22788",BROCANTE COAT RACK,6.78,13
"21030",SPACE CADET RED,1.25,6
"21613",S/12 VANILLA  BOTANICAL T-LIGHTS,2.55,2
"84032B",CHARLIE + LOLA RED HOT WATER BOTTLE,0.79,4
"21249",WOODLAND  HEIGHT CHART STICKERS ,2.55,12
"84843",WHITE SOAP RACK WITH 2 BOTTLES,4.65,1
"21363",HOME SMALL WOOD LETTERS,4.95,6
"22175",PINK OWL SOFT TOY,2.55,14
"23103",BELL HEART DECORATION,1.45,3
"20781",GOLD EAR MUFF HEADPHONES,1.95,6
"23469",CARD HOLDER LOVE BIRD SMALL,3.29,12
"35597A",DUSTY PINK CHRISTMAS TREE 30CM,1.25,10
"21383",PACK OF 12 STICKY BUNNIES,0.65,6
"22385",JUMBO BAG SPACEBOY DESIGN,1.65,8
"23559",WOODLAND BUNNIES LOLLY MAKERS,1.79,6
"23437", 50'S CHRISTMAS GIFT BAG LARGE,1.04,7
"22604",SET OF 4 NAPKIN CHARMS CUTLERY,2.10,9
"22110",BIRD HOUSE HOT WATER BOTTLE,2.10,4
"20819",SILVER TEDDY BEAR,3.75,14
"22087",PAPER BUNTING WHITE LACE,2.55,6
"21866",UNION JACK FLAG LUGGAGE TAG,1.06,12
"71050",SMALL SINGLE FLAME CANDLE HOLDER,0.35,2
"16169E",WRAP 50'S  CHRISTMAS,0.36,10
"21678",PAISLEY PATTERN  STICKERS,0.85,12
"21115",ROSE CARAVAN DOORSTOP,1.95,6
"16202E",BLACK PHOTO ALBUM ,0.50,3
"72812",LARGE ZINC GLASS CANDLEHOLDER,2.10,2
"22820",GIFT BAG BIRTHDAY,0.65,7
"72807A",SET/3 ROSE CANDLE IN JEWELLED BOX,3.81,2
"85049G",CHOCOLATE BOX RIBBONS ,1.06,12
"22818",CARD CHRISTMAS VILLAGE,0.36,12
"22830",UTILTY CABINET WITH HOOKS,10.00,13
"22343",PARTY PIZZA DISH RED RETROSPOT,0.19,6
"22384",LUNCH BAG PINK POLKADOT,1.45,4
"84796B",BLUE SAVANNAH PICNIC HAMPER FOR 2,10.95,5
"23368",SET 12 COLOUR PENCILS DOLLY GIRL ,0.55,12
"20974","12 PENCILS SMALL TUBE SKULL",0.55,12
"21931",JUMBO STORAGE BAG SUKI,1.65,7
"21561",DINOSAUR LUNCH BOX WITH CUTLERY,2.10,9
"23366",SET 12 COLOUR PENCILS DOILEY,0.65,12
"90195B",BLACK GEMSTONE BRACELET,2.95,7
"21172",PARTY METAL SIGN ,1.25,3
"23047",PAPER LANTERN 5 POINT SEQUIN STAR,5.75,2
"85104",SILVER GLASS T-LIGHT SET,1.25,2
"84743C",ORANGE FELT VASE + FLOWERS,1.25,3
"20818",GOLD TEDDY BEAR,1.25,14
"22380",TOY TIDY SPACEBOY  ,0.79,14
"22729",ALARM CLOCK BAKELIKE ORANGE,3.39,3
"23400",SHELF WITH 4 HOOKS HOME SWEET HOME,4.14,13
"23280",FOLDING BUTTERFLY MIRROR HOT PINK ,0.72,1
"23543",KEEP CALM WALL ART ,6.98,3
"85179A",GREEN BITTY LIGHT CHAIN,1.25,2
"21354",TOAST ITS - BEST MUM,1.05,6
"47421",ASSORTED COLOUR LIZARD SUCTION HOOK,0.36,13
"21833",CAMOUFLAGE LED TORCH,1.49,6
"22412",METAL SIGN NEIGHBOURHOOD WITCH ,1.85,3
"47367B",PAIR PADDED HANGERS PINK CHECK,2.95,13
"37487B",YELLOW/ORANGE FLOWER DESIGN PLATE,0.29,9
"84970L",SINGLE HEART ZINC T-LIGHT HOLDER,0.79,2
"21035",SET/2 RED RETROSPOT TEA TOWELS ,2.75,1
"22855",FINE WICKER HEART ,1.06,3
"22707",WRAP MONSTER FUN ,0.42,6
"20851",ZINC HEART LATTICE TRAY OVAL ,5.95,9
"16244B",MAXWELL 2 TONE BLUE 60 PAGE PHOTO A,0.50,3
"17164B",ASS COL SMALL SAND GECKO P'WEIGHT,0.42,6
"90185B",AMETHYST DIAMANTE EXPANDABLE RING,4.25,7
"22137",BATHROOM SET LOVE HEART DESIGN,2.55,1
"23539","WALL ART , LOVES' SECRET ",5.95,3
"72799E",IVORY PILLAR CANDLE SILVER FLOCK,0.79,2
"21922",UNION STRIPE WITH FRINGE  HAMMOCK,16.63,7
"21770",OPEN CLOSED METAL SIGN,4.25,12
"20694",FLORAL PINK MONSTER,3.75,6
"37468",HARDMAN MUG 3 ASSORTED,0.39,9
"84247L",FAWN AND MUSHROOM GREETING CARD,0.42,12
"90031",BILI NUT AND WOOD NECKLACE,1.00,7
"84206A","3 BLACK CATS W HEARTS BLANK CARD",0.19,12
"84206B",CAT WITH SUNGLASSES BLANK CARD,0.19,9
"22814",CARD PARTY GAMES ,0.36,12
"90214G","LETTER ""G"" BLING KEY RING",0.29,7
"21822",GLITTER CHRISTMAS TREE WITH BELLS,0.79,10
"20751",FUNKY WASHING UP GLOVES ASSORTED,1.69,6
"85092",CANDY SPOT TEA COSY,1.25,11
"44089C",LILAC GAUZE BUTTERFLY LAMPSHADE,0.42,6
"71496B",A4 WALL TIDY RED FLOWERS,0.53,3
"90040B",MURANO STYLE GLASS BRACELET BLACK,3.50,9
"84520B",PACK 20 ENGLISH ROSE PAPER NAPKINS,0.64,9
"15060B",FAIRY CAKE DESIGN UMBRELLA,2.95,9
"90001B",ANTIQUE MID BLUE FLOWER EARRINGS,4.25,7
"22378",WALL TIDY RETROSPOT ,0.85,3
"16162M",THE KING GIFT BAG 25x24x12cm,0.42,7
"23501",KEY RING BASEBALL BOOT UNION JACK,1.04,7
"23520",EMBROIDERED RIBBON REEL RUBY ,3.29,12
"16049",TEATIME GEL PENS ASST,0.12,12
"84031B",CHARLIE LOLA BLUE HOT WATER BOTTLE ,1.25,4
"21719",LOVELY BONBON STICKER SHEET,0.85,12
"20997",ROSE DU SUD CUSHION COVER ,4.95,11
"22274",FELTCRAFT DOLL EMILY,2.55,14
"22499",WOODEN UNION JACK BUNTING,12.46,6
"23018",LARGE APOTHECARY MEASURING JAR ,11.15,7
"82095",HEART BUTTONS JEWELLERY BOX,7.65,7
"20975","12 PENCILS SMALL TUBE RED RETROSPOT",0.55,12
"22741",FUNKY DIVA PEN,0.72,6
"84509B",SET OF 4 FAIRY CAKE PLACEMATS,3.75,9
"23492",VINTAGE JINGLE BELLS WREATH,8.25,12
"22806",SET OF 6 T-LIGHTS WEDDING CAKE ,1.25,2
"17136A",BLUE STONES ON WIRE FOR CANDLE,0.08,2
"84507B",STRIPES DESIGN MONKEY DOLL,2.55,14
"16020C",CLEAR STATIONERY BOX SET ,0.85,13
"21454",PAINTED PINK RABBIT ,0.85,6
"37464",ROBOT MUG IN DISPLAY BOX,1.25,9
"22957",SET 3 PAPER VINTAGE CHICK PAPER EGG,2.55,12
"84849B",FAIRY SOAP SOAP HOLDER,1.69,1
"21067",VINTAGE RED TEATIME MUG,1.06,9
"21847",GREEN  DIAMANTE PEN IN GIFT BOX,4.95,12
"23553",LANDMARK FRAME CAMDEN TOWN ,10.95,3
"21927",BLUE/CREAM STRIPE CUSHION COVER ,1.06,11
"90157",RIVIERA NECKLACE,4.95,7
"84616",SILVER ROCCOCO CHANDELIER,29.95,6
"22734",SET OF 6 RIBBONS VINTAGE CHRISTMAS,2.49,12
"23040",PAPER LANTERN 9 POINT SNOW STAR,5.75,2
"22163",HEART STRING MEMO HOLDER HANGING,0.79,7
"22758",LARGE PURPLE BABUSHKA NOTEBOOK  ,0.39,12
"23009",I LOVE LONDON BABY GIFT SET,14.95,8
"21754",HOME BUILDING BLOCK WORD,11.63,14
"85206B",PINK FELT EASTER EGG BASKET,1.65,13
"37479P",CUBIC MUG FLOCK PINK ON BROWN,0.39,9
"22438",BALLOON ART MAKE YOUR OWN FLOWERS,0.39,6
"72807B",SET/3 OCEAN SCENT CANDLE JEWEL BOX,3.81,1
"21578",WOODLAND DESIGN  COTTON TOTE BAG,2.25,7
"84802B",PURPLE ANEMONE ARTIFICIAL FLOWER,1.69,6
"22613",PACK OF 20 SPACEBOY NAPKINS,0.64,9
"22732","3D VINTAGE CHRISTMAS STICKERS ",1.06,12
"84613A",PINK NEW BAROQUE FLOCK CANDLESTICK,4.65,2
"84249A","GREETING CARD,SQUARE, DOUGHNUTS",0.42,12
"22174",PHOTO CUBE,1.25,3
"90214F","LETTER ""F"" BLING KEY RING",0.29,7
"22200",FRYING PAN PINK POLKADOT,1.25,6
"21087",SET/6 POSIES PAPER CUPS,0.19,9
"85215",ASSORTED CHEESE FRIDGE MAGNETS,0.65,6
"20704",MR ROBOT SOFT TOY,1.95,14
"22909",SET OF 20 VINTAGE CHRISTMAS NAPKINS,0.64,9
"35648",VINTAGE BEAD PINK PURSE ,0.83,12
"22332",SKULLS PARTY BAG + STICKER SET,1.45,12
"85035A",GARDENIA 3 WICK MORRIS BOXED CANDLE,1.25,2
"22048",BIRTHDAY BANQUET GIFT WRAP,0.34,12
"23343",JUMBO BAG VINTAGE CHRISTMAS ,1.75,12
"23352",ROLL WRAP 50'S RED CHRISTMAS ,1.04,10
"84660C",PINK STITCHED WALL CLOCK,0.79,3
"22295",HEART FILIGREE DOVE LARGE,1.45,3
"85206A",CREAM FELT EASTER EGG BASKET,1.45,13
"37467",PIG MUG IN TWO COLOUR DESIGNS,0.39,9
"84912A",PINK ROSE WASHBAG,3.75,7
"20684",STRAWBERRY DREAM CHILDS UMBRELLA,3.25,8
"21723",ALPHABET HEARTS STICKER SHEET,0.85,12
"22196",SMALL HEART MEASURING SPOONS,0.72,9
"84592",CROCHET ROSE PURSE WITH SUEDE BACK,2.95,7
"23291",DOLLY GIRL CHILDRENS CUP,1.05,9
"22223",CAKE PLATE LOVEBIRD PINK,1.95,9
"22409",MONEY BOX BISCUITS DESIGN,1.25,13
"21633",SUNFLOWER DECORATIVE PARASOL,12.75,5
"35957",SMALLFOLKART BAUBLE CHRISTMAS DEC,0.19,10
"22148",EASTER CRAFT 4 CHICKS ,1.65,10
"85017A",ENVELOPE 50 ROMANTIC IMAGES,0.85,12
"35916B",BLUE FELT HANGING HEART WITH FLOWER,0.85,3
"20893",HANGING BAUBLE T-LIGHT HOLDER SMALL,2.10,2
"90014C",SILVER AND BLACK ORBIT NECKLACE,2.95,7
"79403",FROSTED WHITE BASE ,0.85,6
"22718",CARD CAT AND TREE ,0.36,12
"82613C","METAL SIGN,CUPCAKE SINGLE HOOK",0.42,9
"22770",MIRROR CORNICE,12.75,1
"82581",TOILET METAL SIGN,0.42,1
"23664",FLOWER SHOP DESIGN MUG,1.65,9
"22448",PIN CUSHION BABUSHKA RED,1.25,11
"40046A",RED DAISY PAPER LAMPSHADE,1.25,6
"22933",BAKING MOULD EASTER EGG MILK CHOC,2.10,9
"22650",CERAMIC PIRATE CHEST MONEY BANK,1.25,6
"44228",CANNABIS LEAF BEAD CURTAIN,0.85,11
"20671",BLUE TEATIME PRINT BOWL ,1.25,9
"35471D",SET OF 3 BIRD LIGHT PINK FEATHER ,0.39,2
"23208",LUNCH BAG VINTAGE LEAF DESIGN,1.45,4
"23697",A PRETTY THANK YOU CARD,0.36,12
"84709B",PINK OVAL JEWELLED MIRROR,5.95,1
"23129",HEART SHAPED HOLLY WREATH,3.75,3
"17038",PORCELAIN BUDAH INCENSE HOLDER,0.07,13
"84821",DANISH ROSE DELUXE COASTER,0.19,9
"23082",SET 6 PAPER TABLE LANTERN HEARTS ,3.29,2
"82551",LAUNDRY 15C METAL SIGN,1.25,3
"90214Y","LETTER ""Y"" BLING KEY RING",0.29,7
"20665",RED RETROSPOT PURSE ,2.55,7
"22943",CHRISTMAS LIGHTS 10 VINTAGE BAUBLES,10.79,2
"23200",JUMBO BAG PEARS,1.65,7
"21703",BAG 125g SWIRLY MARBLES,0.27,7
"23126",DOLLCRAFT GIRL AMELIE,4.95,14
"90013A",MIDNIGHT BLUE VINTAGE EARRINGS,3.75,12
"90067A",PINK VINTAGE VICTORIAN EARRINGS,2.95,12
"21986",PACK OF 12 PINK POLKADOT TISSUES,0.22,6
"22948",METAL DECORATION NAUGHTY CHILDREN ,0.72,8
"22060",LARGE CAKE STAND HANGING HEARTS,3.95,9
"90069",RUBY GLASS CLUSTER NECKLACE,7.50,9
"37482P",CUBIC MUG PINK POLKADOT,0.39,9
"22731","3D CHRISTMAS STAMPS STICKERS ",1.06,12
"90049",IVORY GOLD METAL BAG CHARM,4.95,7
"23153",ZINC SWEETHEART WIRE LETTER RACK,3.39,13
"84658",WHITE STITCHED CUSHION COVER,6.95,11
"90214C","LETTER ""C"" BLING KEY RING",0.29,7
"85086A",CANDY SPOT HEART DECORATION,0.85,3
"22794",SWEETHEART WIRE MAGAZINE RACK,6.75,13
"21588",RETROSPOT GIANT TUBE MATCHES,2.10,6
"84993B","75 BLACK PETIT FOUR CASES",0.42,6
"84661A",WHITE SQUARE TABLE CLOCK,0.79,3
"85049E",SCANDINAVIAN REDS RIBBONS,1.06,12
"47013A",WINE BOTTLE DRESSING LT.BLUE,0.12,4
"22365",DOORMAT RESPECTABLE HOUSE,15.79,11
"22586",FELTCRAFT HAIRBAND PINK AND BLUE,0.85,7
"21071",VINTAGE BILLBOARD DRINK ME MUG,1.06,9
"47369B",BLUE GREEN EMBROIDERY COSMETIC BAG,2.95,1
"22426",ENAMEL WASH BOWL CREAM,2.95,9
"21880",RED RETROSPOT TAPE,0.19,12
"21910",WAY OUT METAL SIGN ,1.65,3
"23019",SMALL APOTHECARY MEASURING JAR ,7.45,7
"84884A",ANT WHITE WIRE HEART SPIRAL,1.95,3
"84507C",BLUE CIRCLES DESIGN MONKEY DOLL,2.55,14
"22028",PENNY FARTHING BIRTHDAY CARD,0.36,12
"22353",LUNCH BOX WITH CUTLERY FAIRY CAKES ,2.55,9
"22681",FRENCH BLUE METAL DOOR SIGN 6,1.06,3
"22931",BAKING MOULD HEART WHITE CHOCOLATE,2.10,9
"22064",PINK DOUGHNUT TRINKET POT ,0.39,6
"10002",INFLATABLE POLITICAL GLOBE ,0.85,6
"21268",VINTAGE BLUE TINSEL REEL,0.42,12
"22320",BIRDS MOBILE VINTAGE DESIGN,11.63,12
"22602",CHRISTMAS RETROSPOT HEART WOOD,0.85,10
"70007",HI TEC ALPINE HAND WARMER,0.42,6
"22296",HEART IVORY TRELLIS LARGE,1.45,3
"22925",BLUE GIANT GARDEN THERMOMETER,12.46,5
"37351",ORANGE FLOWER MUG ,0.39,9
"84745B",BLUE HANGING GINGHAM EASTER HEN,0.42,10
"21080",SET/20 RED RETROSPOT PAPER NAPKINS ,0.64,9
"47563A",RETRO LONGBOARD IRONING BOARD COVER,1.25,6
"22221",CAKE STAND LOVEBIRD 2 TIER PINK,2.95,9
"21617","4 LILY  BOTANICAL DINNER CANDLES",1.25,2
"90041",PEARL AND CHERRY QUARTZ BRACLET,3.50,6
"21884",CAKES AND BOWS GIFT  TAPE,0.19,9
"22928",YELLOW GIANT GARDEN THERMOMETER,12.46,5
"23484",HEART TRELLIS TRIPLE T-LIGHT HOLDER,2.49,2
"79063D","RETRO PILL BOX , REVOLUTIONARY",0.18,13
"20973","12 PENCIL SMALL TUBE WOODLAND",0.55,12
"72816",SET/3 CHRISTMAS DECOUPAGE CANDLES,0.95,2
"84763",ZINC FINISH 15CM PLANTER POTS,1.06,5
"22458",CAST IRON HOOK GARDEN FORK,2.55,9
"90036D","FLOWER GLASS GARLAND NECKL.36""BLACK",7.95,9
"23481",PEARLISED IVORY HEART SMALL ,1.04,3
"22128",PARTY CONES CANDY ASSORTED,1.06,6
"90081A",LILY BROOCH AMETHYST COLOUR,4.95,7
"22021",BLUE FELT EASTER EGG BASKET,1.65,13
"84030E",ENGLISH ROSE HOT WATER BOTTLE,3.75,4
"23161",REGENCY CAKE FORK,1.04,9
"22504",CABIN BAG VINTAGE RETROSPOT,12.75,12
"21655",HANGING RIDGE GLASS T-LIGHT HOLDER,1.69,2
"22668",PINK BABY BUNTING,2.55,8
"37489B",BLUE/YELLOW FLOWER DESIGN BIG MUG,0.39,9
"23127",DOLLCRAFT GIRL NICOLE,4.95,14
"22739",RIBBON REEL CHRISTMAS SOCK BAUBLE,1.45,12
"23084",RABBIT NIGHT LIGHT,1.67,2
"90210D",PURPLE ACRYLIC FACETED BANGLE,1.00,6
"90040A",MURANO STYLE GLASS BRACELET RED,3.50,9
"85030",FRENCH CHATEAU OVAL PLATTER,1.95,6
"37449",CERAMIC CAKE STAND + HANGING CAKES,6.75,9
"79066K",RETRO MOD TRAY,0.64,9
"90206C",CRYSTAL DIAMANTE STAR BROOCH,4.95,7
"22555",PLASTERS IN TIN STRONGMAN,1.45,6
"22437",SET OF 9 BLACK SKULL BALLOONS,0.72,6
"90166",PINK & WHITE ROSEBUD RING,4.15,7
"84963A",PINK PAINTED KASHMIRI CHAIR,42.95,7
"84827",ASS DES PHONE SPONGE CRAFT STICKER,0.09,12
"21059",PARTY INVITES DINOSAURS,0.85,8
"22201",FRYING PAN BLUE POLKADOT,1.25,6
"37450",CERAMIC CAKE BOWL + HANGING CAKES,2.55,9
"79302M","ART LIGHTS,FUNK MONKEY",2.55,2
"23369",SET 36 COLOUR PENCILS LOVE LONDON,1.06,12
"22344",PARTY PIZZA DISH PINK POLKADOT,0.19,6
"72232",FENG SHUI PILLAR CANDLE,0.19,2
"20702",PINK PADDED MOBILE,4.25,6
"90214J","LETTER ""J"" BLING KEY RING",0.29,7
"90036F","FLOWER GLASS GARLD NECKL36""TURQUOIS",7.95,9
"35912B",WHITE/PINK CHICK DECORATION,1.06,3
"23571",TRADITIONAL NAUGHTS & CROSSES,1.45,6
"22856",ASSORTED EASTER DECORATIONS  BELLS,1.06,10
"22164",STRING OF STARS CARD HOLDER,2.95,12
"23012",GLASS APOTHECARY BOTTLE PERFUME,3.45,1
"22580",ADVENT CALENDAR GINGHAM SACK,11.63,10
"22203",MILK PAN RED RETROSPOT,1.25,6
"22618",COOKING SET RETROSPOT,8.49,6
"23317",BLUE REFECTORY CLOCK ,8.15,3
"21216","SET 3 RETROSPOT TEA,COFFEE,SUGAR",10.79,6
"35265",COLOURFUL FLOWER FRUIT BOWL,1.00,9
"46000M",POLYESTER FILLER PAD 45x45cm,1.55,6
"22218",CAKE STAND LACE WHITE,4.25,9
"23401",RUSTIC MIRROR WITH LACE HEART,4.15,1
"23433",HANGING QUILTED PATCHWORK APPLES,0.72,6
"17107D",FLOWER FAIRY 5 DRAWER LINERS,2.55,13
"90011A",MIDNIGHT BLUE CRYSTAL DROP EARRINGS,2.95,7
"81952B",ROUND BLUE CLOCK WITH SUCKER,0.19,3
"84510E",SET OF 4 GREEN CAROUSEL COASTERS,0.21,9
"22127",PARTY CONES CARNIVAL ASSORTED,1.06,6
"23092",LARGE ANTIQUE WHITE PHOTO FRAME,5.49,3
"22597",CHRISTMAS MUSICAL ZINC HEART ,0.85,10
"22951","60 CAKE CASES DOLLY GIRL DESIGN",0.42,9
"84801A",PINK HYDRANGEA ART FLOWER,2.10,6
"21285",RETROSPOT CANDLE  MEDIUM,0.39,2
"23322",LARGE WHITE HEART OF WICKER,1.97,3
"20723",STRAWBERRY CHARLOTTE BAG,0.72,7
"84858C",PINK RIVIERA HANDBAG,1.25,7
"90156",RESIN BRACELET W PASTEL BEADS,4.95,7
"23575",SNACK TRAY PAISLEY PARK,1.65,9
"22667",RECIPE BOX RETROSPOT ,2.55,4
"23022",SMALL BONNE JAM JAR  T-LIGHT HOLDER,1.79,2
"21987",PACK OF 6 SKULL PAPER CUPS,0.53,9
"84218",BOX/12 CHICK & EGG IN BASKET,1.69,13
"90040C",MURANO STYLE GLASS BRACELET GOLD,3.50,9
"22557",PLASTERS IN TIN VINTAGE PAISLEY ,1.45,12
"85130D",BEADED CRYSTAL HEART PINK LARGE,0.79,3
"85028S",FRENCH CHATEAU SMALL FRUITBOWL,1.95,9
"84877B",GREEN ROUND COMPACT MIRROR,1.25,1
"23548",WRAP MAGIC FOREST ,0.42,6
"84926D",LA PALMIERA TILE COASTER,0.29,9
"16169N",WRAP BLUE RUSSIAN FOLKART,0.42,6
"22396",MAGNETS PACK OF 4 RETRO PHOTO,0.39,3
"21226",POCKET MIRROR WOODLAND,1.25,1
"20661",BLUE POLKADOT PURSE ,2.95,7
"21868",POTTING SHED TEA MUG,1.06,9
"84387A",BIRD ON BRANCH CANVAS SCREEN,1.95,6
"22551",PLASTERS IN TIN SPACEBOY,1.45,8
"20711",JUMBO BAG TOYS ,1.65,14
"84596L",BISCUITS SMALL BOWL LIGHT BLUE,0.42,2
"23470",CARD HOLDER LOVE BIRD LARGE ,5.39,12
"23016",GLASS TWIST BON BON JAR,6.65,9
"22845",VINTAGE CREAM CAT FOOD CONTAINER,12.46,4
"23691",KEEP CALM BIRTHDAY WRAP,0.42,6
"21627",ELEPHANT CARNIVAL POUFFE,14.95,6
"23191",BUNDLE OF 3 RETRO EXERCISE BOOKS,1.65,6
"20763",DAISY SKETCHBOOK ,1.25,6
"90129D",AMBER GLASS TASSLE BAG CHARM,2.95,9
"90001D",ANTIQUE OLIVE GREEN FLOWER EARRINGS,4.25,7
"21041",RED RETROSPOT OVEN GLOVE DOUBLE,2.95,6
"21056",DOCTOR'S BAG SOFT TOY,16.63,14
"21695",SMALL SILVER FLOWER CANDLE POT,2.95,2
"22195",LARGE HEART MEASURING SPOONS,1.45,9
"84732B",CUTE BIRD CEATURE SCREEN,0.39,6
"35933",PINK STOCKING CHRISTMAS DECORATION,0.38,10
"90123D",WHITE HEART OF GLASS BRACELET,5.95,9
"21324",HANGING MEDINA LANTERN SMALL,2.95,2
"21928",JUMBO BAG SCANDINAVIAN BLUE PAISLEY,1.65,7
"21189",WHITE HONEYCOMB PAPER GARLAND ,1.65,3
"21355",TOAST ITS - I LOVE YOU ,1.05,6
"22313",OFFICE MUG WARMER PINK,1.25,9
"84691",PACK 20 DOLLY PEGS,0.72,14
"23482",PEARLISED IVORY HEART LARGE ,1.45,3
"22179",SET 10 LIGHTS NIGHT OWL,5.95,2
"82482",WOODEN PICTURE FRAME WHITE FINISH,1.92,3
"23408",PHOTO FRAME LINEN AND LACE SMALL,2.08,3
"21815",STAR  T-LIGHT HOLDER ,1.45,2
"21446","12 RED ROSE PEG PLACE SETTINGS",1.25,6
"90197B",BLACK GLASS BRACELET W HEART CHARMS,4.95,9
"81953P",ROUND ARTICULATED PINK CLOCK W/SUCK,0.19,3
"23182",TOILET SIGN OCCUPIED OR VACANT,0.72,1
"23004",TRAVEL CARD WALLET PANTRY,0.42,12
"23314",VINTAGE CHRISTMAS TABLECLOTH,10.39,9
"21377",SMALL CAMPHOR WOOD FIELD  MUSHROOM,0.39,6
"21619","4 VANILLA BOTANICAL CANDLES",1.25,2
"90003D",CRYSTAL PAIR HEART HAIR SLIDES,3.75,7
"22765",NEWSPAPER STAND,14.95,6
"84741C",CITRUS GARLAND FELT FLOWERS ,1.95,3
"23519",EMBROIDERED RIBBON REEL CLAIRE,3.29,12
"20725",LUNCH BAG RED RETROSPOT,1.45,4
"90050",CRACKED GLAZE NECKLACE IVORY,6.95,7
"90202D",PINK ENAMEL FLOWER HAIR TIE,2.95,7
"18097A",PINK TALL PORCELAIN T-LIGHT HOLDER ,2.55,2
"84945",MULTI COLOUR SILVER T-LIGHT HOLDER,0.72,2
"21065",BOOM BOX SPEAKER GIRLS,1.25,8
"75178",ASSTD COL BUTTERFLY/CRYSTAL W/CHIME,0.42,6
"22193",RED DINER WALL CLOCK,16.63,3
"90169",DAISY HAIR COMB,2.55,7
"90120B",BLUE MURANO TWIST BRACELET,4.25,7
"22623",BOX OF VINTAGE JIGSAW BLOCKS ,12.46,12
"17003",BROCADE RING PURSE ,0.16,7
"23531",WALL ART BIG LOVE ,4.76,3
"90123C",GREEN HEART OF GLASS BRACELET,5.95,9
"21670",BLUE SPOT CERAMIC DRAWER KNOB,0.85,13
"23170",REGENCY TEA PLATE ROSES ,1.45,9
"90059D",DIAMANTE HAIR GRIP PACK/2 PERIDOT,1.65,7
"20934",SET/3 POT PLANT CANDLES,4.95,2
"85055",FRENCH ENAMEL UTENSIL HOLDER,2.95,13
"22043",CHRISTMAS CARD SCREEN PRINT ,0.19,12
"85098B",BLUE FLYING SINGING CANARY,3.75,6
"22522",CHILDS GARDEN FORK BLUE ,0.72,9
"21109",LARGE CAKE TOWEL CHOCOLATE SPOTS,1.95,1
"84247G","DECOUPAGE,GREETING CARD,",0.42,12
"90214I","LETTER ""I"" BLING KEY RING",0.29,7
"21664",RIDGED GLASS STORAGE JAR CREAM LID,3.39,9
"22639",SET OF 4 NAPKIN CHARMS HEARTS,0.79,9
"21263",GREEN GOOSE FEATHER TREE 60CM,1.95,6
"84856S",SMALL TAHITI BEACH BAG,3.81,7
"90201C",RED ENAMEL FLOWER RING,2.95,7
"22804",CANDLEHOLDER PINK HANGING HEART,2.55,2
"72131",COLUMBIAN CANDLE RECTANGLE,1.65,2
"20935",ROUND CACTUS CANDLE,2.95,2
"23321",SMALL WHITE HEART OF WICKER,1.11,3
"21212",PACK OF 72 RETROSPOT CAKE CASES,0.40,9
"23294",SET OF 6 SNACK LOAF BAKING CASES,0.72,9
"21210",SET OF 72 RETROSPOT PAPER  DOILIES,1.25,6
"22832",BROCANTE SHELF WITH HOOKS,10.75,13
"79337",BLUE FLOCK GLASS CANDLEHOLDER,0.38,2
"23076",ICE CREAM SUNDAE LIP GLOSS,1.04,6
"90195A",PURPLE GEMSTONE BRACELET,2.95,7
"22598",CHRISTMAS MUSICAL ZINC TREE,0.29,10
"84459B",YELLOW METAL CHICKEN HEART ,1.25,3
"35638B",PINK/BLUE STRING CURTAIN ,1.95,7
"20758",ABSTRACT CIRCLES POCKET BOOK,0.85,6
"22125",UNION JACK HOT WATER BOTTLE ,5.95,4
"84415A",PINK FLOCK SUEDE CUSHION COVER ,1.25,11
"85145",JARDIN ETCHED GLASS LARGE BELL JAR,12.75,9
"23220",REINDEER HEART DECORATION GOLD,0.72,10
"84593",CROCHET ROSE DES CLOTHES HANGER,2.95,13
"85015",SET OF 12  VINTAGE POSTCARD SET,0.65,12
"21638",ASSORTED TUTTI FRUTTI NOTEBOOK,2.10,12
"22847",BREAD BIN DINER STYLE IVORY,11.63,4
"21564",PINK  HEART SHAPE LOVE BUCKET ,0.79,3
"23547",WRAP FLOWER SHOP  ,0.42,6
"21500",PINK POLKADOT WRAP ,0.34,6
"85163B",BLACK BAROQUE WALL CLOCK ,10.95,3
"90042A",FRESHWATER PEARL BRACELET GOLD,2.55,7
"35001W",HAND OPEN SHAPE DECO.WHITE,2.00,12
"22073",RED RETROSPOT STORAGE JAR,3.39,13
"23554",LANDMARK FRAME OXFORD STREET,10.95,3
"85135C",RED DRAGONFLY HELICOPTER,7.95,6
"23236",DOILEY BISCUIT TIN,2.49,6
"84406B",CREAM CUPID HEARTS COAT HANGER,2.75,9
"22299",PIG KEYRING WITH LIGHT & SOUND ,0.39,2
"90162D",ANT SILVER PURPLE BOUDICCA RING,2.95,7
"84569C",PACK 4 FLOWER/BUTTERFLY PATCHES,1.25,6
"22868",NUMBER TILE COTTAGE GARDEN 0 ,1.95,12
"21014",SWISS CHALET TREE DECORATION ,0.29,3
"23250",ENAMEL BOWL PANTRY,1.25,9
"22065",CHRISTMAS PUDDING TRINKET POT ,0.39,10
"20970",PINK FLORAL FELTCRAFT SHOULDER BAG,3.39,7
"35001G",HAND OPEN SHAPE GOLD,1.25,12
"21558",SKULL LUNCH BOX WITH CUTLERY ,2.10,9
"79191B",RETRO PLASTIC POLKA TRAY,0.85,9
"22578",WOODEN STAR CHRISTMAS SCANDINAVIAN,0.29,10
"16054",POPART RECT PENCIL SHARPENER ASST,0.12,12
"21284",RETROSPOT CANDLE  SMALL,0.39,2
"90136",PALE PINK/AMETHYST STONE NECKLACE,9.95,7
"90214E","LETTER ""E"" BLING KEY RING",0.29,7
"22946",WOODEN ADVENT CALENDAR CREAM,12.75,10
"22810",SET OF 6 T-LIGHTS SNOWMEN,2.55,2
"21892",TRADITIONAL WOODEN CATCH CUP GAME ,1.06,9
"20617",FIRST CLASS PASSPORT COVER ,1.69,6
"84798A",PINK FOXGLOVE ARTIIFCIAL FLOWER,2.55,6
"22042",CHRISTMAS CARD SINGING ANGEL,0.42,12
"22829",SWEETHEART WIRE WALL TIDY,8.50,3
"84968C",SET OF 16 VINTAGE PISTACHIO CUTLERY,12.75,9
"22515",CHILDS GARDEN SPADE PINK,1.85,8
"22173",METAL 4 HOOK HANGER FRENCH CHATEAU,2.55,13
"90173",PAIR BUTTERFLY HAIR CLIPS,3.75,7
"23544",WALL ART MID CENTURY MODERN ,3.95,3
"23660",HENRIETTA HEN MUG ,1.65,9
"22153",ANGEL DECORATION STARS ON DRESS,0.36,3
"22082",RIBBON REEL STRIPES DESIGN ,1.45,12
"21398",RED POLKADOT COFFEE  MUG,0.39,9
"16016",LARGE CHINESE STYLE SCISSOR,0.72,6
"84509E",SET OF 4 CAROUSEL PLACEMATS ,0.79,9
"21392",RED POLKADOT PUDDING BOWL,0.39,9
"22922",FRIDGE MAGNETS US DINER ASSORTED,0.72,6
"23472", NINE DRAWER OFFICE TIDY,12.50,13
"21519",GIN & TONIC DIET GREETING CARD ,0.36,12
"20764",ABSTRACT CIRCLES SKETCHBOOK ,3.75,6
"22269",EGG CUP NATURAL CHICKEN,0.39,9
"22967",SET 3 SONG BIRD PAPER EGGS ASSORTED,2.55,6
"23312",VINTAGE CHRISTMAS GIFT SACK,3.75,12
"20703",BLUE PADDED SOFT MOBILE,4.25,6
"90058A",CRYSTAL STUD EARRINGS CLEAR DISPLAY,0.38,7
"23336",EGG FRYING PAN PINK ,2.08,6
"90079",VINTAGE ENAMEL & CRYSTAL NECKLACE,4.95,12
"85170C",SET/6 EAU DE NIL BIRD T-LIGHTS,0.85,2
"20961",STRAWBERRY BATH SPONGE ,1.25,1
"20731",POSY CANDY BAG,1.25,7
"21735",TWO DOOR CURIO CABINET,10.95,13
"20980","36 PENCILS TUBE POSY",1.25,12
"21336",GOLD WASHBAG,2.95,7
"23275",SET OF 3 HANGING OWLS OLLIE BEAK,1.04,6
"20664",TROPICAL HOLIDAY PURSE ,2.95,7
"21895",POTTING SHED SOW 'N' GROW SET,4.25,6
"22696",WICKER WREATH LARGE,1.65,3
"35810B",ENAMEL BLUE RIM COFFEE CONTAINER,0.83,6
"23542","70'S ALPHABET WALL ART",6.67,3
"21089",SET/6 GREEN SPRING PAPER CUPS,0.19,9
"22885",NUMBER TILE VINTAGE FONT 6 ,0.42,12
"90024F",NEW BAROQUE B'FLY NECKLACE CRYSTAL,8.50,7
"20773",BLUE PAISLEY NOTEBOOK,1.65,12
"21031",SPACE CADET BLACK,1.25,6
"84974",S/2 ZINC HEART DESIGN PLANTERS,9.95,5
"84806A",PINK CANDYSTUFT ARTIFICIAL FLOWER,0.39,6
"23033",DRAWER KNOB CERAMIC RED,1.25,13
"82616C",MIDNIGHT GLAMOUR SCARF KNITTING KIT,1.25,6
"22133",PINK LOVE HEART SHAPE CUP,0.72,9
"22212",FOUR HOOK  WHITE LOVEBIRDS,1.69,13
"47593A",CAROUSEL PONIES BABY BIB,0.29,8
"71053",WHITE METAL LANTERN,3.39,2
"23360",SET 8 CANDLES VINTAGE DOILEY,1.65,2
"71495B",CD WALL TIDY RED FLOWERS,0.36,3
"90147",CHUNKY SILVER NECKLACE PASTEL FLOWE,9.95,7
"90013C",GREEN VINTAGE EARRINGS ,3.75,12
"84534B",FAIRY CAKE NOTEBOOK A5 SIZE,0.85,9
"22919",HERB MARKER MINT,0.55,6
"90180A",BLACK+WHITE NECKLACE W TASSEL,2.95,7
"85064",CREAM SWEETHEART LETTER RACK,3.88,13
"45013",FOLDING SHOE TIDY,2.95,6
"22866",HAND WARMER SCOTTY DOG DESIGN,1.79,3
"22487",WHITE WOOD GARDEN PLANT LADDER,19.96,5
"90181A",AMBER GLASS/SHELL/PEARL NECKLACE,8.95,9
"82616B",FRAPPUCINO SCARF KNITTING KIT,1.25,6
"35914",PINK CHICK EGG WARMER + EGG CUP,0.85,9
"21937",STRAWBERRY   PICNIC BAG,2.55,7
"90179C",BLACK FINE BEAD NECKLACE W TASSEL,5.95,7
"21107",CREAM SLICE FLANNEL PINK SPOT ,2.55,6
"22719",GUMBALL MONOCHROME COAT RACK,1.06,13
"84705C",PINK FLOCK PHOTO FRAME ,1.25,3
"21497",FANCY FONTS BIRTHDAY WRAP,0.34,6
"22289",HANGING METAL CHICKEN DECORATION,1.25,3
"21819",GLITTER CHRISTMAS STAR ,0.39,10
"37500",TEA TIME TEAPOT IN GIFT BOX,4.95,9
"46776B",WOVEN BERRIES CUSHION COVER ,4.95,11
"90201B",BLACK ENAMEL FLOWER RING,2.95,7
"21944",KITTENS DESIGN FLANNEL,0.39,3
"21591",COSY HOUR CIGAR BOX MATCHES ,1.06,13
"23235",BISCUIT TIN VINTAGE LEAF,2.49,12
"84919",BLUE CUSHION COVER WITH FLOWER,6.95,11
"23270",SET OF 2 CERAMIC PAINTED HEARTS ,1.25,3
"21253",SET OF PICTURE FRAME  STICKERS,0.79,12
"84968F",SET OF 16 VINTAGE SKY BLUE CUTLERY,10.95,9
"90039B",FIRE POLISHED GLASS BRACELET MONTAN,3.75,9
"85124C",GREEN JUICY FRUIT PHOTO FRAME,2.55,3
"21224",SET/4 SKULL BADGES,1.06,6
"16237",SLEEPING CAT ERASERS,0.16,12
"72807C",SET/3 VANILLA SCENTED CANDLE IN BOX,3.81,1
"22635",CHILDS BREAKFAST SET DOLLY GIRL ,8.50,14
"20830",SILVER PHOTO FRAME,2.10,3
"22558",CLOTHES PEGS RETROSPOT PACK 24 ,1.00,6
"72800D","4 BLUE DINNER CANDLES SILVER FLOCK",2.55,2
"23546",WRAP PAISLEY PARK ,0.42,6
"21358",TOAST ITS - HAPPY BIRTHDAY,1.25,6
"84535A",ENGLISH ROSE NOTEBOOK A6 SIZE,0.42,12
"84306",S/3 PINK SQUARE PLANTERS ROSES,10.95,5
"23316",RED REFECTORY CLOCK ,8.15,3
"21361",LOVE LARGE WOOD LETTERS ,10.95,6
"84968E",SET OF 16 VINTAGE BLACK CUTLERY,10.95,9
"20840",FRENCH FLORAL CUSHION COVER ,0.85,11
"85175",CACTI T-LIGHT CANDLES,0.36,2
"22749",FELTCRAFT PRINCESS CHARLOTTE DOLL,3.39,14
"22726",ALARM CLOCK BAKELIKE GREEN,3.39,3
"84192",ASSORTED COLOUR METAL CAT ,1.25,6
"23418",LAVENDER TOILETTE BOTTLE,1.79,1
"21684",SMALL MEDINA STAMPED METAL BOWL ,0.64,9
"79000",MOROCCAN TEA GLASS,0.65,9
"21562",HAWAIIAN GRASS SKIRT ,1.06,6
"22417",PACK OF 60 SPACEBOY CAKE CASES,0.42,9
"23065",LARGE DECO JEWELLERY STAND,11.15,7
"84881",BLUE WIRE SPIRAL CANDLE HOLDER,6.35,2
"23310",BUBBLEGUM RING ASSORTED,0.36,7
"48188",DOORMAT WELCOME PUPPIES,15.79,11
"22109",FULL ENGLISH BREAKFAST PLATE,3.39,9
"47574B",ENGLISH ROSE SCENTED HANGING HEART,4.25,1
"23568",EGG CUP HENRIETTA HEN CREAM ,1.04,9
"90123A",PINK HEART OF GLASS BRACELET,5.95,9
"22359",GLASS JAR KINGS CHOICE,2.95,9
"23110",PARISIENNE KEY CABINET ,4.95,13
"82001S",SILVER RECORD COVER FRAME,3.39,3
"90002D",FLOWER BURST SILVER RING CRYSTAL,3.75,7
"90200A",PURPLE SWEETHEART BRACELET,4.25,7
"90196B",BLACK GEMSTONE NECKLACE 45CM,12.75,7
"17129F",BLUE GLASS GEMS IN BAG,0.64,9
"82582",AREA PATROLLED METAL SIGN,1.69,3
"90211A",DIAMOND LAS VEGAS NECKLACE 45CM,5.95,7
"20698",LITTLE PINK MONSTER SOFT TOY,2.55,14
"22554",PLASTERS IN TIN WOODLAND ANIMALS,1.45,6
"84462","3 PINK HEN+CHICKS IN BASKET",1.25,13
"21974",SET OF 36 PAISLEY FLOWER DOILIES,1.25,6
"21378",SMALL TALL CAMPHOR WOOD TOADSTOOL,0.39,6
"21086",SET/6 RED SPOTTY PAPER CUPS,0.53,9
"23489","GARLAND, VINTAGE BELLS",2.89,12
"21476",STEEL SWEETHEART ROUND TABLE CREAM,14.95,3
"85049D",BRIGHT BLUES RIBBONS ,1.25,12
"77079",DOLPHIN WINDMILL,2.12,6
"20716",PARTY FOOD SHOPPER BAG,1.06,4
"90130B",TURQ STONE/CRYSTAL EARRINGS,2.95,7
"15044A",PINK PAPER PARASOL ,2.55,5
"22263",FELT EGG COSY LADYBIRD ,0.19,6
"22962",JAM JAR WITH PINK LID,0.72,4
"90187B",GREEN DROP EARRINGS W BEAD CLUSTER,3.35,7
"84251B","GREETING CARD, STICKY GORDON",0.19,12
"21547",CERAMIC BIRDHOUSE CRESTED TIT SMALL,2.95,5
"20772",GARDEN PATH JOURNAL,2.10,5
"21716",BOYS VINTAGE TIN SEASIDE BUCKET,2.10,12
"23487",SWEET HEART CAKE CARRIER,8.25,9
"84865",NEW BAROQUE BLACK PHOTO ALBUM,2.95,3
"84801B",WHITE HYDRANGEA ART FLOWER,2.10,6
"79323B",BLACK CHERRY LIGHTS,6.75,2
"90200D",PINK SWEETHEART BRACELET,3.75,7
"84078A",SET/4 WHITE RETRO STORAGE CUBES ,34.95,13
"22902",TOTE BAG I LOVE LONDON,1.69,7
"90081C",LILY BROOCH OLIVE COLOUR,4.95,7
"21709",FOLDING UMBRELLA CHOCOLATE POLKADOT,4.25,6
"23132",SMALL IVORY HEART WALL ORGANISER,12.46,13
"22852",DOG BOWL VINTAGE CREAM,3.75,9
"79190B",RETRO PLASTIC POLKA TRAY,0.32,9
"20759",CHRYSANTHEMUM POCKET BOOK ,0.85,6
"90158",ST TROPEZ NECKLACE,4.95,7
"82613D",METAL SIGN CUPCAKE SINGLE HOOK,0.42,9
"79151B","SILICON CUBE 25W, BLUE",0.42,6
"85177",BASKET OF FLOWERS SEWING KIT,0.64,13
"79144C",PAINTED LIGHTBULB RAINBOW DESIGN,0.37,2
"22038",BOTANICAL LAVENDER GIFT WRAP ,0.42,12
"90163B",WHITE ROSEBUD & PEARL NECKLACE,7.50,7
"84226",HEN HOUSE W FAMILY IN BARN & NEST,0.64,6
"85040B",SET/4 BLUE FLOWER CANDLES IN BOWL,1.65,2
"21576",LETS GO SHOPPING COTTON TOTE BAG,2.25,7
"21128",GOLD FISHING GNOME,1.95,6
"90125C",TURQUOISE BERTIE GLASS BEAD CHARM,0.85,9
"90108",BLUE BLOSSOM HAIR CLIP,1.05,7
"20984","12 PENCILS TALL TUBE POSY",0.29,12
"23116",VEGETABLE GARDEN CHOPPING BOARD,4.15,9
"10080",GROOVY CACTUS INFLATABLE,0.39,6
"21207",SKULL AND CROSSBONES  GARLAND ,1.45,3
"23239",SET OF 4 KNICK KNACK TINS POPPIES,1.65,6
"22960",JAM MAKING SET WITH JARS,2.95,4
"47503J",SET/3 FLORAL GARDEN TOOLS IN BAG,7.95,7
"23451",SQUARE MINI PORTRAIT FRAME,1.65,3
"22563",HAPPY STENCIL CRAFT,1.06,6
"23340",VINTAGE CHRISTMAS CAKE FRILL,1.45,9
"85031B",BLOSSOM IMAGES SCRAP BOOK SET,4.95,6
"90151",SILVER/NATURAL SHELL NECKLACE,8.50,7
"47481","50CM METAL STRING WITH  7 CLIPS",0.68,7
"22232",JIGSAW TOADSTOOLS 3 PIECE,0.59,14
"22840",ROUND CAKE TIN VINTAGE RED,15.79,9
"20901",VINTAGE KEEPSAKE BOX PINK FLOWER,6.35,12
"23403",LETTER HOLDER HOME SWEET HOME,2.48,13
"17014A",ORIGAMI VANILLA INCENSE CONES,0.42,6
"37370",RETRO COFFEE MUGS ASSORTED,1.06,9
"90059A",DIAMANTE HAIR GRIP PACK/2 CRYSTAL,1.65,7
"90214W","LETTER ""W"" BLING KEY RING",0.29,7
"21001",ROSE DU SUD WASHBAG ,5.95,7
"21700",BIG DOUGHNUT FRIDGE MAGNETS,0.85,6
"22545",MINI JIGSAW BUNNIES,0.19,14
"84313C",ORANGE TV TRAY TABLE ,1.95,9
"90161B",ANT COPPER TURQ BOUDICCA BRACELET,4.95,7
"21467",CHERRY CROCHET FOOD COVER,3.75,4
"47589",CONGRATULATIONS BUNTING,5.45,6
"22897",OVEN MITT APPLES DESIGN,1.25,3
"21905",MORE BUTTER METAL SIGN ,0.79,3
"23038",T-LIGHT HOLDER SILVER SAUCER,0.83,2
"23194",GYMKHANA TREASURE BOOK BOX,1.95,13
"23441",HAND PAINTED HANGING EASTER EGG,0.42,10
"46776C",WOVEN FROST CUSHION COVER,4.95,11
"20827",GOLD APERITIF GLASS,0.39,9
"84595E",LARGE TORTILLA DESIGN RED BOWL,1.65,9
"23093",SMALL PARISIENNE HEART PHOTO FRAME ,1.64,3
"84963B",BLUE PAINTED KASHMIRI CHAIR,49.95,7
"21745",GAOLERS KEYS DECORATIVE GARDEN ,3.39,5
"21401",BLUE PUDDING SPOON,0.12,9
"23159",SET OF 5 PANCAKE DAY MAGNETS,1.85,9
"23216",LAUREL HEART ANTIQUE GOLD,1.04,3
"82494L",WOODEN FRAME ANTIQUE WHITE ,2.55,3
"21069",VINTAGE BILLBOARD TEA MUG,1.06,9
"22932",BAKING MOULD TOFFEE CUP  CHOCOLATE,2.55,9
"84631",FRUIT TREE AND BIRDS WALL PLAQUE,7.95,3
"22559",SEASIDE FLYING DISC,1.06,6
"35598B",BLACK CHRISTMAS TREE 60CM,0.65,10
"21344",MOROCCAN BEATEN METAL DISH,9.95,6
"84614A",PINK BAROQUE FLOCK CANDLE HOLDER,5.95,2
"23526",DOG LICENCE WALL ART,3.88,3
"21559",STRAWBERRY LUNCH BOX WITH CUTLERY,2.10,9
"21829",DINOSAUR KEYRINGS ASSORTED,0.18,8
"35651",VINTAGE BEAD PINK SCARF ,1.65,12
"84584",PINK GINGHAM CAT WITH SCARF,2.55,6
"23661",MILK MAIDS MUG ,1.65,9
"22975",SPACEBOY CHILDRENS EGG CUP,1.25,9
"22476",EMPIRE UNION JACK TV DINNER TRAY,1.95,9
"23579",SNACK TRAY I LOVE LONDON,1.65,9
"22626",BLACK KITCHEN SCALES,16.63,9
"22833",HALL CABINET WITH 3 DRAWERS,32.69,13
"23515",EMBROIDERED RIBBON REEL DAISY ,1.79,12
"85103",SILVER T-LIGHT SETTING,5.95,2
"20705",MRS ROBOT SOFT TOY,1.95,14
"20869",GOLD FABRIC MIRROR,0.39,1
"84984B",RED PEONY CUSHION COVER ,4.65,11
"21896",POTTING SHED TWINE,1.85,6
"22899",CHILDREN'S APRON DOLLY GIRL ,1.85,14
"90214K","LETTER ""K"" BLING KEY RING",0.29,7
"21147",JINGLE BELLS TREE DECORATION,2.10,3
"22117",METAL SIGN HER DINNER IS SERVED ,0.85,3
"72802B",OCEAN SCENT CANDLE IN JEWELLED BOX,0.50,1
"21198",WHITE HEART CONFETTI IN TUBE,0.42,3
"23393",HOME SWEET HOME CUSHION COVER ,3.75,11
"23426",METAL SIGN DROP YOUR PANTS,1.60,3
"22316","200 BENDY SKULL STRAWS",1.06,6
"23071",MARIE ANTOIENETT TRINKET BOX GOLD,12.50,13
"35597B",BLACKCHRISTMAS TREE 30CM,1.25,10
"22642",SET OF 4 NAPKIN CHARMS STARS   ,0.79,9
"22375",AIRLINE BAG VINTAGE JET SET BROWN,3.95,12
"22660",DOORMAT I LOVE LONDON,15.79,11
"22938",CUPCAKE LACE PAPER SET 6,1.65,9
"82011A","BATHROOM SCALES, TROPICAL BEACH",3.75,1
"21830",ASSORTED CREEPY CRAWLIES,0.42,6
"82552",WASHROOM METAL SIGN,1.25,3
"23287",RED VINTAGE SPOT BEAKER,0.72,12
"23221",REINDEER HEART DECORATION SILVER,0.72,10
"21280",VINTAGE KITCHEN PRINT VEGETABLES,2.55,9
"22519",CHILDS GARDEN BRUSH PINK,1.85,8
"22531",MAGIC DRAWING SLATE CIRCUS PARADE  ,0.36,6
"84569D",PACK 6 HEART/ICE-CREAM PATCHES,1.25,3
"21577",SAVE THE PLANET COTTON TOTE BAG,2.25,7
"23087",ZINC  HEART T-LIGHT HOLDER,1.04,2
"23177",TREASURE ISLAND BOOK BOX,1.95,13
"84620",BLUE GINGHAM ROSE CUSHION COVER,5.95,11
"22346",PARTY PIZZA DISH GREEN POLKADOT,0.19,6
"22129",PARTY CONES CANDY DECORATION,0.72,3
"72122",COFFEE SCENT PILLAR CANDLE,0.95,1
"22629",SPACEBOY LUNCH BOX ,1.65,4
"23141",TRIPLE WIRE HOOK PINK HEART,0.79,13
"71038",WHITE HANGING BEADS CANDLE HOLDER,4.65,2
"35924",HANGING FAIRY CAKE DECORATION,1.69,9
"22579",WOODEN TREE CHRISTMAS SCANDINAVIAN,0.29,10
"22978",PANTRY ROLLING PIN,3.39,6
"23006",TRAVEL CARD WALLET FLOWER MEADOW,0.36,12
"23476",WOODLAND LARGE RED FELT HEART,1.25,3
"20619",TROPICAL PASSPORT COVER ,0.75,6
"22340",NOEL GARLAND PAINTED ZINC ,0.39,3
"84796A",PINK HAWAIIAN PICNIC HAMPER FOR 2,12.75,5
"22303",COFFEE MUG APPLES DESIGN,1.12,9
"22717",CARD DOG AND BALL ,0.36,12
"22509",SEWING BOX RETROSPOT DESIGN ,14.95,13
"23431",NATURAL HANGING QUILTED HEARTS ,0.72,3
"22620","4 TRADITIONAL SPINNING TOPS",1.06,6
"21481",FAWN BLUE HOT WATER BOTTLE,2.55,4
"71279",PINK GLASS CANDLEHOLDER,2.55,2
"21756",BATH BUILDING BLOCK WORD,11.63,1
"22055",MINI CAKE STAND  HANGING STRAWBERY,0.39,9
"21209",MULTICOLOUR HONEYCOMB FAN,0.39,6
"21137",BLACK RECORD COVER FRAME,3.39,3
"90196A",PURPLE GEMSTONE NECKLACE 45CM,12.75,7
"85017B",ENVELOPE 50 BLOSSOM IMAGES,0.42,12
"16202A",PASTEL PINK PHOTO ALBUM ,0.50,3
"47594A",CAROUSEL DESIGN WASHBAG,1.95,7
"22155",STAR DECORATION RUSTIC,0.42,3
"22046",TEA PARTY  WRAPPING PAPER ,0.34,12
"85131A",BEADED PEARL HEART WHITE ON STICK,0.42,3
"21293",MIRRORED DOVE WALL DECORATION,2.10,1
"90141B",IVORY PENDANT TRIPLE SHELL NECKLACE,4.95,7
"22377",BOTTLE BAG RETROSPOT ,0.85,4
"23486",ANTIQUE HEART SHELF UNIT,13.35,3
"21157",RED RETROSPOT WASHBAG,2.10,7
"22053",EMPIRE DESIGN ROSETTE,0.82,3
"90073",VINTAGE ENAMEL & CRYSTAL EARRINGS,4.95,12
"20675",BLUE POLKADOT BOWL,1.06,9
"23020",GLASS  SONGBIRD STORAGE JAR,11.15,9
"84803B",WHITE ALLIUM  ARTIFICIAL FLOWER,1.69,6
"23301",GARDENERS KNEELING PAD KEEP CALM ,1.18,5
"22317",FIVE CATS HANGING DECORATION,2.55,3
"23436",GIFT BAG LARGE VINTAGE CHRISTMAS,1.25,12
"23438", RED SPOT GIFT BAG LARGE,1.04,7
"23421",PANTRY HOOK SPATULA,2.08,13
"90125B",AQUA BERTIE GLASS BEAD BAG CHARM,0.85,9
"22119",PEACE WOODEN BLOCK LETTERS,1.95,14
"85224",ASSORTED COLOUR SILK GLASSES CASE,2.10,9
"20752",BLUE POLKADOT WASHING UP GLOVES,2.10,6
"35443",RASTA IN BATH W SPLIFF ASHTRAY,0.85,1
"22569",FELTCRAFT CUSHION BUTTERFLY,3.39,11
"22600",CHRISTMAS RETROSPOT STAR WOOD,0.72,10
"21328",BALLOONS  WRITING SET ,1.65,6
"21174",POTTERING IN THE SHED METAL SIGN,1.49,7
"22900", SET 2 TEA TOWELS I LOVE LONDON ,2.32,1
"21534",DAIRY MAID LARGE MILK JUG,4.25,9
"21623",VINTAGE UNION JACK MEMOBOARD,6.38,12
"16248B",BLUE HOLE PUNCH,1.25,6
"22625",RED KITCHEN SCALES,16.63,9
"22930",BAKING MOULD HEART MILK CHOCOLATE,2.10,9
"84978",HANGING HEART JAR T-LIGHT HOLDER,1.06,2
"22198",LARGE POPCORN HOLDER ,1.45,13
"84969",BOX OF 6 ASSORTED COLOUR TEASPOONS,3.29,9
"47590B",PINK HAPPY BIRTHDAY BUNTING,4.65,6
"20826",SILVER APERITIF GLASS,0.39,9
"84402B",PURPLE DRESS JEWELLERY STAND,0.79,7
"37379A",PINK CHERRY BLOSSOM CUP & SAUCER,1.25,9
"35004C",SET OF 3 COLOURED  FLYING DUCKS,4.65,6
"84388",WISE MAN STAR SHAPE EGG PAN,0.39,3
"85087",CANDY SPOT CUSHION COVER,2.95,11
"21787",RAIN PONCHO RETROSPOT,0.65,6
"22766",PHOTO FRAME CORNICE,2.55,3
"23445",ICE CREAM BUBBLES,0.72,6
"23556",LANDMARK FRAME COVENT GARDEN ,10.95,5
"22941",CHRISTMAS LIGHTS 10 REINDEER,6.50,2
"37476",CONDIMENT TRAY 4 BOWLS AND 4 SPOONS,8.49,9
"72802C",VANILLA SCENT CANDLE JEWELLED BOX,0.50,1
"85208",SET/12 FUNKY FELT FLOWER PEG IN BAG,1.69,7
"23565",EGG CUP MILKMAID HELGA ,1.25,9
"85185D",FROG SOCK PUPPET,2.95,6
"23203",JUMBO BAG DOILEY PATTERNS,1.65,7
"23021",GLASS BONNE JAM JAR,3.75,9
"22255",FELT TOADSTOOL  SMALL,0.85,6
"84531B",BLUE KNITTED EGG COSY,0.39,6
"21809",CHRISTMAS HANGING TREE WITH BELL,0.39,10
"90176C",DIAMANTE NECKLACE,7.50,7
"21470",FLOWER VINE RAFFIA FOOD COVER,3.75,4
"22440",BALLOON WATER BOMB PACK OF 35,0.36,6
"22256",FELT FARM ANIMAL CHICKEN,1.25,6
"35004G",SET OF 3 GOLD FLYING DUCKS,1.95,6
"82483",WOOD 2 DRAWER CABINET WHITE FINISH,14.13,13
"23304",SET 4 PICNIC CUTLERY CHERRY ,1.95,9
"21002",ROSE DU SUD DRAWSTRING BAG,4.25,7
"90202C",GREEN ENAMEL FLOWER HAIR TIE,2.95,7
"90063A",WHITE VINT ART DECO CRYSTAL NECKLAC,8.50,6
"23453",OVAL  MINI PORTRAIT FRAME,1.65,3
"16161U",WRAP SUKI AND FRIENDS,0.36,6
"22547",MINI JIGSAW DINOSAUR ,0.19,14
"72803A",ROSE SCENT CANDLE JEWELLED DRAWER,0.50,1
"90016B",GOLD/M.O.P PENDANT ORBIT NECKLACE,8.50,7
"90124B",BLUE MURANO TWIST NECKLACE,9.95,7
"85019C",CURIOUS  IMAGES NOTEBOOK SET,1.25,12
"22271",FELTCRAFT DOLL ROSIE,2.55,14
"21369",MIRRORED WALL ART SPLODGES,1.25,1
"90209B",GREEN ENAMEL+GLASS HAIR COMB,1.75,9
"90078",PINK/WHITE GLASS DEMI CHOKER,7.50,9
"84016",FLAG OF ST GEORGE CAR FLAG,0.42,6
"22383",LUNCH BAG SUKI  DESIGN ,1.45,4
"20903",VINTAGE KEEPSAKE BOX TRAVELOGUE,6.35,12
"22026",BANQUET BIRTHDAY  CARD  ,0.36,12
"22350",ILLUSTRATED CAT BOWL ,2.55,9
"90093",CLEAR CRYSTAL STAR PHONE CHARM,0.19,7
"23050",RECYCLED ACAPULCO MAT GREEN,7.45,6
"21292",SMALL STRIPES CHOCOLATE GIFT BAG ,0.19,7
"84836",ZINC METAL HEART DECORATION,1.06,3
"22416",SET OF 36 DOILIES SPACEBOY DESIGN ,1.25,8
"85078",SCANDINAVIAN 3 HEARTS NAPKIN RING,0.19,9
"22050",PINK PAISLEY ROSE GIFT WRAP,0.34,12
"21879",HEARTS GIFT TAPE,0.19,12
"21509",COWBOYS AND INDIANS BIRTHDAY CARD ,0.36,12
"21739",COSY SLIPPER SHOES SMALL GREEN,2.46,6
"23377",PACK OF 12 DOLLY GIRL TISSUES,0.39,14
"22265",EASTER DECORATION NATURAL CHICK,0.65,10
"21823",PAINTED METAL HEART WITH HOLLY BELL,0.39,3
"90021",LASER CUT MULTI STRAND NECKLACE,11.95,7
"21318",GLASS CHALICE BLUE SMALL ,0.39,9
"23183",MOTHER'S KITCHEN SPOON REST ,3.29,9
"22300",COFFEE MUG DOG + BALL DESIGN,1.12,9
"84917",WHITE HAND TOWEL WITH BUTTERFLY,1.25,1
"21222",SET/4 BADGES BEETLES,1.25,6
"90000D",COPPER/OLIVE GREEN FLOWER NECKLACE,5.95,7
"21187",WHITE BELL HONEYCOMB PAPER GARLAND ,1.45,3
"23475",WOODLAND SMALL PINK FELT HEART,0.83,3
"22149",FELTCRAFT 6 FLOWER FRIENDS,1.85,6
"22599",CHRISTMAS MUSICAL ZINC STAR,0.29,10
"23562",SET OF 6 RIBBONS PERFECTLY PRETTY  ,2.49,12
"22871",NUMBER TILE COTTAGE GARDEN 3 ,1.95,12
"23048",SET OF 10 LANTERNS FAIRY LIGHT STAR,3.75,2
"21651",HANGING GLASS ETCHED TEALIGHT,1.45,2
"72802A",ROSE SCENT CANDLE IN JEWELLED BOX,3.81,1
"82599",FANNY'S REST STOPMETAL SIGN,1.69,3
"51014L","FEATHER PEN,LIGHT PINK",0.20,2
"85026B",EAU DE NILE JEWELLED T-LIGHT HOLDER,0.85,2
"23416",CHAMBRE HOOK,0.39,13
"23075",DOUBLE CERAMIC PARLOUR HOOK,4.15,13
"10120",DOGGY RUBBER,0.21,6
"84580",MOUSE TOY WITH PINK T-SHIRT,3.75,14
"22074","6 RIBBONS SHIMMERING PINKS ",0.39,12
"22366",DOORMAT AIRMAIL ,4.58,11
"35953",FOLKART STAR CHRISTMAS DECORATIONS,0.39,10
"22607",WOODEN ROUNDERS GARDEN SET ,16.63,5
"79157B",UBO-LIGHT TRIOBASE BLUE,0.85,2
"23326",HANGING MINI COLOURED BOTTLES,0.52,4
"23039",T-LIGHT HOLDER SILVER HEART HANDLE,1.65,2
"35597D",PINK/WHITE CHRISTMAS TREE 30CM,0.38,10
"82605",OLD DOC RUSSEL METAL SIGN,2.10,3
"20847",ZINC HEART LATTICE CHARGER LARGE,3.75,3
"21287",SCENTED VELVET LOUNGE CANDLE ,0.38,1
"90161A",ANT COPPER RED BOUDICCA BRACELET,4.95,7
"22123",PING MICROWAVE APRON,0.79,6
"21688",SILVER PLATE CANDLE BOWL SMALL,2.95,2
"35916A",YELLOW FELT HANGING HEART W FLOWER,0.85,3
"90025A",BAROQUE BUTTERFLY EARRINGS BLACK,3.75,7
"23137",ZINC WIRE SWEETHEART LETTER TRAY,1.25,9
"21781",MA CAMPAGNE CUTLERY BOX,12.75,9
"22896",PEG BAG APPLE DESIGN,2.10,7
"23196",LEAVES MAGNETIC  SHOPPING LIST,1.45,6
"22809",SET OF 6 T-LIGHTS SANTA,2.55,2
"22556",PLASTERS IN TIN CIRCUS PARADE ,1.45,6
"23449",SET OF 6 EASTER RAINBOW CHICKS,1.25,10
"22420",LIPSTICK PEN BABY PINK,0.36,12
"90143",SILVER BRACELET W PASTEL FLOWER,7.50,7
"22823",CHEST NATURAL WOOD 20 DRAWERS,110.00,13
"23430",BLUE RETRO KITCHEN WALL CLOCK,8.15,9
"90192",JADE DROP EARRINGS W FILIGREE,4.95,7
"23378",PACK OF 12 50'S CHRISTMAS TISSUES,0.32,10
"16225",RATTLE SNAKE EGGS,0.39,6
"72741",GRAND CHOCOLATECANDLE,1.25,2
"84358",FLOOR LAMP SHADE WOOD BASE,8.49,6
"90214M","LETTER ""M"" BLING KEY RING",0.29,7
"71215",METAL BASE FOR CANDLES,0.42,2
"22638",SET OF 4 NAPKIN CHARMS CROWNS ,0.79,9
"84673A",PINK FLY SWAT,0.65,6
"90058B",CRYSTAL STUD EARRINGS ASSORTED COL ,0.38,7
"21194",PINK  HONEYCOMB PAPER FAN,0.65,6
"20886",BOX OF 9 PEBBLE CANDLES,1.65,2
"21730",GLASS STAR FROSTED T-LIGHT HOLDER,4.25,2
"16046",TEATIME PEN CASE & PENS,0.85,12
"23530",WALL ART ONLY ONE PERSON ,3.57,3
"22363",GLASS JAR MARMALADE ,2.55,9
"22947",WOODEN ADVENT CALENDAR RED,12.75,10
"84086B",YELLOW/BLUE RETRO RADIO,2.95,6
"22475",SKULL DESIGN TV DINNER TRAY,1.95,9
"35967",FOLK ART METAL STAR T-LIGHT HOLDER,0.38,2
"22617",BAKING SET SPACEBOY DESIGN,10.79,9
"21196",ROUND WHITE CONFETTI IN TUBE,1.65,6
"21439",BASKET OF TOADSTOOLS,1.06,13
"21624",VINTAGE UNION JACK DOORSTOP,4.95,12
"21066",VINTAGE RED MUG,0.80,9
"85034B","3 WHITE CHOC MORRIS BOXED CANDLES",1.25,2
"22980",PANTRY SCRUBBING BRUSH,1.45,13
"23382",BOX OF 6 CHRISTMAS CAKE DECORATIONS,3.29,9
"22204",MILK PAN BLUE POLKADOT,1.25,6
"22319",HAIRCLIPS FORTIES FABRIC ASSORTED,0.19,7
"22287","DECORATION , WOBBLY CHICKEN, METAL ",1.65,3
"22971",QUEENS GUARD COFFEE MUG,2.10,9
"44092C",PURPLE/COPPER HANGING LAMPSHADE,0.85,6
"22689",DOORMAT MERRY CHRISTMAS RED ,16.63,11
"21904",HOUSE WRECKING METAL SIGN ,2.10,3
"90032",IVORY SHELL HEART NECKLACE,3.13,7
"90018A",SILVER M.O.P ORBIT DROP EARRINGS,4.25,7
"47348A",FUSCHIA VOILE POINTY SHOE DEC,0.39,6
"23151",ZINC SWEETHEART SOAP DISH,0.79,1
"85136A",YELLOW SHARK HELICOPTER,7.95,6
"72133",COLUMBIAN CANDLE RECTANGLE,1.25,2
"85071D",CHARLIE+LOLA MY ROOM DOOR SIGN,0.39,8
"23325",RUSTIC STRAWBERRY JAM POT SMALL,1.45,4
"22982",PANTRY PASTRY BRUSH,1.06,6
"22954",HEN PARTY CORDON BARRIER TAPE,1.25,12
"21245",GREEN POLKADOT PLATE ,1.45,9
"16161M",WRAP  PINK FLOCK,0.42,6
"90142D",MOP PENDANT SHELL NECKLACE,4.95,7
"22969",HOMEMADE JAM SCENTED CANDLES,1.25,1
"23031",DOORKNOB CRACKED GLAZE PINK,1.65,13
"84568",GIRLS ALPHABET IRON ON PATCHES ,0.17,8
"22329",ROUND CONTAINER SET OF 5 RETROSPOT,1.45,6
"21326",AGED GLASS SILVER T-LIGHT HOLDER,0.55,2
"23532",WALL ART WORK REST AND PLAY  ,1.95,3
"90210C",RED   ACRYLIC FACETED BANGLE,1.00,6
"20667",CHERRY BLOSSOM PURSE,2.95,7
"84012",MAGIC SHEEP WOOL GROWING FROM PAPER,0.85,6
"20910",VINTAGE PHOTO ALBUM PARIS DAYS,6.35,12
"23152",IVORY SWEETHEART WIRE LETTER RACK ,3.39,13
"79336",LIGHT PINK FLOCK GLASS CANDLEHOLDER,0.38,2
"72798C",SET/4 GARDEN ROSE DINNER CANDLE,1.65,2
"85124B",BLUE JUICY FRUIT PHOTO FRAME,2.55,3
"85230B",CINNAMON SCENTED VOTIVE CANDLE,0.21,1
"35818B","ACRYLIC JEWEL ICICLE, BLUE",0.38,7
"35909B",PINK FLOWERS RABBIT EASTER,2.95,10
"21026",SPACE OWL,1.06,6
"85169D",PINK LOVE BIRD CANDLE,0.42,2
"22596",CHRISTMAS STAR WISH LIST CHALKBOARD,0.39,10
"22561",WOODEN SCHOOL COLOURING SET,1.45,7
"84984D",ORIENTAL RED CUSHION COVER ,4.65,11
"22114",HOT WATER BOTTLE TEA AND SYMPATHY,3.45,4
"90014B",GOLD M PEARL  ORBIT NECKLACE,9.95,7
"23306",SET OF 36 DOILIES PANTRY DESIGN,1.25,3
"21314",SMALL GLASS HEART TRINKET POT,0.85,9
"22664",TOY TIDY DOLLY GIRL DESIGN,0.79,14
"21826",EIGHT PIECE DINOSAUR SET,1.25,8
"23358",HOT STUFF HOT WATER BOTTLE,1.25,4
"21055",TOOL BOX SOFT TOY ,16.63,14
"85189",HANGING BUTTERFLY  EGG,0.85,6
"20983","12 PENCILS TALL TUBE RED RETROSPOT",0.72,12
"79160",HEART SHAPE WIRELESS DOORBELL,1.69,3
"22247",BUNNY DECORATION MAGIC GARDEN,0.72,5
"35971",ROSE FOLKART HEART DECORATIONS,0.42,3
"85071B",RED CHARLIE+LOLA PERSONAL DOORSIGN,0.38,8
"23299","FOOD COVER WITH BEADS , SET 2 SIZES",3.75,4
"23480",MINI LIGHTS WOODLAND MUSHROOMS,3.29,2
"22168",ORGANISER WOOD ANTIQUE WHITE ,7.65,13
"23541","WALL ART ,PUDDINGS ",7.45,3
"20892",SET/3 TALL GLASS CANDLE HOLDER PINK,12.75,2
"21648",ASSORTED TUTTI FRUTTI SMALL PURSE,1.06,7
"22335",HEART DECORATION PAINTED ZINC ,0.55,3
"46776F",WOVEN ROSE GARDEN CUSHION COVER ,4.95,5
"21763",VINTAGE WOODEN BAR STOOL,20.00,12
"23045",PAPER LANTERN 5 POINT STAR MOON ,4.15,2
"22693",GROW A FLYTRAP OR SUNFLOWER IN TIN,0.86,6
"22135",LADLE LOVE HEART PINK,0.42,3
"22414",DOORMAT NEIGHBOURHOOD WITCH ,15.79,11
"84029G",KNITTED UNION FLAG HOT WATER BOTTLE,3.39,4
"90148",LONG SILVER NECKLACE PASTEL FLOWER,12.75,7
"21015",DARK BIRD HOUSE TREE DECORATION,0.29,5
"22138",BAKING SET 9 PIECE RETROSPOT ,0.70,9
"21620",SET OF 4 ROSE BOTANICAL CANDLES,1.25,2
"84522",PINK PARTY SUNGLASSES,1.95,9
"84549",CROCHET WHITE RABBIT KEYRING ,1.45,7
"72024U",LILAC VOTIVE CANDLE,0.21,2
"85053",FRENCH ENAMEL CANDLEHOLDER,1.69,2
"21356",TOAST ITS - FAIRY FLOWER,0.83,6
"23534",STOP FOR TEA WALL ART,3.88,3
"20681",PINK POLKADOT CHILDRENS UMBRELLA,3.25,8
"22045",SPACEBOY GIFT WRAP,0.34,12
"84466",TOP SECRET PEN SET,1.25,12
"90214Z","LETTER ""Z"" BLING KEY RING",0.29,7
"21389",IVORY HANGING DECORATION  BIRD,0.85,3
"22945",CHRISTMAS METAL TAGS ASSORTED ,0.72,12
"21673",WHITE SPOT BLUE CERAMIC DRAWER KNOB,0.85,13
"23099",FRENCH CARRIAGE LANTERN,5.75,2
"23055",IVORY CHANDELIER T-LIGHT HOLDER,1.00,2
"79320",FLAMINGO LIGHTS,4.95,2
"35968",FOLK ART METAL HEART T-LIGHT HOLDER,0.20,2
"84755",COLOUR GLASS T-LIGHT HOLDER HANGING,0.55,2
"21722",SWEET PUDDING STICKER SHEET,0.85,12
"22469",HEART OF WICKER SMALL,1.10,3
"21257",VICTORIAN SEWING BOX MEDIUM,15.79,13
"20835",FRENCH LATTICE CUSHION COVER ,0.83,11
"21839",MUMMY MOUSE RED GINGHAM RIBBON,5.45,12
"35095A",BLUE VICTORIAN FABRIC OVAL BOX,0.29,13
"48173C",DOORMAT BLACK FLOCK ,4.58,11
"18097C",WHITE TALL PORCELAIN T-LIGHT HOLDER,1.95,2
"85006",SET 4 NURSERY DES ROUND BOXES,0.85,13
"90059C",DIAMANTE HAIR GRIP PACK/2 MONTANA,1.65,7
"22349",DOG BOWL CHASING BALL DESIGN,2.46,9
"84031A",CHARLIE+LOLA RED HOT WATER BOTTLE ,1.25,4
"22494",EMERGENCY FIRST AID TIN ,1.06,6
"21816",CHRISTMAS TREE T-LIGHT HOLDER,1.45,2
"22816",CARD MOTORBIKE SANTA,0.36,12
"84766",SILVER ROCOCO CANDLE STICK,1.95,2
"22282","12 EGG HOUSE PAINTED WOOD",10.95,6
"22826",LOVE SEAT ANTIQUE WHITE METAL,175.00,6
"20707",CRAZY DAISY HEART DECORATION,1.06,3
"16254",TRANSPARENT ACRYLIC TAPE DISPENSER,0.85,12
"21416",CLAM SHELL LARGE,3.75,6
"23302",KNEELING MAT HOUSEWORK  DESIGN,0.79,3
"23290",SPACEBOY CHILDRENS BOWL,1.05,9
"22755",SMALL PURPLE BABUSHKA NOTEBOOK ,0.20,12
"21429",RED GINGHAM ROSE JEWELLERY BOX,1.45,7
"21411",GINGHAM HEART  DOORSTOP RED,1.95,3
"16008",SMALL FOLDING SCISSOR(POINTED EDGE),0.08,6
"23692",WRAP A PRETTY THANK YOU,0.42,6
"21563",RED HEART SHAPE LOVE BUCKET ,0.79,3
"85062",PEARL CRYSTAL PUMPKIN T-LIGHT HLDR,1.45,2
"21116",OWL DOORSTOP,4.25,6
"23212",HEART WREATH DECORATION WITH BELL,1.04,3
"22628",PICNIC BOXES SET OF 3 RETROSPOT ,4.25,5
"20798",CLEAR MILKSHAKE GLASS,1.65,9
"20866",BLUE ROSE FABRIC MIRROR,1.06,1
"22141",CHRISTMAS CRAFT TREE TOP ANGEL,1.85,10
"23181",BULL DOG BOTTLE TOP WALL CLOCK,7.50,4
"22294",HEART FILIGREE DOVE  SMALL,1.06,3
"85161",ACRYLIC GEOMETRIC LAMP,16.95,6
"71403","PINK/WHITE ""KEEP CLEAN"" BULLET BIN",2.95,13
"22275",WEEKEND BAG VINTAGE ROSE PAISLEY,7.65,12
"22103",MIRROR MOSAIC T-LIGHT HOLDER ROUND,0.39,1
"22767",TRIPLE PHOTO FRAME CORNICE ,6.72,3
"23319",BOX OF 6 MINI 50'S CRACKERS,2.08,13
"21807",WHITE CHRISTMAS STAR DECORATION,0.42,10
"21279",VINTAGE KITCHEN PRINT FRUITS,2.55,9
"21878",PACK OF 6 SANDCASTLE FLAGS ASSORTED,0.72,6
"85184C",S/4 VALENTINE DECOUPAGE HEART BOX,1.25,13
"23133",LARGE IVORY HEART WALL ORGANISER,5.66,13
"22472",TV DINNER TRAY DOLLY GIRL,1.95,9
"37423",WHITE WITH BLACK CATS PLATE,0.39,9
"85049H",URBAN BLACK RIBBONS ,0.83,12
"21288",STRIPEY CHOCOLATE NESTING BOXES,2.55,13
"22887",NUMBER TILE VINTAGE FONT 8,0.42,12
"21804",WHITE CHRISTMAS GARLAND STARS TREES,3.39,10
"23581",JUMBO BAG PAISLEY PARK,1.75,7
"17011F",ORIGAMI SANDLEWOOD INCENSE+FLOWER,0.65,6
"84804A",CREAM DELPHINIUM ARTIFICIAL FLOWER,0.79,6
"22461",SAVOY ART DECO CLOCK,10.95,3
"90160D",PINK BOUDICCA LARGE BRACELET,6.95,7
"22669",RED BABY BUNTING ,2.55,8
"21258",VICTORIAN SEWING BOX LARGE,10.95,13
"90185C",BLACK DIAMANTE EXPANDABLE RING,4.25,7
"22034",ROBIN CHRISTMAS CARD,0.42,12
"22230",JIGSAW TREE WITH WATERING CAN,0.29,14
"16156S",WRAP PINK FAIRY CAKES ,0.34,9
"90129C",GREEN GLASS TASSLE BAG CHARM,2.95,9
"22075","6 RIBBONS ELEGANT CHRISTMAS ",0.39,12
"20820",SILVER LOOKING MIRROR,4.95,1
"22891",TEA FOR ONE POLKADOT,3.75,6
"23096",PETIT TRAY CHIC,1.45,9
"85126",LARGE ROUND CUTGLASS CANDLESTICK,6.75,2
"90175D",TIGRIS EYE CHUNKY CHARM BRACELET,8.95,7
"23335",EGG FRYING PAN IVORY ,1.85,6
"23003",TRAVEL CARD WALLET VINTAGE ROSE ,0.36,12
"21788",KIDS RAIN MAC BLUE,0.65,8
"84870C",GREEN GEISHA GIRL ,3.75,8
"22890",NOVELTY BISCUITS CAKE STAND 3 TIER,19.96,9
"84879",ASSORTED COLOUR BIRD ORNAMENT,1.45,3
"23245",SET OF 3 REGENCY CAKE TINS,10.79,9
"21773",DECORATIVE ROSE BATHROOM BOTTLE,0.42,1
"22870",NUMBER TILE COTTAGE GARDEN 2,1.95,12
"85232B",SET OF 3 BABUSHKA STACKING TINS,4.25,6
"22037",ROBOT BIRTHDAY CARD,0.36,12
"84748",FOLK FELT HANGING MULTICOL GARLAND,3.75,3
"22723",SET OF 6 HERB TINS SKETCHBOOK,1.25,6
"23458",DOLLY CABINET 3 DRAWERS ,14.95,14
"23432",PRETTY HANGING QUILTED HEARTS,0.72,3
"22356",CHARLOTTE BAG PINK POLKADOT,0.72,7
"22146",EASTER CRAFT IVY WREATH WITH CHICK,1.95,10
"90190C",SILVER/AMETHYST DROP EARRINGS LEAF,2.95,7
"84975",HEART SHAPED MIRROR,1.69,1
"21785",RAIN PONCHO ,0.65,6
"22307",GOLD MUG BONE CHINA TREE OF LIFE,1.06,9
"84820",DANISH ROSE TRINKET TRAYS,0.79,9
"85132C",CHARLIE AND LOLA FIGURES TINS,1.95,8
"22468",BABUSHKA LIGHTS STRING OF 10,13.29,2
"21129",SILVER FISHING GNOME ,12.46,6
"21386",IVORY HANGING DECORATION  EGG,0.19,3
"22508",DOORSTOP RETROSPOT HEART,3.39,3
"23052",RECYCLED ACAPULCO MAT TURQUOISE,7.45,6
"90214A","LETTER ""A"" BLING KEY RING",0.29,7
"22191",IVORY DINER WALL CLOCK,7.65,3
"72349B",SET/6 PURPLE BUTTERFLY T-LIGHTS,1.69,2
"35915C",PEACH KNITTED HEN ,1.65,6
"23566",EGG CUP MILKMAID HEIDI,1.04,9
"21818",GLITTER CHRISTMAS HEART ,0.85,10
"84913A",SOFT PINK ROSE TOWEL ,4.65,1
"22254",FELT TOADSTOOL LARGE,1.06,6
"22374",AIRLINE BAG VINTAGE JET SET RED,3.95,12
"62043B",BLUE CHECK BAG W HANDLE 34X20CM,0.83,7
"72127",COLUMBIAN CANDLE ROUND ,1.06,2
"90018C",SILVER BLACK ORBIT DROP EARRINGS,4.25,7
"21218",RED SPOTTY BISCUIT TIN,3.25,6
"23308",SET OF 60 VINTAGE LEAF CAKE CASES ,0.42,9
"84712B",PINK JEWELLED PHOTO FRAME,6.36,7
"23206",LUNCH BAG APPLE DESIGN,1.45,4
"84989A","75 GREEN FAIRY CAKE CASES",0.55,9
"21808","CHRISTMAS GARLAND STARS,TREES",1.25,10
"22549",PICTURE DOMINOES,1.25,14
"23069",EDWARDIAN PHOTO FRAME,6.25,3
"22207",FRYING PAN UNION FLAG,3.75,6
"16259",PIECE OF CAMO STATIONERY SET,0.08,6
"85035C",ROSE 3 WICK MORRIS BOX CANDLE,1.25,2
"21706",FOLDING UMBRELLA RED/WHITE POLKADOT,4.25,6
"22185",SLATE TILE NATURAL HANGING,0.79,6
"22171","3 HOOK PHOTO SHELF ANTIQUE WHITE",5.88,13
"17021",NAMASTE SWAGAT INCENSE,0.24,6
"23109",LED TEA LIGHTS,2.49,2
"22795",SWEETHEART RECIPE BOOK STAND,0.70,4
"23396",BUTTERFLY CUSHION COVER,3.75,11
"21877",HOME SWEET HOME MUG,1.06,9
"23167",SMALL CERAMIC TOP STORAGE JAR ,0.69,13
"22700",BLACK AND WHITE DOG BOWL,0.85,9
"22089",PAPER BUNTING VINTAGE PAISLEY,2.55,12
"21158",MOODY GIRL DOOR HANGER ,0.39,8
"85194L",HANGING SPRING FLOWER EGG LARGE,0.72,7
"21757",LIGHTHOUSE PRINTED METAL SIGN,4.95,2
"23422",PANTRY HOOK BALLOON WHISK ,2.08,13
"22858",EASTER TIN KEEPSAKE,1.45,10
"22188",BLACK HEART CARD HOLDER,2.31,12
"20796",SMALL BLUE PROVENCAL CERAMIC BALL,1.65,6
"21088",SET/6 FRUIT SALAD PAPER CUPS,0.19,9
"23329",DECORATIVE WICKER HEART LARGE,1.45,3
"90214O","LETTER ""O"" BLING KEY RING",0.29,7
"22653",BUTTON BOX ,1.63,13
"16169K",WRAP FOLK ART,0.42,6
"71459",HANGING JAM JAR T-LIGHT HOLDER,0.72,2
"23527",ANIMALS AND NATURE WALL ART,3.29,3
"22849",BREAD BIN DINER STYLE MINT,11.63,4
"21871",SAVE THE PLANET MUG,0.80,9
"21370",MIRRORED WALL ART FOXY,1.65,1
"22085",PAPER CHAIN KIT SKULLS ,2.55,12
"35241",ENAMEL BLUE RIM BISCUIT BIN,4.25,13
"22094",RED RETROSPOT TISSUE BOX,0.39,13
"44242A",LILAC FEATHERS CURTAIN,0.79,11
"84231",EASTER BUNNY WITH BASKET ON BACK,0.65,13
"84576",BLUE CAT BISCUIT BARREL PINK HEART,1.95,3
"71270",PHOTO CLIP LINE,1.25,3
"16219",HOUSE SHAPE PENCIL SHARPENER,0.06,12
"90162C",ANT SILVER FUSCHIA BOUDICCA RING,2.95,7
"90036B","FLOWER GLASS GARLAND NECKL.36""GREEN",7.95,9
"84949",SILVER HANGING T-LIGHT HOLDER,1.45,2
"23525",BUFFALO BILL WALL ART ,3.29,3
"21523",DOORMAT FANCY FONT HOME SWEET HOME,15.79,11
"20659",ECONOMY LUGGAGE TAG,1.06,12
"21557",SET OF 6 FUNKY BEAKERS,2.55,6
"22730",ALARM CLOCK BAKELIKE IVORY,3.39,3
"23467",VINTAGE ZINC PLANTER  ,3.29,12
"90036C","FLOWER GLASS GARLAND NECKL.36""BLUE",7.95,9
"21063",PARTY INVITES JAZZ HEARTS,0.85,3
"23005",TRAVEL CARD WALLET I LOVE LONDON,0.36,12
"23051",RECYCLED ACAPULCO MAT BLUE,7.45,6
"90176B",DIAMANTE NECKLACE BLACK ,7.50,7
"22485",SET OF 2 WOODEN MARKET CRATES,10.95,6
"17007B",S/3 POT POURI CUSHIONS BLUE COLOURS,2.10,11
"23172",REGENCY TEA PLATE PINK,1.45,9
"47518F",ICON PLACEMAT POP ART ELVIS,0.12,9
"21190",PINK HEARTS PAPER GARLAND,1.45,3
"22647",CERAMIC LOVE HEART MONEY BANK,0.39,3
"21248",DOOR HANGER  MUM + DADS ROOM,1.45,13
"22737",RIBBON REEL CHRISTMAS PRESENT ,1.65,12
"47556B",TEA TIME TEA TOWELS ,2.10,1
"22398",MAGNETS PACK OF 4 SWALLOWS,0.39,3
"21708",FOLDING UMBRELLA CREAM POLKADOT,4.25,6
"23094",LE GRAND TRAY CHIC SET,12.50,9
"21935",SUKI  SHOULDER BAG,1.45,7
"90177A",CLASSIC DIAMANTE EARRINGS JET,2.95,7
"84499",BLACK FLOWER CANDLE PLATE,0.85,2
"16236",KITTY PENCIL ERASERS,0.16,12
"22092",BLUE PAISLEY TISSUE BOX,0.39,13
"17165D",ASS COL LARGE SAND FROG P'WEIGHT,1.05,6
"84795B",SUNSET CHECK HAMMOCK,6.95,6
"84279P",CHERRY BLOSSOM  DECORATIVE FLASK,3.39,4
"22104",MIRROR MOSAIC CANDLE PLATE,0.42,1
"21199",PINK  HEART CONFETTI IN TUBE,0.42,3
"11001",ASSTD DESIGN RACING CAR PEN,1.27,3
"22977",DOLLY GIRL CHILDRENS EGG CUP,1.25,9
"23089",GLASS BON BON JAR,1.45,9
"90012A",MIDNIGHT BLUE DROP CRYSTAL NECKLACE,2.95,7
"85146",JARDIN ETCHED GLASS SMALL BELL JAR,1.95,9
"21100",CHARLIE AND LOLA CHARLOTTE BAG,1.65,8
"90194",SILVER LARIAT BLACK STONE EARRINGS,4.25,7
"90035A","PEARL & SHELL 42""NECKL. GREEN",10.75,6
"22736",RIBBON REEL MAKING SNOWMEN ,1.45,12
"35970",ZINC FOLKART SLEIGH BELLS,1.49,6
"22443",GROW YOUR OWN HERBS SET OF 3,7.95,6
"35599D",PINK AND WHITE CHRISTMAS TREE 120CM,1.95,10
"85116",BLACK CANDELABRA T-LIGHT HOLDER,0.65,2
"22488",NATURAL SLATE RECTANGLE CHALKBOARD,1.45,6
"20761",BLUE PAISLEY SKETCHBOOK,3.75,6
"23013",GLASS APOTHECARY BOTTLE TONIC,3.45,9
"79321",CHILLI LIGHTS,12.46,2
"22918",HERB MARKER PARSLEY,0.55,6
"15030",FAN BLACK FRAME ,0.29,3
"84707A",SILVER JEWELLED MIRROR TRINKET TRAY,1.95,1
"79163",BLACK CHAMPAGNE GLASS,0.39,9
"82578",KITCHEN METAL SIGN,0.42,9
"84913B",MINT GREEN ROSE TOWEL,4.65,1
"35810A",ENAMEL PINK COFFEE CONTAINER,0.83,6
"23154",SET OF 4 JAM JAR MAGNETS,1.85,4
"90120D",WHITE MURANO TWIST BRACELET,4.25,7
"21393",BLUE POLKADOT PUDDING BOWL,0.39,9
"21135",VICTORIAN  METAL POSTCARD SPRING,0.20,12
"20775",DAISY NOTEBOOK ,1.65,12
"22691",DOORMAT WELCOME SUNRISE,15.79,11
"21632",VINTAGE PINK DECORATIVE PARASOL,3.95,12
"22643",SET OF 4 NAPKIN CHARMS LEAVES   ,0.79,9
"22585",PACK OF 6 BIRDY GIFT TAGS,1.06,12
"22827",RUSTIC  SEVENTEEN DRAWER SIDEBOARD,145.00,13
"21244",BLUE POLKADOT PLATE ,1.45,9
"22839","3 TIER CAKE TIN GREEN AND CREAM",12.75,9
"23077",DOUGHNUT LIP GLOSS ,1.04,6
"84380",SET OF 3 BUTTERFLY COOKIE CUTTERS,1.06,6
"21614",SET OF 12 ROSE BOTANICAL T-LIGHTS,2.95,2
"16162L",THE KING GIFT BAG,0.65,7
"21641",ASSORTED TUTTI FRUTTI KEYRING BALL,0.29,7
"23630",SET 10 CARDS HANGING BAUBLES 17080,2.99,12
"84970S",HANGING HEART ZINC T-LIGHT HOLDER,0.64,2
"22703",PINK CAT BOWL,0.59,9
"23339",EGG FRYING PAN BLUE ,2.08,6
"23398",HANGING HEART BONHEUR,0.72,3
"23083",SET 6 PAPER TABLE LANTERN STARS ,3.29,2
"21221",SET/4 BADGES CUTE CREATURES,1.25,6
"22854",CREAM SWEETHEART EGG HOLDER,4.25,13
"22783",SET 3 WICKER OVAL BASKETS W LIDS,12.48,13
"90010A",MIDNIGHT BLUE GLASS/SILVER BRACELET,8.95,9
"21213",PACK OF 72 SKULL CAKE CASES,0.40,9
"21586",KINGS CHOICE GIANT TUBE MATCHES,2.10,6
"21874",GIN AND TONIC MUG,0.95,9
"21618","4 WILDFLOWER BOTANICAL CANDLES",1.25,2
"84689",S/2 BEACH HUT TREASURE CHESTS,2.00,6
"85227",SET OF 6 3D KIT CARDS FOR KIDS,0.64,12
"22592",CARDHOLDER HOLLY WREATH METAL,3.39,12
"23173",REGENCY TEAPOT ROSES ,19.96,9
"23111",PARISIENNE SEWING BOX,10.40,13
"22792",FLUTED ANTIQUE CANDLE HOLDER,0.72,2
"22591",CARDHOLDER GINGHAM CHRISTMAS TREE,2.55,12
"22923",FRIDGE MAGNETS LES ENFANTS ASSORTED,0.72,6
"84596B",SMALL DOLLY MIX DESIGN ORANGE BOWL,0.42,9
"21711",FOLDING UMBRELLA WHITE/RED POLKADOT,4.25,6
"23347",I LOVE LONDON BEAKER,1.08,6
"22565",FELTCRAFT HAIRBANDS PINK AND WHITE ,0.85,7
"72799C",PINK PILLAR CANDLE SILVER FLOCK,0.79,2
"20756",GREEN FERN POCKET BOOK,0.85,6
"47585A",PINK FAIRY CAKE CUSHION COVER,3.75,9
"22061",LARGE CAKE STAND  HANGING STRAWBERY,2.95,9
"23332",IVORY WICKER HEART LARGE,1.45,3
"16048",TEATIME ROUND PENCIL SHARPENER ,0.12,12
"21975",PACK OF 60 DINOSAUR CAKE CASES,0.40,9
"90055",CRACKED GLAZE EARRINGS BROWN,2.55,7
"23502",PLAYING CARDS VINTAGE DOILEY ,1.25,12
"84598",BOYS ALPHABET IRON ON PATCHES,0.21,8
"90027A",GLASS BEAD HOOP EARRINGS BLACK,2.95,9
"21724",PANDA AND BUNNIES STICKER SHEET,0.85,12
"22880",NUMBER TILE VINTAGE FONT 1,0.42,12
"22210",WOOD STAMP SET BEST WISHES,0.50,6
"47503H",ASS FLORAL PRINT SPIRIT LEVEL ,0.79,6
"21988",PACK OF 6 SKULL PAPER PLATES,0.64,9
"22752",SET 7 BABUSHKA NESTING BOXES,16.63,13
"21441",BLUE BIRDHOUSE DECORATION,0.19,5
"23036",T-LIGHT HOLDER SILVER PETIT FOUR ,1.25,2
"21094",SET/6 RED SPOTTY PAPER PLATES,0.64,9
"85231G",ORANGE SCENTED SET/9 T-LIGHTS,0.72,1
"84731","3 BIRDS CANVAS SCREEN",0.39,6
"85061W",WHITE JEWELLED HEART DECORATION,0.64,7
"21211",SET OF 72 SKULL PAPER  DOILIES,1.25,6
"23551",PACK OF 12 PAISLEY PARK TISSUES ,0.39,6
"84921",CREAM AND PINK FLOWERS PONY ,3.75,6
"22621",TRADITIONAL KNITTING NANCY,1.25,6
"21033",JUMBO BAG CHARLIE AND LOLA TOYS,1.65,14
"84873A",FUNKY FLOWER PICNIC BAG FOR 4,16.95,7
"16015",MEDIUM CHINESE STYLE SCISSOR,0.36,6
"21725",SWEETIES  STICKERS,0.85,12
"23285",PINK VINTAGE SPOT BEAKER,0.72,12
"81950B",FLOWER BLUE CLOCK WITH SUCKER,0.29,3
"84842",HELLO SAILOR BATHROOM SET,3.75,1
"20768",GREEN FERN JOURNAL ,2.10,6
"15056N",EDWARDIAN PARASOL NATURAL,1.95,5
"90129F",RED GLASS TASSLE BAG CHARM,2.95,9
"84993A","75 GREEN PETIT FOUR CASES",0.42,6
"84206C",CHAMPAGNE TRAY BLANK CARD,0.19,9
"22688",DOORMAT PEACE ON EARTH BLUE,15.79,11
"16216",LETTER SHAPE PENCIL SHARPENER,0.06,12
"23425",STORAGE TIN HOME SWEET HOME,0.79,13
"79157V",UBO-LIGHT TRIOBASE PURPLE,0.85,2
"22505",MEMO BOARD COTTAGE DESIGN,10.79,12
"47590A",BLUE HAPPY BIRTHDAY BUNTING,10.79,6
"21034",REX CASH+CARRY JUMBO SHOPPER,0.95,6
"22268",DECORATION SITTING BUNNY,0.19,3
"22872",NUMBER TILE COTTAGE GARDEN 4,1.95,12
"72800E","4 IVORY DINNER CANDLES SILVER FLOCK",0.79,2
"22759",SET OF 3 NOTEBOOKS IN PARCEL,1.45,12
"22040",BOTANICAL ROSE GIFT WRAP,0.42,12
"90033",IVORY SHELL HEART EARRINGS,2.55,7
"20696",FLORAL SOFT CAR TOY,3.75,14
"90191",SILVER LARIAT 40CM,12.75,6
"23496",PANTRY KITCHEN THERMOMETER ,1.25,9
"22614",PACK OF 12 SPACEBOY TISSUES,0.29,8
"20837",FRENCH FLORAL CUSHION COVER ,0.83,11
"22743",MAKE YOUR OWN FLOWERPOWER CARD KIT,0.79,12
"47310M",SMALL POP BOX FUNKY MONKEY,1.05,13
"23068",ALUMINIUM HEART,2.49,3
"84251G","GREETING CARD, OVERCROWDED POOL.",0.19,12
"21976",PACK OF 60 MUSHROOM CAKE CASES,0.42,9
"44092B",BLUE WHITE PLASTIC RINGS LAMPSHADE,0.85,7
"23597",PAPER BUNTING PAISLEY PARK,2.55,6
"21913",VINTAGE SEASIDE JIGSAW PUZZLES,3.39,12
"22097",SWALLOW SQUARE TISSUE BOX,0.39,13
"84799",SPRIG LAVENDER ARTIFICIAL FLOWER,0.42,6
"22090",PAPER BUNTING RETROSPOT,2.55,6
"21790",VINTAGE SNAP CARDS,0.58,12
"23483",HANGING  BUTTERFLY T-LIGHT HOLDER,1.04,2
"16012",FOOD/DRINK SPONGE STICKERS,0.21,4
"23420",PANTRY HOOK TEA STRAINER ,2.08,13
"22121",NOEL WOODEN BLOCK LETTERS ,11.63,14
"21587",COSY HOUR GIANT TUBE MATCHES,2.10,6
"23313",VINTAGE CHRISTMAS BUNTING,10.79,12
"90098",NECKLACE+BRACELET PINK BUTTERFLY,2.55,7
"21054",NURSE'S BAG SOFT TOY,8.95,14
"84550",CROCHET LILAC/RED BEAR KEYRING,1.65,7
"84711B",PINK OVAL SHAPE TRINKET BOX,9.95,13
"62094B",TURQ ICE CREAM BUM BAG ,2.55,7
"22162",HEART GARLAND RUSTIC PADDED,2.95,3
"22083",PAPER CHAIN KIT RETROSPOT,2.55,12
"23494",VINTAGE DOILY DELUXE SEWING KIT ,4.95,12
"84201B",HAPPY BIRTHDAY CARD STRIPEY TEDDY,0.19,12
"85016",SET OF 6 VINTAGE NOTELETS KIT,0.65,12
"23282",FOLDING BUTTERFLY MIRROR IVORY ,0.72,1
"62074B",ELEPHANT CLIP W SUCTION CUP,0.42,9
"22584",PACK OF 6 PANETTONE GIFT BOXES,2.10,13
"90199B","5 STRAND GLASS NECKLACE AMETHYST",6.35,9
"23286",BLUE VINTAGE SPOT BEAKER,0.72,12
"21402",RED  EGG  SPOON,0.12,9
"90022",EDWARDIAN DROP EARRINGS JET BLACK,3.75,7
"46776E",WOVEN CANDY CUSHION COVER ,4.95,11
"21683",MEDIUM MEDINA STAMPED METAL BOWL ,2.95,9
"90164A",PINK ROSEBUD PEARL BRACELET,1.95,7
"22990",COTTON APRON PANTRY DESIGN,1.95,3
"84840",SWEETHEART CARRY-ALL BASKET,8.50,13
"21581",SKULLS  DESIGN  COTTON TOTE BAG,2.25,7
"84313B",BLUE TV TRAY TABLE ,1.95,9
"21131",GOLD STANDING GNOME,1.25,6
"22088",PAPER BUNTING COLOURED LACE,2.55,6
"22047",EMPIRE GIFT WRAP,0.34,12
"90125A",PINK BERTIE GLASS BEAD BAG CHARM,0.85,9
"20972",PINK CREAM FELT CRAFT TRINKET BOX ,1.06,13
"84750B",BLACK SMALL GLASS CAKE STAND,0.39,9
"21136",PAINTED METAL PEARS ASSORTED,1.45,6
"85049C",ROMANTIC PINKS RIBBONS ,1.06,12
"21403",BLUE EGG  SPOON,0.12,9
"22029",SPACEBOY BIRTHDAY CARD,0.36,12
"84006",MAGIC TREE -PAPER FLOWERS,0.85,6
"90141C",TURQ PENDANT TRIPLE SHELL NECKLACE,4.95,7
"23117",POPPY FIELDS CHOPPING BOARD,4.95,9
"22894",TABLECLOTH RED APPLES DESIGN ,8.15,9
"90057",DIAMANTE RING ASSORTED IN BOX.,1.25,7
"16169M",WRAP DAISY CARPET ,0.42,6
"22906","12 MESSAGE CARDS WITH ENVELOPES",1.45,12
"85067",CREAM SWEETHEART WALL CABINET,16.95,13
"85172",HYACINTH BULB T-LIGHT CANDLES,0.42,2
"90129E",PURPLE GLASS TASSLE BAG CHARM,2.95,9
"85144",JARDIN ETCHED GLASS BUTTER DISH,7.25,9
"23442","12 HANGING EGGS HAND PAINTED",2.08,6
"47570B",TEA TIME TABLE CLOTH,10.65,6
"23345", DOLLY GIRL BEAKER,1.08,14
"90190A",SILVER/CRYSTAL DROP EARRINGS W LEAF,2.95,7
"20618",QUEEN OF THE SKIES PASSPORT COVER ,1.69,6
"22165","DIAMANTE HEART SHAPED WALL MIRROR, ",10.75,1
"85163A",WHITE BAROQUE WALL CLOCK ,10.95,3
"22983",CARD BILLBOARD FONT,0.36,12
"90208",PAIR OF PINK FLOWER CLUSTER SLIDE,2.55,6
"70006",LOVE HEART POCKET WARMER,0.42,3
"22246","GARLAND, MAGIC GARDEN 1.8M",1.95,5
"84732D",CUTE RABBIT CEATURE SCREEN ,0.39,6
"21721",CANDY SHOP  STICKER SHEET,0.85,12
"47341B",BLUE TABLE RUN FLOWER,1.25,6
"22772",PINK DRAWER KNOB ACRYLIC EDWARDIAN,0.85,13
"22051",BLUE SCANDINAVIAN PAISLEY WRAP,0.42,6
"23135",SMALL ZINC HEART WALL ORGANISER,3.32,13
"90214R","LETTER ""R"" BLING KEY RING",0.29,7
"20700",GREEN CAT FLORAL CUSHION COVER ,3.75,11
"23498",CLASSIC BICYCLE CLIPS ,1.25,6
"22828",REGENCY MIRROR WITH SHUTTERS,145.00,1
"85008",SET OF 3 CONEY ISLAND OVAL BOXES,1.50,13
"22889",NUMBER TILE VINTAGE FONT No ,0.75,12
"21171",BATHROOM METAL SIGN ,1.25,1
"22616",PACK OF 12 LONDON TISSUES ,0.20,6
"90010E",AMBER GLASS/SILVER BRACELET,8.95,9
"23148",MINIATURE ANTIQUE ROSE HOOK IVORY,0.72,13
"23300",GARDENERS KNEELING PAD CUP OF TEA ,1.18,9
"22920",HERB MARKER BASIL,0.55,6
"22180",RETROSPOT LAMP,8.50,6
"79071B",ENGLISH ROSE METAL WASTE BIN,2.95,13
"84531A",PINK KNITTED EGG COSY,0.39,6
"23226",FILIGREE HEART DAISY WHITE,1.04,3
"22844",VINTAGE CREAM DOG FOOD CONTAINER,16.63,4
"22686",FRENCH BLUE METAL DOOR SIGN No,1.01,3
"22633",HAND WARMER UNION JACK,1.79,6
"90083",CRYSTAL CZECH CROSS PHONE CHARM,0.19,7
"84800S",SMALL WHITE/PINK ROSE ART FLOWER,1.06,6
"85088",CANDY SPOT HAND BAG,1.69,7
"22846",BREAD BIN DINER STYLE RED ,11.63,4
"22156",HEART DECORATION WITH PEARLS ,0.72,3
"21692",SILVER LATTICE VANILLA CANDLE POT,3.75,2
"21622",VINTAGE UNION JACK CUSHION COVER,4.25,12
"16161P",WRAP ENGLISH ROSE ,0.34,6
"79067",CORONA MEXICAN TRAY,2.95,9
"85034A","3 GARDENIA MORRIS BOXED CANDLES",1.25,2
"21628",TRIANGULAR POUFFE VINTAGE ,12.75,12
"84849D",HOT BATHS SOAP HOLDER,1.69,1
"22236",CAKE STAND 3 TIER MAGIC GARDEN,10.95,9
"22722",SET OF 6 SPICE TINS PANTRY DESIGN,3.45,3
"84279B",CHERRY BLOSSOM DECORATIVE FLASK,3.39,4
"22594",CHRISTMAS GINGHAM TREE,0.72,10
"23027",DRAWER KNOB VINTAGE GLASS HEXAGON,2.08,9
"85230E",STRAWBRY SCENTED VOTIVE CANDLE,0.21,1
"23410",CURIO CABINET LINEN AND LACE ,7.05,13
"90060B",FIRE POLISHED GLASS NECKL GOLD,5.95,9
"22917",HERB MARKER ROSEMARY,0.55,6
"35809A",ENAMEL PINK TEA CONTAINER,0.83,6
"23391", I LOVE LONDON MINI BACKPACK,3.75,6
"23512",EMBROIDERED RIBBON REEL ROSIE,1.79,12
"22728",ALARM CLOCK BAKELIKE PINK,3.39,3
"21789",KIDS RAIN MAC PINK,0.65,8
"90186A",AMETHYST HOOP EARRING FLORAL LEAF,2.95,7
"22564",ALPHABET STENCIL CRAFT,1.06,6
"84341B",SMALL PINK MAGIC CHRISTMAS TREE,0.38,10
"90176D",DIAMANTE NECKLACE PURPLE,7.50,7
"37330",BIG POLKADOT MUG,0.39,9
"84461","12 PINK HEN+CHICKS IN BASKET",2.55,13
"22311",OFFICE MUG WARMER BLACK+SILVER ,2.55,9
"22502",PICNIC BASKET WICKER 60 PIECES,649.50,5
"21949",SET OF 6 STRAWBERRY CHOPSTICKS,1.06,6
"90018B",GOLD M.O.P ORBIT DROP EARRINGS,4.25,7
"21479",WHITE SKULL HOT WATER BOTTLE ,3.39,4
"22130",PARTY CONE CHRISTMAS DECORATION ,0.72,10
"23088",ZINC HEART FLOWER T-LIGHT HOLDER,1.04,2
"22953",BIRTHDAY BANNER TAPE,1.25,12
"21945",STRAWBERRIES  DESIGN FLANNEL ,0.39,3
"21420",OYSTER TRINKET BOX,0.79,13
"84946",ANTIQUE SILVER T-LIGHT GLASS,1.06,2
"22762",CUPBOARD 3 DRAWER MA CAMPAGNE,12.75,9
"21524",DOORMAT SPOTTY HOME SWEET HOME,16.63,11
"85180A",RED HEARTS LIGHT CHAIN ,1.25,2
"85170D",SET/6 PINK BIRD T-LIGHT CANDLES,0.85,2
"22170",PICTURE FRAME WOOD TRIPLE PORTRAIT,13.29,3
"21934",SKULL SHOULDER BAG,1.45,7
"37471",MULTICOLOUR POLKADOT PLATE,0.85,9
"21201",TROPICAL  HONEYCOMB PAPER GARLAND ,2.10,3
"15058C",ICE CREAM DESIGN GARDEN PARASOL,3.95,5
"21609",SET 12 LAVENDER  BOTANICAL T-LIGHTS,2.55,2
"84876D",BLUE HEART COMPACT MIRROR,1.25,1
"20985",HEART CALCULATOR,1.06,3
"22886",NUMBER TILE VINTAGE FONT 7,0.42,12
"23028",DOORKNOB CRACKED GLAZE BLUE,1.45,13
"22233",JIGSAW RABBIT AND BIRDHOUSE,0.59,14
"23540","WALL ART , THE MAGIC FOREST ",6.95,3
"23243",SET OF TEA COFFEE SUGAR TINS PANTRY,1.71,6
"84457",SET/3 RABBITS FLOWER SKIPPPING ROPE,0.85,6
"21011",GLITTER SNOW PEAR TREE DECORATION,1.45,3
"21991",BOHEMIAN COLLAGE STATIONERY SET,1.25,6
"22706",WRAP COWBOYS  ,0.34,8
"85186A",EASTER BUNNY GARLAND OF FLOWERS,0.42,10
"84575A",PINK DOG CANNISTER,1.95,6
"84875B",GREEN SQUARE COMPACT MIRROR,1.25,1
"22391",PAPERWEIGHT HOME SWEET HOME,0.39,6
"23010",CIRCUS PARADE BABY GIFT SET,14.95,8
"20803",SMALL PINK GLASS SUNDAE DISH,0.39,9
"22281",EASTER TREE YELLOW BIRDS,5.95,10
"85130B",BEADED CRYSTAL HEART GREEN LARGE,0.79,3
"85152",HAND OVER THE CHOCOLATE   SIGN ,1.49,3
"21414",SCALLOP SHELL SOAP DISH,2.10,1
"22656",VINTAGE BLUE KITCHEN CABINET,125.00,9
"22572",ROCKING HORSE GREEN CHRISTMAS ,0.72,10
"90184A",AMBER CHUNKY BEAD BRACELET W STRAP,8.95,7
"23131",MISELTOE HEART WREATH CREAM,4.15,3
"90037B",TINY CRYSTAL BRACELET GREEN,2.55,7
"23474",WOODLAND SMALL BLUE FELT HEART,0.83,3
"21742",LARGE ROUND WICKER PLATTER ,5.95,6
"23283",DOORMAT VINTAGE LEAF,15.79,12
"21784",SHOE SHINE BOX ,9.95,13
"22428",ENAMEL FIRE BUCKET CREAM,14.13,6
"21584",RETROSPOT SMALL TUBE MATCHES,1.45,6
"22712",CARD DOLLY GIRL ,0.36,12
"22272",FELTCRAFT DOLL MARIA,2.55,14
"22609",PENS ASSORTED SPACEBALL,0.19,12
"21897",POTTING SHED CANDLE CITRONELLA,2.55,2
"46000S",POLYESTER FILLER PAD 40x40cm,1.45,6
"22862",LOVE HEART NAPKIN BOX ,4.25,9
"22976",CIRCUS PARADE CHILDRENS EGG CUP ,1.25,9
"37479B",CUBIC MUG FLOCK BLUE ON BROWN,0.39,9
"23292",SPACE BOY CHILDRENS CUP,1.05,9
"90130A",WHITE STONE/CRYSTAL EARRINGS,2.95,7
"17090D",VANILLA INCENSE 40 CONES IN TIN,1.25,6
"17084P",DRAGONS BLOOD INCENSE,0.21,6
"22861",EASTER TIN CHICKS IN GARDEN,1.65,5
"22848",BREAD BIN DINER STYLE PINK,10.00,4
"35832",WOOLLY HAT SOCK GLOVE ADVENT STRING,2.95,7
"84882",GREEN WIRE STANDING CANDLE HOLDER,3.75,2
"35965",FOLKART HEART NAPKIN RINGS,0.79,9
"23537",I LOVE LONDON WALL ART,4.95,3
"22231",JIGSAW TREE WITH BIRDHOUSE,0.59,14
"84563B",BLUE & WHITE BREAKFAST TRAY,2.95,9
"22427",ENAMEL FLOWER JUG CREAM,11.63,9
"22337",ANGEL DECORATION PAINTED ZINC ,0.55,3
"84745A",PINK HANGING GINGHAM EASTER HEN,0.42,10
"22194",BLACK DINER WALL CLOCK,8.50,3
"21352",EUCALYPTUS & PINECONE  WREATH,2.95,3
"21161",KEEP OUT BOYS DOOR HANGER ,1.45,8
"84510A",SET OF 4 ENGLISH ROSE COASTERS,1.06,9
"22039",BOTANICAL LILY GIFT WRAP,0.42,12
"23121",PACK OF 6 COCKTAIL PARASOL STRAWS,0.36,5
"21661",VINTAGE GLASS TEA CADDY,5.95,9
"22285","DECORATION HEN ON NEST, HANGING",1.65,3
"22640",SET OF 4 NAPKIN CHARMS 3 KEYS ,0.79,9
"20767",BLUE PAISLEY JOURNAL ,2.10,6
"23342",MINT DINER CLOCK,8.50,3
"21408",SPOTTY PINK DUCK DOORSTOP,1.95,6
"21359",RELAX LARGE WOOD LETTERS,12.95,6
"35599B",BLACK CHRISTMAS TREE 120CM,1.95,10
"84927A",WAKE UP COCKEREL TILE HOOK,0.39,13
"23115",RED APPLES CHOPPING BOARD   ,4.15,9
"22134",LADLE LOVE HEART RED ,0.42,3
"22111",SCOTTIE DOG HOT WATER BOTTLE,3.45,4
"23026",DRAWER KNOB VINTAGE GLASS STAR,1.79,9
"90160B",RED BOUDICCA LARGE BRACELET,6.95,7
"84971S",SMALL HEART FLOWERS HOOK ,0.39,13
"22733","3D TRADITIONAL CHRISTMAS STICKERS",1.25,12
"23130",MISELTOE HEART WREATH ,3.75,3
"21155",RED RETROSPOT PEG BAG,2.10,7
"17084N",FAIRY DREAMS INCENSE ,0.16,6
"85093",CANDY SPOT EGG WARMER HARE,0.39,6
"90209A",PURPLE ENAMEL+GLASS HAIR COMB,1.75,9
"23078",ICE CREAM PEN LIP GLOSS ,1.04,12
"16010",FOLDING CAMPING SCISSOR W/KNIF & S,0.12,6
"22750",FELTCRAFT PRINCESS LOLA DOLL,3.39,14
"85131C",BEADED CRYSTAL HEART BLUE ON STICK,0.83,3
"21327",SKULLS WRITING SET ,1.65,6
"23303",SET 4 PICNIC CUTLERY FONDANT,1.95,9
"21668",RED STRIPE CERAMIC DRAWER KNOB,1.06,13
"75131",METAL TUBE CHIME ON BAMBOO,1.00,6
"17191A",ROSE FLOWER CANDLE+INCENSE 16X16CM,3.75,2
"21144",PINK POODLE HANGING DECORATION ,0.38,3
"16156L",WRAP CAROUSEL,0.42,6
"90076",MONTANA DIAMOND CLUSTER EARRINGS,2.55,7
"21911",GARDEN METAL SIGN ,1.65,5
"23399",HOME SWEET HOME HANGING HEART,0.72,3
"21867",PINK UNION JACK  LUGGAGE TAG,1.06,12
"35964",FOLKART CLIP ON STARS,0.39,3
"23517",EMBROIDERED RIBBON REEL REBECCA ,2.49,12
"21289",LARGE STRIPES CHOCOLATE GIFT BAG,1.25,7
"20992",JAZZ HEARTS PURSE NOTEBOOK,0.39,12
"84875D",BLUE SQUARE COMPACT MIRROR,1.25,1
"22583",PACK OF 6 HANDBAG GIFT BOXES,2.55,7
"23042",PAPER LANTERN 7 POINT SNOW STAR,6.65,2
"22708",WRAP DOLLY GIRL,0.34,14
"21367",MIRRORED WALL ART GENTS,0.75,1
"84683",CLASSICAL ROSE CANDLESTAND,0.65,2
"22151",PLACE SETTING WHITE HEART,0.36,3
"15056BL",EDWARDIAN PARASOL BLACK,1.95,5
"37333","RETRO ""TEA FOR ONE"" ",1.95,6
"90120C",GREEN MURANO TWIST BRACELET,4.25,7
"21332",MOROCCAN BEATEN METAL MIRROR,12.75,1
"84559B","3D SHEET OF CAT STICKERS",0.85,12
"21626",VINTAGE UNION JACK PENNANT,1.95,12
"85071C","CHARLIE+LOLA""EXTREMELY BUSY"" SIGN",0.38,8
"22379",RECYCLING BAG RETROSPOT ,1.85,7
"22533",MAGIC DRAWING SLATE BAKE A CAKE ,0.27,9
"71477",COLOUR GLASS. STAR T-LIGHT HOLDER,2.75,2
"84823",DANISH ROSE FOLDING CHAIR,7.95,7
"35598A",DUSTY PINK CHRISTMAS TREE 60CM,2.95,10
"22361",GLASS JAR DAISY FRESH COTTON WOOL,2.55,9
"84692",BOX OF 24 COCKTAIL PARASOLS,0.32,5
"22393",PAPERWEIGHT VINTAGE COLLAGE,0.39,12
"84535B",FAIRY CAKES NOTEBOOK A6 SIZE,0.42,9
"84708B",PINK JEWELLED PHOTO FRAME ,4.25,7
"84509G",SET OF 4 FAIRY CAKE PLACEMATS ,1.25,9
"37491B",BLUE/YELLOW CERAMIC CANDLE HOLDER,1.65,2
"90199A","5 STRAND GLASS NECKLACE BLACK",6.35,9
"23510",MINI PLAYING CARDS GYMKHANA,0.36,12
"90012B",BLACK DROP CRYSTAL NECKLACE,2.95,7
"35645",VINTAGE BEAD PINK JEWEL BOX,4.25,12
"21374",MIRRORED WALL ART SKULLS,1.25,1
"22768",FAMILY PHOTO FRAME CORNICE,19.96,3
"35095B",RED VICTORIAN FABRIC OVAL BOX,0.29,13
"22761",CHEST 7 DRAWER MA CAMPAGNE,21.95,13
"23409",PHOTO FRAME LINEN AND LACE LARGE,3.29,3
"35637C",PINK STRING CURTAIN WITH POLE,1.95,7
"16014",SMALL CHINESE STYLE SCISSOR,0.32,6
"78033",FLAG OF ST GEORGE CHAIR,4.25,7
"85038","6 CHOCOLATE LOVE HEART T-LIGHTS",1.69,2
"23218",LAUREL STAR ANTIQUE GOLD,1.04,3
"21217",RED RETROSPOT ROUND CAKE TINS,8.95,9
"37489C",GREEN/BLUE FLOWER DESIGN BIG MUG,0.39,9
"22452",MEASURING TAPE BABUSHKA PINK,1.63,12
"85231B",CINAMMON SET OF 9 T-LIGHTS,0.72,2
"22154",ANGEL DECORATION 3 BUTTONS ,0.36,3
"90059F",DIAMANTE HAIR GRIP PACK/2 LT ROSE,1.65,7
"23086",ZINC  STAR T-LIGHT HOLDER ,1.04,2
"22264",FELT FARM ANIMAL WHITE BUNNY ,0.19,6
"21265",PINK GOOSE FEATHER TREE 60CM,1.95,6
"22692",DOORMAT WELCOME TO OUR HOME,15.79,11
"90103",PURPLE FRANGIPANI NECKLACE,2.55,7
"20785",FUSCHIA RETRO BAR STOOL,35.95,6
"23582",VINTAGE DOILY JUMBO BAG RED ,1.75,12
"84947",ANTIQUE SILVER TEA GLASS ENGRAVED,1.06,9
"15058B",PINK POLKADOT GARDEN PARASOL,6.75,5
"21122",SET/10 PINK POLKADOT PARTY CANDLES,1.06,2
"17084R",ASSORTED INCENSE PACK,0.16,6
"22763",KEY CABINET MA CAMPAGNE,8.50,13
"35591T",TURQUOISE CHRISTMAS TREE ,1.25,10
"22457",NATURAL SLATE HEART CHALKBOARD ,2.55,3
"22632",HAND WARMER RED POLKA DOT,1.85,6
"84931A",PINK SCOTTIE DOG W FLOWER PATTERN,2.55,6
"23106",ZINC HEARTS PLANT POT HOLDER,0.79,5
"23134",LARGE ZINC HEART WALL ORGANISER,5.88,13
"22516",CHILDS GARDEN RAKE BLUE,1.85,8
"21983",PACK OF 12 BLUE PAISLEY TISSUES ,0.29,6
"23187",FRENCH STYLE STORAGE JAR BONBONS,0.28,13
"21320",GLASS CHALICE GREEN  LARGE ,0.79,9
"85199L",LARGE HANGING IVORY & RED WOOD BIRD,0.53,6
"35961",FOLKART ZINC HEART CHRISTMAS DEC,0.72,10
"23514",EMBROIDERED RIBBON REEL SALLY ,1.79,12
"22679",FRENCH BLUE METAL DOOR SIGN 4,1.19,3
"22360",GLASS JAR ENGLISH CONFECTIONERY,2.55,9
"22400",MAGNETS PACK OF 4 HOME SWEET HOME,0.39,6
"21710",FOLDING UMBRELLA PINKWHITE POLKADOT,4.25,6
"22405",MONEY BOX POCKET MONEY DESIGN,0.39,13
"35809B",ENAMEL BLUE RIM TEA CONTAINER,0.83,6
"21932",SCANDINAVIAN PAISLEY PICNIC BAG,1.65,7
"21348",PINK SPOTS CHOCOLATE NESTING BOXES ,2.55,13
"21095",SET/6 POSIES PAPER PLATES,0.85,9
"21981",PACK OF 12 WOODLAND TISSUES ,0.21,6
"35911A",MULTICOLOUR RABBIT EGG WARMER,0.83,6
"90025F",BAROQUE BUTTERFLY EARRINGS CRYSTAL,3.75,7
"21972",SET OF 36 DINOSAUR PAPER DOILIES,1.45,8
"21650",ASSORTED TUTTI FRUTTI BRACELET,0.19,7
"90214U","LETTER ""U"" BLING KEY RING",0.29,7
"90176A",CLASSIC DIAMANTE NECKLACE JET,7.50,7
"10124G",ARMY CAMO BOOKCOVER TAPE,0.42,12
"23536",VILLAGE SHOW WALL ART,3.89,3
"23178",JAM CLOCK MAGNET,1.25,4
"16043",POP ART PUSH DOWN RUBBER ,0.12,6
"20719",WOODLAND CHARLOTTE BAG,0.72,7
"22704",WRAP RED APPLES ,0.34,6
"90030C",BROWN KUKUI COCONUT SEED NECKLACE,1.00,7
"21364",PEACE SMALL WOOD LETTERS,6.75,6
"23193",BUFFALO BILL TREASURE BOOK BOX,1.95,13
"72815","3 WICK CHRISTMAS BRIAR CANDLE ",3.75,2
"20831",GOLD PHOTO FRAME,0.79,3
"35923",CANDY HEART HANGING DECORATION,0.39,3
"85107",CUT GLASS T-LIGHT HOLDER OCTAGON,1.69,2
"22252",BIRDCAGE DECORATION TEALIGHT HOLDER,1.06,2
"21882",SKULLS TAPE,0.19,12
"84746",PINK EASTER HENS+FLOWER,3.75,10
"22150","3 STRIPEY MICE FELTCRAFT",1.65,6
"90063B",BLACK VINT ART DEC CRYSTAL NECKLACE,8.50,7
"21260",FIRST AID TIN,2.75,6
"23411", TRELLIS COAT RACK,4.15,13
"47594B",SCOTTIES DESIGN WASHBAG,1.95,7
"84247K","FOLK ART GREETING CARD,pack/12",2.95,12
"22345",PARTY PIZZA DISH BLUE POLKADOT,0.19,6
"85199S",SMALL HANGING IVORY/RED WOOD BIRD,0.42,6
"85198",ASSORTED FARMYARD ANIMALS IN BUCKET,0.64,6
"22673",FRENCH GARDEN SIGN BLUE METAL,1.06,5
"22764","RUSTIC WOODEN CABINET, GLASS DOORS",24.95,9
"23523",TREASURE AHOY WALL ART,2.66,3
"22546",MINI JIGSAW PURDEY,0.19,14
"84859B",BLUE DISCO HANDBAG,1.95,7
"22796",PHOTO FRAME 3 CLASSIC HANGING,8.50,3
"20771",CHRYSANTHEMUM  JOURNAL,2.55,6
"79164",BLACK WINE GLASS,0.39,9
"22376",AIRLINE BAG VINTAGE JET SET WHITE,3.95,12
"85230G",ORANGE VOTIVE CANDLE,0.21,2
"22100",SKULLS SQUARE TISSUE BOX,0.39,13
"84927E",FLOWERS TILE HOOK,0.39,13
"21733",RED HANGING HEART T-LIGHT HOLDER,2.55,2
"23205",CHARLOTTE BAG ALPHABET  DESIGN,0.72,7
"90026D",GLASS BEAD HOOP NECKLACE AMETHYST,8.50,9
"85106",CUT GLASS HEXAGON T-LIGHT HOLDER,1.69,2
"35922",EASTER BUNNY WREATH,4.95,10
"84199",GLOW IN DARK DOLPHINS,0.21,6
"22835",HOT WATER BOTTLE I AM SO POORLY,4.25,4
"22364",GLASS JAR DIGESTIVE BISCUITS,2.55,9
"22241",GARLAND WOODEN HAPPY EASTER,1.06,10
"23529",DOLLY GIRL WALL ART,2.66,14
"84707B",PINK JEWELLED MIRROR TRINKET TRAY,1.95,1
"23419",HOME SWEET HOME BOTTLE ,1.79,4
"47420",ASSORTED COLOUR SUCTION CUP HOOK,0.19,9
"22450",SILK PURSE BABUSHKA BLUE,2.95,7
"23424",GINGHAM RECIPE BOOK BOX,4.15,4
"21166",COOK WITH WINE METAL SIGN ,1.40,3
"21539",RED RETROSPOT BUTTER DISH,4.25,6
"21461",BLUE EASTER EGG HUNT START POST,1.95,10
"22676",FRENCH BLUE METAL DOOR SIGN 1,1.19,3
"20878",SET/9 CHRISTMAS T-LIGHTS SCENTED ,1.25,1
"22798",ANTIQUE GLASS DRESSING TABLE POT,2.55,9
"22624",IVORY KITCHEN SCALES,16.63,9
"21908",CHOCOLATE THIS WAY METAL SIGN,1.48,3
"21231",SWEETHEART CERAMIC TRINKET BOX,1.06,13
"23350",ROLL WRAP VINTAGE SPOT ,1.04,12
"22358",KINGS CHOICE TEA CADDY ,2.55,6
"20674",GREEN POLKADOT BOWL,1.06,9
"20718",RED RETROSPOT SHOPPER BAG,1.06,7
"85111",SILVER GLITTER FLOWER VOTIVE HOLDER,0.29,13
"20969",RED FLORAL FELTCRAFT SHOULDER BAG,3.39,7
"21621",VINTAGE UNION JACK BUNTING,16.63,12
"84789",ENCHANTED BIRD PLANT CAGE,2.95,5
"21537",RED RETROSPOT PUDDING BOWL,3.75,9
"23564",EGG CUP MILKMAID INGRID,1.04,9
"84926F",PSYCHEDELIC TILE COASTER,0.29,9
"35817P","ACRYLIC JEWEL SNOWFLAKE,PINK",2.55,7
"84033",FLAG OF ST GEORGE ,1.65,6
"21749",LARGE RED RETROSPOT WINDMILL,1.85,6
"22023",EMPIRE BIRTHDAY CARD,0.42,12
"22324",BLUE POLKADOT KIDS BAG,1.65,8
"21162",TOXIC AREA  DOOR HANGER ,0.39,13
"84997A",CHILDRENS CUTLERY POLKADOT GREEN ,3.39,9
"23219",LAUREL STAR ANTIQUE SILVER ,1.04,3
"22224",WHITE LOVEBIRD LANTERN,2.55,2
"72783",BLACK SIL'T SQU CANDLE PLATE ,2.10,2
"85225",BLING KEY RING STAND,1.00,7
"84874B",BLUE TRAVEL FIRST AID KIT,1.65,6
"23324",RUSTIC STRAWBERRY JAM POT LARGE ,1.85,4
"47591D",PINK FAIRY CAKE CHILDRENS APRON,1.65,9
"23334",IVORY WICKER HEART SMALL,0.55,3
"21111","SWISS ROLL TOWEL, CHOCOLATE  SPOTS",1.25,1
"20670",VIP HOLIDAY PURSE,2.95,7
"21191",LARGE WHITE HONEYCOMB PAPER BELL  ,1.69,6
"22288",HANGING METAL RABBIT DECORATION,1.25,3
"85130A",BEADED PEARL HEART WHITE LARGE,1.65,3
"21371",MIRRORED WALL ART POPPIES,0.75,1
"23305",SET 4 PICNIC CUTLERY BLUEBERRY,1.95,9
"23263",SET OF 3 WOODEN HEART DECORATIONS,1.04,3
"22534",MAGIC DRAWING SLATE SPACEBOY ,0.36,8
"22395",PAPERWEIGHT VINTAGE PAISLEY,0.39,12
"51008",AFGHAN SLIPPER SOCK PAIR,2.95,6
"16011",ANIMAL STICKERS,0.21,12
"20902",VINTAGE KEEPSAKE BOX PARIS DAYS,5.55,12
"90201D",GREEN ENAMEL FLOWER RING,2.95,7
"21251",DINOSAUR HEIGHT CHART STICKER SET,2.95,12
"85027L",FRENCH CHATEAU LARGE PLATTER ,1.95,6
"22987",WRAP SUMMER ROSE DESIGN,0.42,3
"21528",DAIRY MAID TRADITIONAL TEAPOT ,5.95,9
"37462E","PET MUG, GOLDFISH",0.19,9
"47471",RAINBOW PEGS PHOTO CLIP STRING,0.53,7
"23112",PARISIENNE CURIO CABINET,6.65,13
"84805B",BLUE CLIMBING HYDRANGA ART FLOWER,1.25,13
"21051",RIBBONS PURSE ,2.10,12
"90059E",DIAMANTE HAIR GRIP PACK/2 RUBY,1.65,7
"21690",SILVER  CANDLEPOT JARDIN ,3.75,2
"22746",POPPY'S PLAYHOUSE LIVINGROOM ,1.85,14
"85114B",IVORY ENCHANTED FOREST PLACEMAT,1.45,9
"22907",PACK OF 20 NAPKINS PANTRY DESIGN,0.64,9
"84876B",GREEN HEART COMPACT MIRROR,1.25,1
"23034",DRAWER KNOB CERAMIC BLACK,1.25,13
"22059",CERAMIC STRAWBERRY DESIGN MUG,0.39,9
"23056",CRYSTAL CHANDELIER T-LIGHT HOLDER,6.25,2
"90084",PINK CRYSTAL GUITAR PHONE CHARM,0.85,7
"22615",PACK OF 12 CIRCUS PARADE TISSUES ,0.25,6
"20933",YELLOW POT PLANT CANDLE,2.95,2
"21275",ZINC TOP  2 DOOR WOODEN SHELF ,14.95,6
"22800",ANTIQUE TALL SWIRLGLASS TRINKET POT,3.39,9
"21422",PORCELAIN ROSE SMALL,0.72,6
"21503",TOYBOX  WRAP ,0.34,14
"23375","50'S CHRISTMAS PAPER GIFT BAG",0.72,7
"22684",FRENCH BLUE METAL DOOR SIGN 9,1.19,3
"84665",SQUARE CHERRY BLOSSOM CABINET,5.95,13
"84660B",BLACK STITCHED WALL CLOCK,0.79,3
"23272",TREE T-LIGHT HOLDER WILLIE WINKIE,0.39,2
"20832",RED FLOCK LOVE HEART PHOTO FRAME,0.39,3
"84247E",PACK OF 12 CHRISTMAS FUN CARDS,2.95,12
"90028",NEW BAROQUE LARGE NECKLACE BLK/WHIT,8.50,7
"85129C",BEADED CRYSTAL HEART BLUE SMALL,1.25,3
"84559A","3D SHEET OF DOG STICKERS",0.85,12
"21426",WOODLAND STORAGE BOX SMALL,1.85,13
"23017",APOTHECARY MEASURING JAR,11.15,7
"22279",POCKET BAG BLUE PAISLEY RED SPOT,1.06,7
"22959",WRAP CHRISTMAS VILLAGE,0.34,10
"20868",SILVER FABRIC MIRROR,0.39,1
"20662",FIRST CLASS HOLIDAY PURSE ,2.95,7
"84839",SWEETHEART KEY CABINET,5.55,13
"22273",FELTCRAFT DOLL MOLLY,2.30,14
"22603",CHRISTMAS RETROSPOT TREE WOOD,0.72,10
"84609",TALL ROCOCO CANDLE HOLDER,7.25,2
"85025B",EAU DE NILE HEART SHAPE PHOTO FRAME,1.45,3
"22705",WRAP GREEN PEARS ,0.42,6
"22102",MIRROR MOSAIC T-LIGHT HOLDER ,0.39,1
"23404",HOME SWEET HOME BLACKBOARD,3.26,6
"23025",DRAWER KNOB VINTAGE GLASS BALL,2.08,9
"23227",FILIGREE HEART BUTTERFLY WHITE ,1.04,3
"90124C",GREEN MURANO TWIST NECKLACE,9.95,7
"84880",WHITE WIRE EGG HOLDER,4.95,13
"48194",DOORMAT HEARTS,15.79,11
"22406",MONEY BOX KINGS CHOICE DESIGN,0.39,13
"22176",BLUE OWL SOFT TOY,2.55,14
"21064",BOOM BOX SPEAKER BOYS,1.25,8
"22979",PANTRY WASHING UP BRUSH,1.25,6
"22399",MAGNETS PACK OF 4 CHILDHOOD MEMORY,1.06,8
"22646",CERAMIC STRAWBERRY CAKE MONEY BANK,0.39,9
"22367",CHILDRENS APRON SPACEBOY DESIGN,1.65,8
"21243",PINK  POLKADOT PLATE ,1.45,9
"84519A",TOMATO CHARLIE+LOLA COASTER SET,1.25,9
"22606",WOODEN SKITTLES GARDEN SET,12.75,5
"85136C",RED SHARK HELICOPTER,7.95,6
"22537",MAGIC DRAWING SLATE DINOSAUR,0.42,8
"22952","60 CAKE CASES VINTAGE CHRISTMAS",0.42,9
"23452",HEART MINI PORTRAIT FRAME,1.65,3
"21518",BANK ACCOUNT  GREETING  CARD ,0.36,12
"22682",FRENCH BLUE METAL DOOR SIGN 7,1.19,3
"21028",NINJA RABBIT BLACK,1.06,6
"71495A",CD WALL TIDY BLUE OFFICE,0.36,3
"84632",DECORATIVE HANGING SHELVING UNIT,59.95,3
"85014A",BLACK/BLUE POLKADOT UMBRELLA,12.46,6
"90141E",ORANGE PENDANT TRIPLE SHELL NECKLAC,4.95,6
"22497",SET OF 2 TINS VINTAGE BATHROOM ,4.25,1
"22483",RED GINGHAM TEDDY BEAR ,2.55,14
"35816P","ACRYLIC JEWEL ANGEL,PINK",0.38,7
"22511",RETROSPOT BABUSHKA DOORSTOP,0.79,6
"85127",SMALL SQUARE CUT GLASS CANDLESTICK,4.95,2
"21731",RED TOADSTOOL LED NIGHT LIGHT,1.25,2
"84625C",BLUE NEW BAROQUE CANDLESTICK CANDLE,0.85,2
"85084",HOLLY TOP CHRISTMAS STOCKING,0.85,10
"84661C",PINK SQUARE TABLE CLOCK,0.79,3
"23100",SILVER BELLS TABLE DECORATION,1.04,3
"22211",WOOD STAMP SET FLOWERS,0.50,6
"22158","3 HEARTS HANGING DECORATION RUSTIC",2.55,3
"90116",FRUIT SALAD BAG CHARM,1.69,7
"23356",LOVE HOT WATER BOTTLE,4.95,4
"22093",MOTORING TISSUE BOX,0.39,7
"21672",WHITE SPOT RED CERAMIC DRAWER KNOB,0.85,13
"72586",SET OF 6 HALLOWEEN GHOST T-LIGHTS,0.42,2
"72051S",BAG OF SILVER STONES,0.42,7
"17012D",ORIGAMI ROSE INCENSE/CANDLE SET ,0.85,2
"84924F",PSYCHEDELIC METAL SIGN CALENDAR,0.79,3
"35607B",BLACK FEATHER CHRISTMAS DECORATION,0.19,10
"84987",SET OF 36 TEATIME PAPER DOILIES,1.25,6
"79063C","RETRO PILL BOX KEY CHAIN,THE KING",0.18,13
"72709",IVORY SCULPTED RND CANDLE ,0.85,2
"22904",CALENDAR PAPER CUT DESIGN,2.55,3
"90104",PURPLE FRANGIPANI HAIRCLIP,0.85,7
"22562",MONSTERS STENCIL CRAFT,1.06,6
"84877A",PINK ROUND COMPACT MIRROR,1.25,1
"79190D",RETRO PLASTIC DAISY TRAY,0.42,9
"22283","6 EGG HOUSE PAINTED WOOD",15.79,6
"21208",PASTEL COLOUR HONEYCOMB FAN,0.39,6
"84968D",SET OF 16 VINTAGE RED CUTLERY,12.75,9
"22145",CHRISTMAS CRAFT HEART STOCKING ,2.10,10
"22031",BOTANICAL LAVENDER BIRTHDAY CARD,0.42,12
"79406",FROSTED WHITE BASE ,0.22,6
"84459A",PINK METAL CHICKEN HEART ,1.25,3
"22993",SET OF 4 PANTRY JELLY MOULDS,1.06,6
"23023",RIDGED BONNE JAM JAR T-LIGHT HOLDER,1.45,2
"90146",FINE SILVER NECKLACE W PASTEL FLOWE,3.75,7
"22636",CHILDS BREAKFAST SET CIRCUS PARADE,7.65,8
"21447","12 IVORY ROSE PEG PLACE SETTINGS",1.25,6
"23346",SPACEBOY BEAKER,1.08,8
"21824",PAINTED METAL STAR WITH HOLLY BELLS,0.39,3
"22523",CHILDS GARDEN FORK PINK,0.85,9
"23455",SMALL PARLOUR FRAME,2.49,3
"22811",SET OF 6 T-LIGHTS CACTI ,1.25,2
"23479",WIRE EGG BASKET ,6.65,13
"22956","36 FOIL HEART CAKE CASES",0.79,9
"21215",IVORY PAPER CUP CAKE CASES ,0.42,9
"35966",FOLKART CHRISTMAS TREE T-LIGHT HOLD,0.38,2
"85023C",PINK LARGE JEWELED PHOTOFRAME,2.55,7
"23397",FOOT STOOL HOME SWEET HOME ,8.15,6
"22245","HOOK, 1 HANGER ,MAGIC GARDEN",0.72,5
"23175",REGENCY MILK JUG PINK ,2.75,9
"47351B",BLUE  VOILE LAMPSHADE,2.55,6
"21743",STAR PORTABLE TABLE LIGHT ,2.55,2
"22893",MINI CAKE STAND T-LIGHT HOLDER,0.36,2
"84951B",SET OF 4 BLACK LOVEBIRD COASTERS,0.79,9
"21883",STARS GIFT TAPE ,0.19,12
"21736",GOLD SCROLL GLASS T-LIGHT HOLDER,0.39,2
"20658",RED RETROSPOT LUGGAGE TAG,1.25,12
"84687",BEACH HUT SHELF W 3 DRAWERS,4.95,13
"21616","4 PEAR BOTANICAL DINNER CANDLES",1.25,2
"23578",SNACK TRAY RED GINGHAM,1.95,9
"21870",I CAN ONLY PLEASE ONE PERSON MUG,1.06,9
"21025",SPACE FROG,1.06,6
"37491C",GREEN/BLUE CERAMIC CANDLE HOLDER,1.65,2
"23184",BULL DOG BOTTLE OPENER,10.79,4
"20964",POLYESTER FILLER PAD 60x40cm,2.55,6
"90038C",GLASS AND BEADS BRACELET IVORY,3.75,9
"85035B",CHOCOLATE 3 WICK MORRIS BOX CANDLE,1.25,2
"21947",SET OF 6 HEART CHOPSTICKS,1.06,3
"23101",SILVER STARS TABLE DECORATION,0.72,3
"90204",PAIR OF ENAMEL BUTTERFLY HAIRCLIP,3.35,7
"22910",PAPER CHAIN KIT VINTAGE CHRISTMAS,2.55,12
"22936",BAKING MOULD ROSE WHITE CHOCOLATE,2.75,9
"90036A",FLOWER GARLAND NECKLACE RED,7.95,7
"22634",CHILDS BREAKFAST SET SPACEBOY ,8.50,8
"20774",GREEN FERN NOTEBOOK,1.65,12
"21936",RED RETROSPOT PICNIC BAG,1.65,7
"85197",SET OF 12 MINI BUNNIES IN A BUCKET,2.10,6
"85202",HANGING WOOD AND FELT HEART,0.42,3
"44235",ASS COL CIRCLE MOBILE ,0.36,6
"23695",DOILY THANK YOU CARD,0.36,12
"90000B",MIDNIGHT BLUE COPPER FLOWER NECKLAC,5.95,6
"84819",DANISH ROSE ROUND SEWING BOX,0.79,13
"21916",SET 12 RETRO WHITE CHALK STICKS,0.36,6
"22812",PACK 3 BOXES CHRISTMAS PANETTONE,1.95,13
"90048",GREEN WITH METAL BAG CHARM,4.95,7
"16206B",RED PURSE WITH PINK HEART,1.25,7
"23180",MUM'S KITCHEN CLOCK,1.65,9
"23058",CHRISTMAS HANGING SNOWFLAKE,0.79,10
"21793",CLASSIC FRENCH STYLE BASKET BROWN,3.95,13
"22139",RETROSPOT TEA SET CERAMIC 11 PC ,10.79,6
"84596F",SMALL MARSHMALLOWS PINK BOWL,0.42,9
"21143",ANTIQUE GLASS HEART DECORATION ,1.95,9
"21219",SET/4 BADGES BALLOON GIRL,1.25,8
"21486",PINK HEART DOTS HOT WATER BOTTLE,3.75,4
"84951A",SET OF 4 PISTACHIO LOVEBIRD COASTER,0.79,9
"10135",COLOURING PENCILS BROWN TUBE,0.25,12
"22892",SET OF SALT AND PEPPER TOADSTOOLS,1.00,6
"21693",SMALL HAMMERED SILVER CANDLEPOT ,2.95,2
"90003B",ROSE COLOUR PAIR HEART HAIR SLIDES,3.75,7
"21555",CERAMIC STRAWBERRY TRINKET TRAY,2.55,9
"47567B",TEA TIME KITCHEN APRON,12.46,9
"23552",BICYCLE PUNCTURE REPAIR KIT ,1.79,6
"47016",LIGHT DECORATION BATTERY OPERATED,2.10,2
"21464",DISCO BALL ROTATOR BATTERY OPERATED,3.75,6
"21340",CLASSIC METAL BIRDCAGE PLANT HOLDER,12.75,5
"22683",FRENCH BLUE METAL DOOR SIGN 8,1.19,3
"46000R",POLYESTER FILLER PAD 45x30cm,1.45,6
"22540",MINI JIGSAW CIRCUS PARADE ,0.19,14
"23341",PINK DINER WALL CLOCK,7.65,3
"79191D",RETRO PLASTIC DAISY TRAY,0.85,9
"21291",SMALL POLKADOT CHOCOLATE GIFT BAG ,0.85,7
"22825",DECORATIVE PLANT POT WITH FRIEZE,6.75,5
"23074",EMBOSSED HEART TRINKET BOX,1.79,13
"90082B",DIAMANTE BOW BROOCH RED COLOUR,6.35,7
"23307",SET OF 60 PANTRY DESIGN CAKE CASES ,0.42,9
"20663",QUEEN OF THE SKIES HOLIDAY PURSE ,2.95,7
"21630",FLOOR CUSHION ELEPHANT CARNIVAL,7.95,11
"22291",HANGING CHICK CREAM DECORATION,1.45,3
"17084J",LOVE POTION MASALA INCENSE,0.21,6
"16169P",WRAP GREEN RUSSIAN FOLKART ,0.42,6
"22510",GINGHAM BABUSHKA DOORSTOP,0.79,6
"90190B",GOLD/AMBER DROP EARRINGS W LEAF,2.95,7
"21499",BLUE POLKADOT WRAP,0.34,6
"23176",ABC TREASURE BOOK BOX ,1.95,13
"23473",WOODLAND SMALL RED FELT HEART,0.72,3
"21495",SKULLS AND CROSSBONES WRAP,0.34,6
"47591B",SCOTTIES CHILDRENS APRON,1.65,8
"17012A",ORIGAMI VANILLA INCENSE/CANDLE SET ,0.50,2
"23179",CLOCK MAGNET MUM'S KITCHEN,1.25,9
"22924",FRIDGE MAGNETS LA VIE EN ROSE,0.72,6
"22644",CERAMIC CHERRY CAKE MONEY BANK,0.39,9
"21466",RED FLOWER CROCHET FOOD COVER,2.95,4
"21424",WOODLAND STORAGE BOX LARGE ,2.55,13
"84877D",BLUE ROUND COMPACT MIRROR,1.25,1
"23504",PLAYING CARDS JUBILEE UNION JACK,1.04,12
"21459",YELLOW EASTER EGG HUNT START POST,1.95,10
"22219",LOVEBIRD HANGING DECORATION WHITE ,0.72,3
"21220",SET/4 BADGES DOGS,1.25,6
"22950","36 DOILIES VINTAGE CHRISTMAS",1.25,12
"72800C","4 PINK DINNER CANDLE SILVER FLOCK",0.79,2
"22422",TOOTHPASTE TUBE PEN,0.12,6
"22442",GROW YOUR OWN FLOWERS SET OF 3,1.95,6
"22208",WOOD STAMP SET THANK YOU,0.50,6
"23413",DECORATIVE VINTAGE COFFEE  BOX,4.15,12
"22566",FELTCRAFT HAIRBAND PINK AND PURPLE,0.85,7
"22567","20 DOLLY PEGS RETROSPOT",1.06,14
"23570",TRADITIONAL PICK UP STICKS GAME ,1.25,14
"21698",MOCK LOBSTER FRIDGE MAGNET,0.39,6
"22403",MAGNETS PACK OF 4 VINTAGE LABELS ,0.39,12
"10125",MINI FUNKY DESIGN TAPES,0.42,12
"23164",REGENCY CAKE SLICE,4.15,9
"21114",LAVENDER SCENTED FABRIC HEART,1.06,1
"21428",SET3 BOOK BOX GREEN GINGHAM FLOWER ,2.66,13
"21714",CITRONELLA CANDLE GARDEN POT,1.25,2
"35818P","ACRYLIC JEWEL ICICLE, PINK",0.38,7
"90183C",BLACK DROP EARRINGS W LONG BEADS,2.95,7
"21647",ASSORTED TUTTI FRUTTI LARGE PURSE,2.10,7
"21078",SET/20 STRAWBERRY PAPER NAPKINS ,0.64,9
"90188",DROP EARRINGS W FLOWER & LEAF,2.55,7
"85169A",IVORY LOVE BIRD CANDLE,0.42,2
"22076","6 RIBBONS EMPIRE  ",0.39,12
"21679",SKULLS  STICKERS,0.72,12
"23471",SIX DRAWER OFFICE TIDY,8.25,13
"71406C",BLACK ORANGE SQUEEZER,0.42,6
"21156",RETROSPOT CHILDRENS APRON,1.65,8
"20982","12 PENCILS TALL TUBE SKULLS",0.72,12
"22822",CREAM WALL PLANTER HEART SHAPED,12.46,5
"22326",ROUND SNACK BOXES SET OF4 WOODLAND ,2.55,4
"21915",RED  HARMONICA IN BOX ,0.98,13
"84931B",BLUE SCOTTIE DOG W FLOWER PATTERN,2.55,6
"23123",COCKTAIL SWORDS 50 PIECES,0.72,6
"22169",FAMILY ALBUM WHITE PICTURE FRAME,16.63,3
"23435","3 RAFFIA RIBBONS VINTAGE CHRISTMAS",0.79,12
"85028L",FRENCH CHATEAU LARGE FRUIT BOWL ,1.95,9
"85170A",SET/6 IVORY BIRD T-LIGHT CANDLES,2.10,2
"22477",WATERING CAN GARDEN MARKER,1.25,7
"22242","5 HOOK HANGER MAGIC TOADSTOOL",1.45,13
"21413",PERIWINKLE T-LIGHT HOLDER,1.25,2
"84990","60 GOLD AND SILVER FAIRY CAKE CASES",0.55,9
"22654",DELUXE SEWING KIT ,11.63,6
"22605",WOODEN CROQUET GARDEN SET,10.95,5
"84751B",BLACK MEDIUM GLASS CAKE STAND,0.79,9
"85025C",PINK HEART SHAPE PHOTO FRAME,1.45,3
"21741",COSY SLIPPER SHOES LARGE GREEN,2.95,6
"21417",COCKLE SHELL DISH,0.79,6
"21061",PARTY INVITES FOOTBALL,0.85,6
"22859",EASTER TIN BUNNY BOUQUET,1.45,10
"20754",RETROSPOT RED WASHING UP GLOVES,1.69,6
"22630",DOLLY GIRL LUNCH BOX,1.65,4
"84800M",MEDIUM WHITE/PINK ROSE ART FLOWER,1.27,6
"23053",RECYCLED ACAPULCO MAT PINK,7.45,6
"40001",WHITE BAMBOO RIBS LAMPSHADE,0.64,6
"21202",DOLLY HONEYCOMB GARLAND,0.65,14
"23359",SET OF 12 T-LIGHTS VINTAGE DOILEY,1.95,2
"21681",GIANT MEDINA STAMPED METAL BOWL ,9.95,9
"22929",SCHOOL DESK AND CHAIR ,57.95,7
"21907",I'M ON HOLIDAY METAL SIGN,1.85,10
"84976",RECTANGULAR SHAPED MIRROR,0.79,1
"22757",LARGE RED BABUSHKA NOTEBOOK ,0.39,12
"22593",CHRISTMAS GINGHAM STAR,0.72,10
"22518",CHILDS GARDEN BRUSH BLUE,1.85,8
"90149",SILVER FLOWR PINK SHELL NECKLACE,6.36,7
"22261",FELT EGG COSY WHITE RABBIT ,0.85,6
"90160C",TURQ+RED BOUDICCA LARGE BRACELET,6.95,7
"22915",ASSORTED BOTTLE TOP  MAGNETS ,0.19,4
"22939",ADULT APRON APPLE DELIGHT,10.79,2
"20986",BLUE CALCULATOR RULER,1.06,6
"72780",BLACK SILOUETTE CANDLE PLATE,0.85,2
"21917",SET 12 KIDS  WHITE CHALK STICKS,0.36,8
"81952V",ROUND PURPLE CLOCK WITH SUCKER,0.19,3
"22482",BLUE TEA TOWEL CLASSIC DESIGN,1.06,1
"90214T","LETTER ""T"" BLING KEY RING",0.29,7
"84929",ASSTD FRUIT+FLOWERS FRIDGE MAGNETS,0.19,6
"20777",CHRYSANTHEMUM NOTEBOOK,1.65,12
"22474",SPACEBOY TV DINNER TRAY,1.95,9
"22869",NUMBER TILE COTTAGE GARDEN 1,1.95,12
"22280",POCKET BAG PINK PAISELY BROWN SPOT,1.25,7
"22779",WOODEN OWLS LIGHT GARLAND ,3.37,2
"84227",HEN HOUSE W CHICK IN NEST,0.42,6
"22362",GLASS JAR PEACOCK BATH SALTS,2.55,1
"85159B","WHITE TEA,COFFEE,SUGAR JARS",1.25,6
"21372",MIRRORED WALL ART TABLE LAMP,0.75,1
"71143",SILVER BOOK MARK WITH BEADS,0.85,6
"23199",JUMBO BAG APPLES,1.65,7
"21925",UNION STRIPE CUSHION COVER ,1.25,11
"20778",GARDEN PATH NOTEBOOK ,1.65,12
"22220",CAKE STAND LOVEBIRD 2 TIER WHITE,2.95,9
"84997C",BLUE 3 PIECE POLKADOT CUTLERY SET,3.39,9
"72801D","4 SKY BLUE DINNER CANDLES",1.25,2
"85168B",BLACK BAROQUE CARRIAGE CLOCK,8.29,3
"22489",PACK OF 12 TRADITIONAL CRAYONS,0.36,6
"21828",EIGHT PIECE SNAKE  SET,1.25,6
"84251C","GREETING CARD, TWO SISTERS.",0.19,12
"84597B",RETRO BROWN BALL ASHTRAY ,1.25,9
"85036B",CHOCOLATE 1 WICK MORRIS BOX CANDLE,0.50,2
"22701",PINK DOG BOWL,0.79,9
"22292",HANGING CHICK  YELLOW DECORATION,1.25,3
"85213",MINI  ZINC GARDEN DECORATIONS ,0.29,5
"22413",METAL SIGN TAKE IT OR LEAVE IT ,2.55,3
"21062",PARTY INVITES SPACEMAN,0.85,6
"47599A",PINK PARTY BAGS,1.69,7
"17090A",LAVENDER INCENSE 40 CONES IN TIN,0.85,6
"85129B",BEADED CRYSTAL HEART GREEN SMALL,1.06,3
"21769",VINTAGE POST OFFICE CABINET,52.77,12
"22057",CERAMIC PLATE STRAWBERRY DESIGN,0.39,9
"22147",FELTCRAFT BUTTERFLY HEARTS,1.25,3
"21456","2 PICTURE BOOK EGGS EASTER CHICKS",1.25,10
"22113",GREY HEART HOT WATER BOTTLE,3.32,4
"90100",NECKLACE+BRACELET SET PINK DAISY,2.55,7
"90035C","PEARL & SHELL 42""NECKL. IVORY",10.75,6
"21238",RED RETROSPOT CUP,0.72,9
"85183B",CHARLIE & LOLA WASTEPAPER BIN FLORA,0.75,8
"22032",BOTANICAL LILY GREETING CARD,0.42,12
"22024",RAINY LADIES BIRTHDAY CARD,0.36,12
"16207A",PINK STRAWBERRY HANDBAG ,2.95,7
"37489D",PINK/GREEN FLOWER DESIGN BIG MUG,0.39,9
"22035",VINTAGE CARAVAN GREETING CARD ,0.36,12
"23567",EGG CUP HENRIETTA HEN PINK,1.25,9
"21125",SET 6 FOOTBALL CELEBRATION CANDLES,1.25,2
"22301",COFFEE MUG CAT + BIRD DESIGN,1.12,9
"47344B",BLUE FLOWER DES PURSE,0.83,7
"22465",HANGING METAL STAR LANTERN,0.79,2
"79192A",RETRO PLASTIC 70'S TRAY,1.25,9
"85063",CREAM SWEETHEART MAGAZINE RACK,14.95,13
"22727",ALARM CLOCK BAKELIKE RED ,2.99,3
"46115B",GREEN POP ART MAO CUSHION COVER ,0.19,11
"21390",FILIGRIS HEART WITH BUTTERFLY,1.06,3
"90144",SILVER DROP EARRINGS WITH FLOWER,3.75,7
"84569A",PACK 3 IRON ON DOG PATCHES,1.25,6
"85018D",YULETIDE IMAGES S/6 PAPER BOXES,2.55,13
"90200E",GREEN SWEETHEART BRACELET,3.75,7
"22888",NUMBER TILE VINTAGE FONT 9 ,0.42,12
"90086",CRYSTAL FROG PHONE CHARM,0.19,7
"22536",MAGIC DRAWING SLATE PURDEY,0.27,6
"21442",GREEN BIRDHOUSE DECORATION,0.19,5
"22857",ASSORTED EASTER GIFT TAGS,0.72,12
"90133",TEAL/FUSCHIA COL BEAD NECKLACE,4.95,7
"90096",NECKLACE+BRACELET SET BLUE BLOSSOM,2.55,7
"90003E",GREEN PAIR HEART HAIR SLIDES,3.75,7
"22305",COFFEE MUG PINK PAISLEY DESIGN,2.10,9
"35607A",PINK FLUFFY CHRISTMAS DECORATION,0.19,10
"37444B",BLUE BREAKFAST CUP AND SAUCER ,2.95,9
"20766",GARDEN PATH SKETCHBOOK,2.95,5
"23174",REGENCY SUGAR BOWL GREEN,3.75,9
"84870B",BLUE GEISHA GIRL ,3.75,8
"90199C","5 STRAND GLASS NECKLACE CRYSTAL",6.35,9
"84659A",WHITE TRAVEL ALARM CLOCK,1.23,3
"85136B",BLUE SHARK HELICOPTER,7.95,6
"20941",FROG CANDLE,1.25,2
"85211",S/4 GROOVY CAT MAGNETS,0.79,6
"22709",WRAP WEDDING DAY,0.34,6
"85045",GREEN CHRISTMAS TREE STRING 20LIGHT,4.25,2
"37342",POLKADOT COFFEE CUP & SAUCER PINK,0.79,9
"21430",SET/3 RED GINGHAM ROSE STORAGE BOX,2.33,13
"22999",TRAVEL CARD WALLET RETRO PETALS,0.36,12
"75011",BLUE DAISY MOBILE,0.79,6
"21865",PINK UNION JACK  PASSPORT COVER ,1.69,6
"21786",POLKADOT RAIN HAT ,0.32,6
"84596G",SMALL CHOCOLATES PINK BOWL,0.42,9
"23456",MEDIUM PARLOUR FRAME ,3.75,3
"20932",PINK POT PLANT CANDLE,1.25,2
"90014A",SILVER M.O.P. ORBIT NECKLACE,2.95,7
"22622",BOX OF VINTAGE ALPHABET BLOCKS,11.95,12
"22998",TRAVEL CARD WALLET KEEP CALM,0.36,12
"47566",PARTY BUNTING,10.79,6
"90168","2 DAISIES HAIR COMB",2.95,7
"21250",SET OF SKULL WALL STICKERS,2.55,12
"23444",Next Day Carriage,15.00,6
"35610A",PINK CHRISTMAS FLOCK DROPLET ,1.25,10
"44091A",BLUE CRUSOE CHECK LAMPSHADE,0.42,6
"23064",CINDERELLA CHANDELIER ,10.00,6
"22797",CHEST OF DRAWERS GINGHAM HEART ,14.95,13
"47599B",BLUE PARTY BAGS ,1.69,7
"22837",HOT WATER BOTTLE BABUSHKA ,4.25,4
"90060D",FIRE POLISHED GLASS NECKL BRONZE,5.95,9
"22568",FELTCRAFT CUSHION OWL,3.39,11
"23580",SNACK TRAY HAPPY FOREST  ,1.95,9
"22338",STAR DECORATION PAINTED ZINC ,0.19,3
"22530",MAGIC DRAWING SLATE DOLLY GIRL ,0.36,14
"21397",BLUE POLKADOT EGG CUP ,0.39,9
"35910A",MULTICOLOUR EASTER RABBIT ,1.95,10
"21068",VINTAGE BILLBOARD LOVE/HATE MUG,0.80,9
"21615","4 LAVENDER BOTANICAL DINNER CANDLES",1.25,2
"85160B",BLACK BIRD GARDEN DESIGN MUG,0.39,9
"22077","6 RIBBONS RUSTIC CHARM",1.45,12
"22096",PINK PAISLEY SQUARE TISSUE BOX ,0.39,13
"22843",BISCUIT TIN VINTAGE GREEN,13.29,12
"23507",MINI PLAYING CARDS BUFFALO BILL ,0.36,12
"84806B",WHITE CANDYSTUFT ARTIFICIAL FLOWER,0.39,6
"22841",ROUND CAKE TIN VINTAGE GREEN,15.79,9
"15034",PAPER POCKET TRAVELING FAN ,0.07,6
"90038A",GLASS AND PAINTED BEADS BRACELET TO,3.75,9
"22418","10 COLOUR SPACEBOY PEN",0.72,8
"21774",DECORATIVE CATS BATHROOM BOTTLE,0.42,1
"21452",TOADSTOOL MONEY BOX,2.55,13
"21382",SET/4 SPRING FLOWER DECORATION,0.75,7
"23459",DOLLY CABINET 2 DRAWERS ,12.50,14
"23067",HANGING ENGRAVED METAL HEART,4.15,3
"23146",TRIPLE HOOK ANTIQUE IVORY ROSE,2.89,13
"21900","KEY FOB , SHED",0.53,6
"23213",STAR WREATH DECORATION WITH BELL,1.04,3
"90211B",JET BLACK LAS VEGAS NECKLACE 45CM,5.95,7
"23209",LUNCH BAG DOILEY PATTERN ,1.45,4
"23354","6 GIFT TAGS 50'S CHRISTMAS ",0.72,12
"85040A",S/4 PINK FLOWER CANDLES IN BOWL,1.45,2
"90024C",NEW BAROQUE B'FLY NECKLACE GREEN,8.50,7
"22831",WHITE BROCANTE SOAP DISH,2.55,1
"23104",IVORY CAFE HANGING LAMP ,10.40,6
"22286","DECORATION , WOBBLY RABBIT , METAL ",1.65,3
"72801C","4 ROSE PINK DINNER CANDLES",1.06,2
"72128",COLUMBIAN CANDLE ROUND,0.64,2
"21851",LILAC DIAMANTE PEN IN GIFT BOX,4.95,12
"22714",CARD BIRTHDAY COWBOY,0.36,12
"23217",LAUREL HEART ANTIQUE SILVER,1.04,3
"21846",PINK DIAMANTE PEN IN GIFT BOX,4.25,12
"22222",CAKE PLATE LOVEBIRD WHITE,1.95,9
"84613C",BLUE NEW BAROQUE FLOCK CANDLESTICK,4.65,2
"79051A",SMOKEY GREY COLOUR D.O.F. GLASS,0.29,9
"22372",AIRLINE BAG VINTAGE WORLD CHAMPION ,3.95,12
"23244",CANNISTER VINTAGE LEAF DESIGN,1.95,12
"40005B",BLUE ORGANDY ROUND LAMPSHADE W BEA,0.85,6
"22258",FELT FARM ANIMAL RABBIT,0.42,6
"21689",SILVER VANILLA  FLOWER CANDLE POT,3.75,2
"84898F",YELLOW FLOWERS FELT HANDBAG KIT,2.10,7
"35004B",SET OF 3 BLACK FLYING DUCKS,1.95,6
"21316",SMALL CHUNKY GLASS ROMAN  BOWL,0.79,9
"84706D",CHERRY BLOSSOM TABLE CLOCK ,1.95,3
"84452",METAL RABBIT LADDER EASTER ,0.85,10
"20838",FRENCH LATTICE CUSHION COVER ,0.85,11
"21246",RED RETROSPOT BIG BOWL,4.25,9
"84539",KNITTED RABBIT DOLL ,1.65,14
"22354",RETROSPOT PADDED SEAT CUSHION,3.39,11
"22649",STRAWBERRY FAIRY CAKE TEAPOT,4.25,9
"23295",SET OF 12 MINI LOAF BAKING CASES,0.72,9
"21891",TRADITIONAL WOODEN SKIPPING ROPE,0.72,14
"22078",RIBBON REEL LACE DESIGN ,1.85,12
"22678",FRENCH BLUE METAL DOOR SIGN 3,1.19,3
"21373",MIRRORED WALL ART SNOWFLAKES,0.75,1
"22439","6 ROCKET BALLOONS ",0.55,6
"84629",WHITE 3 FRAME BIRDS AND TREE ,21.95,3
"23485",BOTANICAL GARDENS WALL CLOCK ,20.50,5
"47021G",SET/6 BEAD COASTERS GAUZE BAG GOLD,0.39,9
"22027",TEA PARTY BIRTHDAY CARD,0.36,12
"22390",PAPERWEIGHT CHILDHOOD MEMORIES,0.39,8
"22973",CHILDREN'S CIRCUS PARADE MUG,1.45,9
"21720",CAKE SHOP  STICKER SHEET,0.85,9
"90118",PINK DAISY BAG CHARM,2.55,7
"47422",ASSORTED MONKEY SUCTION CUP HOOK,0.36,9
"22503",CABIN BAG VINTAGE PAISLEY,12.75,12
"22131",FOOD CONTAINER SET 3 LOVE HEART ,1.65,4
"90214D","LETTER ""D"" BLING KEY RING",0.29,7
"22711",WRAP CIRCUS PARADE,0.34,6
"85129D",BEADED CRYSTAL HEART PINK SMALL,1.25,3
"22690",DOORMAT HOME SWEET HOME BLUE ,15.79,11
"23268",SET OF 2 CERAMIC CHRISTMAS REINDEER,1.25,10
"22801",ANTIQUE GLASS PEDESTAL BOWL,3.39,9
"35598C",WHITE CHRISTMAS TREE 60CM,2.95,10
"84905",PINK BUTTERFLY CUSHION COVER ,4.95,11
"22419",LIPSTICK PEN RED,0.36,12
"23503",PLAYING CARDS KEEP CALM & CARRY ON,1.04,12
"22908",PACK OF 20 NAPKINS RED APPLES,0.64,9
"20794",BLUE  TILE HOOK,2.10,13
"90122B",JADE CRYSTAL+GLASS BRACELET,4.95,9
"22780",LIGHT GARLAND BUTTERFILES PINK,3.37,2
"22098",BOUDOIR SQUARE TISSUE BOX,0.39,13
"20816",GOLD FLOWER CUSHION COVER ,1.95,11
"20801",LARGE PINK GLASS SUNDAE DISH,0.75,9
"22942",CHRISTMAS LIGHTS 10 SANTAS ,2.95,2
"22784",LANTERN CREAM GAZEBO ,10.79,2
"22651",GENTLEMAN SHIRT REPAIR KIT ,0.72,6
"23072",MARIE ANTOINETTE TRINKET BOX SILVER,1.00,13
"22456",NATURAL SLATE CHALKBOARD LARGE ,4.25,6
"20839",FRENCH PAISLEY CUSHION COVER ,0.85,11
"85068",CREAM SWEETHEART SHELF + HOOKS,7.95,13
"84375",SET OF 20 KIDS COOKIE CUTTERS,1.85,8
"84509A",SET OF 4 ENGLISH ROSE PLACEMATS,2.95,9
"84508C",BLUE CIRCLES DESIGN TEDDY,2.55,14
"23015",CORDIAL GLASS JUG,8.25,9
"22576",SWALLOW WOODEN CHRISTMAS DECORATION,0.72,10
"85176",SEWING SUSAN 21 NEEDLE SET,0.85,6
"23234",BISCUIT TIN VINTAGE CHRISTMAS,2.49,12
"85216",ASSORTED CAKES FRIDGE MAGNETS,0.65,9
"84422",PINK/BLUE DISC/MIRROR STRING,0.39,1
"21425",SKULLS STORAGE BOX LARGE,2.55,13
"51020B",STRIPY DESIGN SHOWER CAP,0.29,3
"90122C",TURQUOISE CRYSTAL+GLASS BRACELET,4.95,9
"22302",COFFEE MUG PEARS  DESIGN,1.12,9
"23223",CHRISTMAS TREE HANGING SILVER ,0.72,10
"22491",PACK OF 12 COLOURED PENCILS,0.72,12
"21123",SET/10 IVORY POLKADOT PARTY CANDLES,0.83,2
"20762",GREEN FERN SKETCHBOOK ,3.75,6
"22808",SET OF 6 T-LIGHTS EASTER CHICKS,1.25,2
"85178",VICTORIAN SEWING KIT,0.85,6
"22744",MAKE YOUR OWN MONSOON CARD KIT,0.79,12
"85169B",BLACK LOVE BIRD CANDLE,0.42,2
"23405",HOME SWEET HOME 2 DRAWER CABINET,4.15,13
"22940",FELTCRAFT CHRISTMAS FAIRY,0.50,10
"20726",LUNCH BAG WOODLAND,1.45,4
"85132B",CHARLIE AND LOLA TABLE TINS,1.95,8
"84773",RED ROSE AND LACE C/COVER,2.95,6
"22738",RIBBON REEL SNOWY VILLAGE,1.45,12
"85049A",TRADITIONAL CHRISTMAS RIBBONS,1.06,12
"22652",TRAVEL SEWING KIT,1.45,6
"22876",NUMBER TILE COTTAGE GARDEN 8,1.95,12
"22914",BLUE COAT RACK PARIS FASHION,3.37,13
"22879",NUMBER TILE VINTAGE FONT 0,0.42,12
"22610",PENS ASSORTED FUNNY FACE,0.19,12
"22853",CAT BOWL VINTAGE CREAM,2.75,9
"22574",HEART WOODEN CHRISTMAS DECORATION,0.72,10
"48184",DOORMAT ENGLISH ROSE ,4.58,11
"72351A",SET/6 TURQUOISE BUTTERFLY T-LIGHTS,1.69,2
"21654",RIDGED GLASS FINGER BOWL,0.39,9
"84997B",CHILDRENS CUTLERY RETROSPOT RED ,3.39,9
"22702",BLACK AND WHITE CAT BOWL,0.65,9
"22587",FELTCRAFT HAIRBAND RED AND BLUE,0.85,7
"22284",HEN HOUSE DECORATION,1.65,3
"23309",SET OF 60 I LOVE LONDON CAKE CASES ,0.42,9
"23185",FRENCH STYLE STORAGE JAR JAM,0.28,4
"23054",RECYCLED ACAPULCO MAT LAVENDER,7.45,6
"22411",JUMBO SHOPPER VINTAGE RED PAISLEY,1.65,12
"22262",FELT EGG COSY CHICKEN,0.85,6
"48185",DOORMAT FAIRY CAKE,15.79,9
"90125E",AMBER BERTIE GLASS BEAD BAG CHARM,2.10,9
"84596E",SMALL LICORICE DES PINK BOWL,0.42,9
"79331",PINK FLOCK GLASS CANDLEHOLDER,0.38,2
"22595",CHRISTMAS GINGHAM HEART,0.72,10
"35833P","4 PINK FLOCK CHRISTMAS BALLS",1.25,10
"22381",TOY TIDY PINK POLKADOT,1.85,14
"23348",CHILDRENS TOY COOKING UTENSIL SET,1.79,14
"22984",CARD GINGHAM ROSE ,0.36,12
"22877",NUMBER TILE COTTAGE GARDEN 9,1.95,12
"22068",BLACK PIRATE TREASURE CHEST,0.39,6
"21881",CUTE CATS TAPE,0.19,12
"84509C",SET OF 4 POLKADOT PLACEMATS ,2.95,9
"23506",MINI PLAYING CARDS SPACEBOY ,0.36,12
"90178A",AMBER CHUNKY GLASS+BEAD NECKLACE,11.95,9
"22713",CARD I LOVE LONDON ,0.36,12
"22735",RIBBON REEL SOCKS AND MITTENS,1.45,12
"21777",RECIPE BOX WITH METAL HEART,7.95,4
"22451",SILK PURSE BABUSHKA RED,2.95,7
"22756",LARGE YELLOW BABUSHKA NOTEBOOK ,0.39,12
"79062D","RETRO TIN ASHTRAY,REVOLUTIONARY",0.29,9
"16235",RECYCLED PENCIL WITH RABBIT ERASER,0.16,12
"84968A",SET OF 16 VINTAGE ROSE CUTLERY,10.95,9
"85183A",CHARLIE & LOLA WASTEPAPER BIN BLUE,0.75,8
"21682",LARGE MEDINA STAMPED METAL BOWL ,4.95,9
"35646",VINTAGE BEAD PINK EVENING BAG,1.25,12
"22277",COSMETIC BAG VINTAGE ROSE PAISLEY,1.85,1
"79190A",RETRO PLASTIC 70'S TRAY,0.42,9
"21758",VINTAGE SHELLS PRINT,5.95,12
"23513",EMBROIDERED RIBBON REEL SUSIE ,1.79,12
"23550",WRAP ALPHABET POSTER  ,0.34,6
"20697",LITTLE GREEN MONSTER SOFT TOY,2.55,14
"84429A",MEDIUM PINK BUDDHA HEAD ,2.95,6
"47503A",ASS FLORAL PRINT MULTI SCREWDRIVER,0.42,6
"23158",SET OF 5 LUCKY CAT MAGNETS ,1.85,6
"22963",JAM JAR WITH BLUE LID,0.72,4
"62096B",PURPLE/TURQ FLOWERS HANDBAG,1.25,7
"84857C",PINK MONTE CARLO HANDBAG,1.95,7
"37444A",YELLOW BREAKFAST CUP AND SAUCER,0.39,9
"75049L",LARGE CIRCULAR MIRROR MOBILE,0.85,1
"21181",PLEASE ONE PERSON METAL SIGN,1.49,3
"35610C",WHITE CHRISTMAS FLOCK DROPLET ,1.25,10
"22202",MILK PAN PINK POLKADOT,3.75,6
"22996",TRAVEL CARD WALLET VINTAGE TICKET,0.36,12
"21471",STRAWBERRY RAFFIA FOOD COVER,2.95,4
"84754",S/15 SILVER GLASS BAUBLES IN BAG,1.06,9
"21259",VICTORIAN SEWING BOX SMALL ,12.46,13
"23273",HEART T-LIGHT HOLDER WILLIE WINKIE,1.45,2
"22495",SET OF 2 ROUND TINS CAMEMBERT ,0.79,6
"79323W",WHITE CHERRY LIGHTS,6.75,2
"21527",RED RETROSPOT TRADITIONAL TEAPOT ,6.95,9
"21930",JUMBO STORAGE BAG SKULLS,1.65,7
"21872",GLAMOROUS  MUG,0.80,9
"22742",MAKE YOUR OWN PLAYTIME CARD KIT,0.79,12
"85095",THREE CANVAS LUGGAGE TAGS,1.65,12
"23428",IVORY RETRO KITCHEN WALL CLOCK,7.05,9
"20894",HANGING BAUBLE T-LIGHT HOLDER LARGE,2.95,2
"84051",ASS COLOUR GLOWING TIARAS,0.64,6
"23373",VINTAGE CHRISTMAS PAPER GIFT BAG,0.72,12
"72369A",PINK CLEAR GLASS CANDLE PLATE,1.25,2
"84415B",BLUE FLOCK CUSHION COVER ,1.25,11
"22407",MONEY BOX FIRST ADE DESIGN,1.25,13
"22575",METAL MERRY CHRISTMAS WREATH,1.65,10
"21039",RED RETROSPOT SHOPPING BAG,2.10,7
"22444",GROW YOUR OWN PLANT IN A CAN ,1.06,5
"35916C",PINK FELT HANGING HEART W FLOWER,0.85,3
"22386",JUMBO BAG PINK POLKADOT,1.65,7
"90185D",CRYSTAL DIAMANTE EXPANDABLE RING,4.25,7
"22525",CHILDRENS GARDEN GLOVES PINK,1.06,8
"22189",CREAM HEART CARD HOLDER,2.31,12
"23320",GIANT 50'S CHRISTMAS CRACKER,1.25,13
"72132",COLUMBIAN CUBE CANDLE,1.95,2
"84597C",RETRO PINK BALL ASHTRAY ,1.25,9
"90016A",SILVER/M.O.P PENDANT ORBIT NECKLACE,4.25,7
"46118",FUNKY MONKEY CUSHION COVER,0.85,11
"90159",COTE D'AZURE NECKLACE,4.95,7
"22884",NUMBER TILE VINTAGE FONT 5,0.42,12
"23037",CANDLE HOLDER SILVER MADELINE,1.45,2
"23367",SET 12 COLOUR PENCILS SPACEBOY ,0.55,12
"22663",JUMBO BAG DOLLY GIRL DESIGN,1.65,14
"35637A",IVORY STRING CURTAIN WITH POLE ,1.95,7
"20836",FRENCH PAISLEY CUSHION COVER,0.83,11
"20615",BLUE POLKADOT PASSPORT COVER,0.75,6
"20978","36 PENCILS TUBE SKULLS",1.06,12
"23414",ZINC BOX SIGN HOME,8.49,13
"23370",SET 36 COLOUR PENCILS DOILEY,1.25,12
"85099C",JUMBO  BAG BAROQUE BLACK WHITE,1.65,7
"35598D",PINK/WHITE CHRISTMAS TREE 60CM,0.65,10
"23508",MINI PLAYING CARDS DOLLY GIRL ,0.36,12
"23186",FRENCH STYLE STORAGE JAR CAFE ,0.28,13
"44265",M/COLOUR POM-POM CURTAIN,4.25,11
"90145",SILVER HOOP EARRINGS WITH FLOWER,5.95,7
"22777",GLASS BELL JAR LARGE,8.50,9
"84984A",GREEN PEONY CUSHION COVER,4.65,11
"18007",ESSENTIAL BALM 3.5g TIN IN ENVELOPE,0.06,12
"22949","36 DOILIES DOLLY GIRL",1.45,14
"22214",CANDLE PLATE LACE WHITE,0.79,2
"20679",EDWARDIAN PARASOL RED,12.46,5
"23189",SET OF 12 FORK CANDLES,2.49,2
"22851",SET 20 NAPKINS FAIRY CAKES DESIGN ,0.72,9
"17001",HEAVENS SCENT FRAGRANCE OILS ASSTD,0.29,1
"90206A",GOLD DIAMANTE STAR BROOCH,4.95,7
"84906",PINK B'FLY C/COVER W BOBBLES,5.95,6
"23192",BUNDLE OF 3 ALPHABET EXERCISE BOOKS,1.45,6
"22805",BLUE DRAWER KNOB ACRYLIC EDWARDIAN,1.06,13
"20898",VINTAGE NOTEBOOK TRAVELOGUE,2.95,12
"22747",POPPY'S PLAYHOUSE BATHROOM,1.85,1
"23271",CHRISTMAS TABLE CANDLE SILVER SPIKE,0.83,2
"22181",SNOWSTORM PHOTO FRAME FRIDGE MAGNET,0.72,3
"22588",CARD HOLDER GINGHAM HEART,2.10,12
"84792",ENCHANTED BIRD COATHANGER 5 HOOK,3.81,13
"21197",MULTICOLOUR  CONFETTI IN TUBE,0.42,6
"90162B",ANT SILVER LIME GREEN BOUDICCA RING,2.95,7
"23166",MEDIUM CERAMIC TOP STORAGE JAR,1.04,13
"37475",SET/4 COLOURFUL MIXING BOWLS,8.49,9
"90026A",GLASS BEAD HOOP NECKLACE BLACK,8.50,9
"22069",BROWN  PIRATE TREASURE CHEST ,0.39,6
"22435",SET OF 9 HEART SHAPED BALLOONS,1.06,3
"90019A",SILVER M.O.P ORBIT BRACELET,4.95,7
"35913B",WHITE/PINK CHICK EASTER DECORATION,0.85,10
"90038B",GLASS AND PAINTED BEADS BRACELET OL,3.75,9
"90214V","LETTER ""V"" BLING KEY RING",0.29,7
"90010B",BLACK/WHITE GLASS/SILVER BRACELET,8.95,9
"82613A","METAL SIGN,CUPCAKE SINGLE HOOK",1.25,9
"21775",DECORATIVE FLORE BATHROOM BOTTLE,0.42,1
"21906",PHARMACIE FIRST AID TIN,5.95,6
"21319",GLASS CHALICE GREEN  SMALL ,0.39,9
"22052",VINTAGE CARAVAN GIFT WRAP,0.42,12
"10123C",HEARTS WRAPPING TAPE ,0.65,12
"21827",EIGHT PIECE CREEPY CRAWLIE SET,1.25,6
"22276",WASH BAG VINTAGE ROSE PAISLEY,2.55,12
"48187",DOORMAT NEW ENGLAND,4.58,11
"23157",SET OF 6 NATIVITY MAGNETS ,1.85,6
"84508A",CAMOUFLAGE DESIGN TEDDY,2.10,14
"23323",WHITE WICKER STAR ,1.85,3
"23402",HOME SWEEET HOME 3 PEG HANGER ,3.75,13
"85204",HANGING WOOD AND FELT FLOWER,0.12,6
"21635",MADRAS NOTEBOOK LARGE ,1.25,12
"22115",METAL SIGN EMPIRE TEA,0.79,3
"21942",SKULLS DESIGN FLANNEL,0.39,3
"90074",BLACK DIAMOND CLUSTER NECKLACE,8.95,7
"21262",WHITE GOOSE FEATHER CHRISTMAS TREE ,16.95,10
"21812",GARLAND WITH HEARTS AND BELLS,4.25,3
"84760S",SMALL HANGING GLASS+ZINC LANTERN,1.45,2
"84674",FLYING PIG WATERING CAN,1.25,7
"72225C",LAVENDER SCENT CAKE CANDLE,0.21,1
"22049",WRAP CHRISTMAS SCREEN PRINT,0.19,10
"23230",WRAP ALPHABET DESIGN,0.34,3
"21657",MILK BOTTLE WITH GLASS STOPPER ,6.95,9
"22778",GLASS BELL JAR SMALL,3.95,9
"22745",POPPY'S PLAYHOUSE BEDROOM ,1.85,14
"23231",WRAP  VINTAGE DOILEY ,0.42,12
"84356",POMPOM CURTAIN,1.95,11
"85031C",CURIOUS IMAGES SCRAP BOOK SET,4.95,6
"21850",BLUE  DIAMANTE PEN IN GIFT BOX,4.25,12
"22025",RING OF ROSES BIRTHDAY CARD,0.36,12
"22913",RED COAT RACK PARIS FASHION,3.37,13
"21040",MODERN VINTAGE COTTON SHOPPING BAG,0.79,12
"20856",DENIM PATCH PURSE PINK BUTTERFLY,1.65,7
"90214H","LETTER ""H"" BLING KEY RING",0.29,7
"23000",TRAVEL CARD WALLET TRANSPORT,0.36,12
"21750",LARGE SKULL WINDMILL,2.10,6
"23070",EDWARDIAN HEART PHOTO FRAME,4.15,3
"20931",BLUE POT PLANT CANDLE ,1.25,2
"21508",VINTAGE KID DOLLY CARD ,0.36,12
"85039A",SET/4 RED MINI ROSE CANDLE IN BOWL,0.42,2
"22802",FAUX FUR CHOCOLATE THROW,16.95,11
"23293",SET OF 12 FAIRY CAKE BAKING CASES,0.72,9
"21967",PACK OF 12 SKULL TISSUES,0.25,6
"17084A",TRANQUILITY MASALA INCENSE,0.21,6
"23457",LARGE PARLOUR FRAME,4.50,3
"79323P",PINK CHERRY LIGHTS,6.75,2
"21027",NINJA RABBIT PINK,1.06,6
"22480",RED TEA TOWEL CLASSIC DESIGN,1.06,1
"46000U",POLYESTER FILLER PAD 30CMx30CM,1.25,6
"22421",LIPSTICK PEN FUSCHIA,0.36,12
"37489A",YELLOW/PINK FLOWER DESIGN BIG MUG,0.39,9
"22067",CHOC TRUFFLE GOLD TRINKET POT ,0.39,6
"84569B",PACK 3 FIRE ENGINE/CAR PATCHES,1.25,6
"85174",S/4 CACTI CANDLES,1.95,2
"23598",PAPER BUNTING VINTAGE PARTY,2.55,12
"90129A",PINK GLASS TASSLE BAG CHARM ,2.95,9
"20956",PORCELAIN T-LIGHT HOLDERS ASSORTED,1.25,2
"48138",DOORMAT UNION FLAG,15.79,11
"20897",VINTAGE NOTEBOOK PARIS DAYS,2.55,12
"85024B",EAU DE NILE JEWELLED PHOTOFRAME,1.45,7
"22529",MAGIC DRAWING SLATE GO TO THE FAIR ,0.36,6
"71510",SQUARE METAL CANDLEHOLDER BASE,0.53,2
"85180B",PINK HEARTS LIGHT CHAIN ,1.25,2
"75013B","STRING OF 8 BUTTERFLIES,PINK",1.65,7
"23311",VINTAGE CHRISTMAS STOCKING ,2.10,12
"84805A",CREAM CLIMBING HYDRANGA ART FLOWER,1.25,13
"84527",FLAMES SUNGLASSES PINK LENSES,1.65,9
"17012B",ORIGAMI JASMINE INCENSE/CANDLE SET,0.50,2
"84510C",SET OF 4 POLKADOT COASTERS,1.25,9
"23561",SET OF 6 RIBBONS PARTY,2.49,12
"84846A",SCENTED CANDLE IN DIGITALIS TIN,2.10,1
"22970",LONDON BUS COFFEE MUG,2.10,9
"22183",CAKE STAND VICTORIAN FILIGREE MED,3.00,9
"23041",PAPER LANTERN 6 POINT SNOW STAR,4.15,2
"22661",CHARLOTTE BAG DOLLY GIRL DESIGN,0.72,14
"22184",CAKE STAND VICTORIAN FILIGREE LARGE,8.50,9
"21154",RED RETROSPOT OVEN GLOVE ,1.06,6
"21306",SET/4 DAISY MIRROR MAGNETS,0.29,1
"23406",HOME SWEET HOME KEY HOLDER,4.15,13
"23560",SET OF 6 RIBBONS COUNTRY STYLE,2.49,12
"84926A",WAKE UP COCKEREL TILE COASTER,0.29,9
"23491",VINTAGE JINGLE BELLS HEART,8.25,12
"22716",CARD CIRCUS PARADE,0.36,12
"23466",TUSCAN VILLA DOVECOTE,8.25,6
"21738",COSY SLIPPER SHOES SMALL  RED ,2.95,6
"22985",WRAP BILLBOARD FONTS DESIGN,0.42,3
"22926",IVORY GIANT GARDEN THERMOMETER,4.95,5
"21043",APRON MODERN VINTAGE COTTON,1.95,12
"35958",FOLKART ZINC STAR CHRISTMAS DEC,0.85,10
"17174",ASSTD RASTA KEY-CHAINS,0.42,6
"22760","TRAY, BREAKFAST IN BED",10.95,9
"90214N","LETTER ""N"" BLING KEY RING",0.29,7
"23090",VINTAGE GLASS T-LIGHT HOLDER,0.72,2
"23521",CAT AND BIRD WALL ART,1.12,3
"22577",WOODEN HEART CHRISTMAS SCANDINAVIAN,0.29,10
"20979","36 PENCILS TUBE RED RETROSPOT",1.06,12
"23289",DOLLY GIRL CHILDRENS BOWL,1.05,9
"22677",FRENCH BLUE METAL DOOR SIGN 2,1.19,3
"23043",PAPER LANTERN 9 POINT HOLLY STAR 40,6.25,2
"22694",WICKER STAR ,1.85,3
"47469",ASSORTED SHAPES PHOTO CLIP SILVER ,0.42,3
"22937",BAKING MOULD CHOCOLATE CUP CAKES,2.55,9
"21686",MEDINA STAMPED METAL STOOL,34.95,6
"21163",DO NOT TOUCH MY STUFF DOOR HANGER ,0.39,13
"21366",MIRRORED WALL ART PHOTO FRAMES,4.25,1
"22934",BAKING MOULD EASTER EGG WHITE CHOC,2.55,9
"85230A",OPIUM SCENTED VOTIVE CANDLE,0.21,1
"21175",GIN + TONIC DIET METAL SIGN,1.40,3
"22581",WOOD STOCKING CHRISTMAS SCANDISPOT,0.29,10
"22441",GROW YOUR OWN BASIL IN ENAMEL MUG,1.85,9
"85039C",S/4 BLACK MINI ROSE CANDLE IN BOWL,0.42,2
"46138B",BLUE CHENILLE SHAGGY CUSHION COVER ,0.85,11
"23118",PARISIENNE JEWELLERY DRAWER ,5.32,7
"22492",MINI PAINT SET VINTAGE ,0.55,12
"22446",PIN CUSHION BABUSHKA PINK,1.25,11
"20971",PINK BLUE FELT CRAFT TRINKET BOX,1.06,13
"22227",HANGING HEART MIRROR DECORATION ,0.55,1
"22278",OVERNIGHT BAG VINTAGE ROSE PAISLEY,4.95,12
"90026C",GLASS BEAD HOOP NECKLACE GREEN,8.50,9
"15044D",RED PAPER PARASOL,2.55,5
"23265",SET OF 3 WOODEN TREE DECORATIONS,1.04,3
"72817",SET OF 2 CHRISTMAS DECOUPAGE CANDLE,0.79,2
"85203",HANGING WOOD AND FELT BUTTERFLY ,0.36,6
"84854",GIRLY PINK TOOL SET,4.95,8
"23225",CHERUB HEART DECORATION SILVER ,0.72,3
"23210",WHITE ROCKING HORSE HAND PAINTED,1.04,6
"84925F",PSYCHEDELIC WALL THERMOMETER,0.79,3
"21494",ROTATING LEAVES T-LIGHT HOLDER,1.06,2
"84795C",OCEAN STRIPE HAMMOCK ,7.95,6
"20769",DAISY JOURNAL ,2.55,6
"47504H",ENGLISH ROSE SPIRIT LEVEL ,0.79,6
"20685",DOORMAT RED RETROSPOT,15.79,11
"22631",CIRCUS PARADE LUNCH BOX ,1.65,4
"21206",STRAWBERRY HONEYCOMB  GARLAND ,0.65,3
"21375",LARGE CAMPHOR WOOD FIELD MUSHROOM ,1.25,6
"22665",RECIPE BOX BLUE SKETCHBOOK DESIGN,2.55,4
"22454",MEASURING TAPE BABUSHKA RED,2.55,12
"22322",BIRD DECORATION GREEN POLKADOT,0.85,3
"20963",APPLE BATH SPONGE,1.25,1
"21791",VINTAGE HEADS AND TAILS CARD GAME ,1.06,12
"21365",MIRRORED WALL ART STARS,0.75,1
"22066",LOVE HEART TRINKET POT,0.39,3
"22544",MINI JIGSAW SPACEBOY,0.19,14
"90189A",SILVER 2 STRAND NECKLACE-LEAF CHARM,7.50,7
"21640",ASSORTED TUTTI FRUTTI  FOB NOTEBOOK,0.72,12
"21003",ROSE DU SUD CUSHION COVER,6.35,11
"90135",ORANGE/WHT/FUSCHIA STONES NECKLACE,4.95,7
"51014C","FEATHER PEN,COAL BLACK",0.39,6
"90039D",FIRE POLISHED GLASS BRACELET GREEN,3.75,9
"40016",CHINESE DRAGON PAPER LANTERNS,0.25,2
"85170B",SET/6 BLACK BIRD T-LIGHT CANDLES,0.85,2
"22297",HEART IVORY TRELLIS SMALL,1.06,3
"84744",S/6 SEW ON CROCHET FLOWERS,1.25,6
"23073",GEORGIAN TRINKET BOX,11.15,13
"23228",FILIGREE HEART BIRD WHITE ,1.04,3
"22500",SET OF 2 TINS JARDIN DE PROVENCE,1.25,6
"21704",BAG 250g SWIRLY MARBLES,0.72,7
"20845",ZINC HEART LATTICE 2 WALL PLANTER,6.35,5
"72821",CUPID SCENTED CANDLE IN GLASS,1.65,1
"22710",WRAP I LOVE LONDON ,0.34,6
"84625A",PINK NEW BAROQUECANDLESTICK CANDLE,0.85,2
"90087",CRYSTAL SEA HORSE PHONE CHARM,0.19,7
"22199",FRYING PAN RED POLKADOT ,4.25,6
"23165",LARGE CERAMIC TOP STORAGE JAR,1.45,13
"85169C",EAU DE NIL LOVE BIRD CANDLE,0.42,2
"21982",PACK OF 12 SUKI TISSUES ,0.20,6
"22992",REVOLVER WOODEN RULER ,1.65,6
"85205B",PINK FELT EASTER RABBIT GARLAND,2.55,10
"85066",CREAM SWEETHEART MINI CHEST,1.80,3
"84817",DANISH ROSE DECORATIVE PLATE,0.39,9
"22132",RED LOVE HEART SHAPE CUP,0.72,9
"21121",SET/10 RED POLKADOT PARTY CANDLES,1.06,2
"84347",ROTATING SILVER ANGELS T-LIGHT HLDR,0.03,2
"23338",EGG FRYING PAN RED ,1.85,6
"90030B",RED KUKUI COCONUT SEED NECKLACE,1.00,7
"23390",DOLLY GIRL MINI BACKPACK,3.75,14
"82484",WOOD BLACK BOARD ANT WHITE FINISH,16.63,6
"90114",SUMMER DAISIES BAG CHARM,2.55,7
"22608",PENS ASSORTED FUNKY JEWELED ,0.19,12
"85141",JARDIN ETCHED GLASS FRUITBOWL,10.75,9
"23569",TRADTIONAL ALPHABET STAMP SET,4.15,6
"22182",CAKE STAND VICTORIAN FILIGREE SMALL,1.25,9
"90174",BUTTERFLY HAIR BAND,2.55,7
"15044B",BLUE PAPER PARASOL ,2.55,5
"23149",ANTIQUE IVORY WIRE BOWL SMALL,2.49,9
"23549",WRAP BIRD GARDEN ,0.42,5
"22601",CHRISTMAS RETROSPOT ANGEL WOOD,0.72,10
"21278",VINTAGE KITCHEN PRINT PUDDINGS,2.55,9
"22966",GINGERBREAD MAN COOKIE CUTTER,1.06,6
"85187",S/12 MINI RABBIT EASTER,1.45,10
"90051",CRACKED GLAZE NECKLACE RED,6.95,7
"22972",CHILDREN'S SPACEBOY MUG,1.45,9
"85125",SMALL ROUND CUT GLASS CANDLESTICK,4.25,2
"23427",STOOL HOME SWEET HOME ,10.40,6
"72801G","4 BURGUNDY WINE DINNER CANDLES",1.25,2
"62097B",BLUE STRIPES SHOULDER BAG,0.83,7
"23497",CLASSIC CHROME BICYCLE BELL ,1.25,6
"85179C",PINK BITTY LIGHT CHAIN,1.25,2
"22821",GIFT BAG PSYCHEDELIC APPLES,0.65,7
"22402",MAGNETS PACK OF 4 VINTAGE COLLAGE,0.39,12
"21204",DAISIES  HONEYCOMB GARLAND ,1.65,3
"20666",ECONOMY HOLIDAY PURSE,2.95,7
"22453",MEASURING TAPE BABUSHKA BLUE,2.55,12
"22699",ROSES REGENCY TEACUP AND SAUCER ,2.55,9
"23252",ENAMEL JUG PANTRY,3.75,9
"84596J",MIXED NUTS LIGHT GREEN BOWL,0.42,2
"37447",CERAMIC CAKE DESIGN SPOTTED PLATE,1.25,9
"22981",PANTRY APPLE CORER,1.25,6
"79030D",TUMBLER BAROQUE,0.39,9
"23008",DOLLY GIRL BABY GIFT SET,14.95,14
"21195",PINK  HONEYCOMB PAPER BALL ,0.65,6
"22333",RETROSPOT PARTY BAG + STICKER SET,1.45,12
"20914",SET/5 RED RETROSPOT LID GLASS BOWLS,2.55,9
"35819B","ACRYLIC HANGING JEWEL,BLUE",0.38,7
"23297",SET 40 HEART SHAPE PETIT FOUR CASES,1.45,3
"23232",WRAP VINTAGE LEAF DESIGN,0.34,12
"85032A",ROMANTIC IMAGES GIFT WRAP SET,0.65,12
"21132",SILVER STANDING GNOME   ,1.25,6
"23702",High Resolution Image,1.50,6
"22423",REGENCY CAKESTAND 3 TIER,10.95,9
"21294",ETCHED GLASS COASTER,0.39,9
"21843",RED RETROSPOT CAKE STAND,10.95,9
"22994",TRAVEL CARD WALLET RETROSPOT,0.36,12
"22033",BOTANICAL ROSE GREETING CARD,0.42,12
"90167",BEADED LOVE HEART JEWELLERY SET,0.85,7
"23372",SET 36 COLOUR PENCILS DOLLY GIRL,1.06,12
"90029",NEW BAROQUE SMALL NECKLACE BLACK,8.50,7
"72134",COLUMBIAN  CUBE CANDLE ,0.42,2
"22308",TEA COSY BLUE STRIPE,2.10,11
"23136",IVORY WIRE SWEETHEART LETTER TRAY,3.29,9
"84673B",BLUE FLY SWAT,0.65,6
"21110",LARGE CAKE TOWEL PINK SPOTS,1.95,1
"22459",CAST IRON HOOK GARDEN TROWEL,2.10,5
"90064B",BLACK VINTAGE  CRYSTAL EARRINGS,3.75,12
"90152B",BLUE/GREEN SHELL NECKLACE W PENDANT,5.95,7
"90161D",ANT COPPER PINK BOUDICCA BRACELET,4.95,7
"20701",PINK CAT FLORAL CUSHION COVER ,3.75,11
"22776","CAKESTAND, 3 TIER, LOVEHEART",9.95,9
"22873",NUMBER TILE COTTAGE GARDEN 5,1.95,12
"21726",MULTI HEARTS  STICKERS,0.85,12
"22645",CERAMIC HEART FAIRY CAKE MONEY BANK,0.39,9
"23447",PINK BUNNY EASTER EGG BASKET,1.45,13
"23524",HORSE & PONY WALL ART,2.66,3
"90152A",SILVER/NAT SHELL NECKLACE W PENDANT,5.95,7
"21637",ASSORTED SANSKRIT MINI NOTEBOOK,1.25,12
"84992","72 SWEETHEART FAIRY CAKE CASES",0.40,9
"90001A",ANTIQUE RASPBERRY FLOWER EARRINGS,4.25,7
"21463",MIRRORED DISCO BALL ,2.50,1
"90177D",DROP DIAMANTE EARRINGS PURPLE,2.95,7
"23142",IVORY WIRE KITCHEN ORGANISER,10.40,9
"85159A","BLACK TEA,COFFEE,SUGAR JARS",1.25,6
"22389",PAPERWEIGHT SAVE THE PLANET,0.39,6
"21458","2 PICTURE BOOK EGGS EASTER BUNNY",1.25,10
"21145",ANTIQUE GLASS PLACE SETTING,1.25,9
"22791",T-LIGHT GLASS FLUTED ANTIQUE,1.06,2
"90024B",NEW BAROQUE B'FLY NECKLACE RED,8.50,7
"84804B",BLUE DELPHINIUM ARTIFICIAL FLOWER,0.79,6
"22986",GINGHAM ROSE WRAP,0.42,6
"21399",BLUE POLKADOT COFFEE MUG,0.39,9
"90085",CRYSTAL STILETTO PHONE CHARM,0.85,7
"10133",COLOURING PENCILS BROWN TUBE,0.42,12
"62086A",PINK RETRO BIG FLOWER BAG,1.95,7
"21281",VINTAGE KITCHEN PRINT SEAFOOD,2.55,9
"46775D",SUNSET COLOUR CHUNKY KNITTED THROW,16.95,11
"23155",KNICKERBOCKERGLORY MAGNET ASSORTED ,0.72,6
"23423",PANTRY 3 HOOK ROLLING PIN HANGER,3.75,13
"21090",SET/6 COLLAGE PAPER PLATES,0.39,9
"23446",BLUE BUNNY EASTER EGG BASKET,1.45,13
"20712",JUMBO BAG WOODLAND ANIMALS,1.65,7
"22548",HEADS AND TAILS SPORTING FUN,0.85,6
"90183A",AMBER DROP EARRINGS W LONG BEADS,2.95,7
"22659",LUNCH BOX I LOVE LONDON,1.65,4
"90164B",WHITE  ROSEBUD PEARL BRACELET,1.95,7
"85212",MINI PAINTED GARDEN DECORATION ,0.21,5
"21912",VINTAGE SNAKES & LADDERS,2.62,12
"84201C",HAPPY BIRTHDAY CARD TEDDY/CAKE,0.19,9
"23168",CLASSIC CAFE SUGAR DISPENSER,1.04,12
"90163A",PINK ROSEBUD & PEARL NECKLACE,7.50,7
"22496",SET OF 2 ROUND TINS DUTCH CHEESE,0.79,6
"22881",NUMBER TILE VINTAGE FONT 2,0.42,12
"23284",DOORMAT KEEP CALM AND COME IN,16.63,11
"84706F",RED PEONY TABLE CLOCK,2.95,3
"23256",CHILDRENS CUTLERY SPACEBOY ,3.75,9
"21415",CLAM SHELL SMALL ,0.79,6
"84816",DANISH ROSE BEDSIDE CABINET,39.95,13
"15044C",PURPLE PAPER PARASOL,2.55,5
"20699",MOUSEY LONG LEGS SOFT TOY,2.55,14
"84711A",SILVER OVAL SHAPE TRINKET BOX,9.95,13
"85188B",PINK METAL SWINGING BUNNY,0.85,6
"84826",ASSTD DESIGN 3D PAPER STICKERS,0.19,12
"22323",PINK POLKADOT KIDS BAG,1.95,8
"23122",PARTY CHARMS 50 PIECES,0.65,7
"22493",PAINT YOUR OWN CANVAS SET,1.45,6
"23376",PACK OF 12 VINTAGE CHRISTMAS TISSUE,0.32,12
"22813",PACK 3 BOXES BIRD PANETTONE ,1.65,13
"90175C",BLUE GLASS CHUNKY CHARM BRACELET,8.95,9
"22687",DOORMAT CHRISTMAS VILLAGE,16.63,11
"16202B",PASTEL BLUE PHOTO ALBUM ,0.50,3
"23002",TRAVEL CARD WALLET SKULLS,0.36,12
"23190",BUNDLE OF 3 SCHOOL EXERCISE BOOKS  ,1.45,6
"20727",LUNCH BAG  BLACK SKULL.,1.45,4
"16238",PARTY TIME PENCIL ERASERS,0.16,12
"90019B",GOLD M.O.P ORBIT BRACELET,4.95,7
"22144",CHRISTMAS CRAFT LITTLE FRIENDS,1.85,10
"22217",T-LIGHT HOLDER HANGING LACE,0.39,2
"48116",DOORMAT MULTICOLOUR STRIPE,15.79,11
"22582",PACK OF 6 SWEETIE GIFT BOXES,2.10,13
"23490",T-LIGHT HOLDER HANGING LOVE BIRD,3.29,2
"21694",SMALL REGAL  SILVER CANDLEPOT ,2.55,2
"47566B",TEA TIME PARTY BUNTING,0.70,6
"16258A",SWIRLY CIRCULAR RUBBERS IN BAG,0.19,7
"90205A",LARGE MINT DIAMANTE HAIRSLIDE,1.65,7
"23114",VINTAGE LEAF CHOPPING BOARD  ,4.15,9
"23389",SPACEBOY MINI BACKPACK,3.75,8
"85036A",GARDENIA 1 WICK MORRIS BOXED CANDLE,1.25,2
"22432",WATERING CAN PINK BUNNY,1.65,7
"90072",RUBY DROP CHANDELIER EARRINGS,3.75,7
"21000",ROSE DU SUD COSMETICS BAG,4.25,1
"90019C",SILVER BLACK ORBIT BRACELET,4.95,7
"90054",CRACKED GLAZE EARRINGS RED,2.55,7
"47574A",ENGLISH ROSE SCENTED HANGING FLOWER,0.75,1
"81953B",ROUND BLUE CLOCK WITH SUCKER,0.19,3
"23237",SET OF 4 KNICK KNACK TINS LEAF,3.75,6
"21989",PACK OF 20 SKULL PAPER NAPKINS,0.64,9
"35972",DAISY FOLKART HEART DECORATION,1.25,3
"22997",TRAVEL CARD WALLET UNION JACK,0.36,12
"90071",RUBY GLASS CLUSTER EARRINGS,1.25,9
"84617",NEW BAROQUE BLACK BOXES,12.75,13
"21098",CHRISTMAS TOILET ROLL,1.06,1
"84952B",BLACK LOVE BIRD T-LIGHT HOLDER,1.25,2
"84915",HAND TOWEL PINK FLOWER AND DAISY,1.25,1
"22927",GREEN GIANT GARDEN THERMOMETER,4.95,5
"21634",ASSORTED MINI MADRAS NOTEBOOK,0.39,12
"22425",ENAMEL COLANDER CREAM,4.25,6
"35915B",BLUE KNITTED HEN ,1.65,6
"22991",GIRAFFE WOODEN RULER,1.65,6
"23202",JUMBO BAG VINTAGE LEAF,1.65,12
"79030G",TUMBLER NEW ENGLAND,0.39,9
"23545",WRAP RED DOILEY,0.42,6
"22267",EASTER DECORATION EGG BUNNY ,0.39,10
"90200C",BLUE SWEETHEART BRACELET,4.25,7
"21984",PACK OF 12 PINK PAISLEY TISSUES ,0.25,6
"85200",BUNNY EGG BOX,1.25,13
"20795",LARGE BLUE PROVENCAL CERAMIC BALL,2.10,6
"21579",LOLITA  DESIGN  COTTON TOTE BAG,2.25,7
"22815",CARD PSYCHEDELIC APPLES,0.36,12
"22270",HAPPY EASTER HANGING DECORATION,3.39,10
"23538",WALL ART VINTAGE HEART,3.58,12
"84675",FROG KING WATERING CAN,2.95,7
"22695",WICKER WREATH SMALL,0.59,3
"20695",FLORAL BLUE MONSTER,4.25,6
"23315",IVORY REFECTORY CLOCK,8.15,3
"23500",KEY RING BASEBALL BOOT ASSORTED ,1.04,7
"84548",CROCHET BEAR RED/BLUE  KEYRING,1.65,7
"20867",PINK ROSE FABRIC MIRROR,1.06,1
"21820",GLITTER HEART GARLAND WITH BELLS ,3.39,3
"22331",WOODLAND PARTY BAG + STICKER SET,1.45,12
"84725",FREESTYLE CANVAS ART PICTURE,0.75,3
"23493",VINTAGE DOILY TRAVEL SEWING KIT,1.65,12
"21671",RED SPOT CERAMIC DRAWER KNOB,0.85,13
"90186B",CRYSTAL HOOP EARRING FLORAL LEAF,2.95,7
"23224",CHERUB HEART DECORATION GOLD,0.72,3
"23255",CHILDRENS CUTLERY CIRCUS PARADE,3.75,9
"82600",N0 SINGING METAL SIGN,1.85,3
"23249",ENAMEL DINNER PLATE PANTRY,1.65,9
"21811",CHRISTMAS HANGING HEART WITH BELL,1.25,10
"22424",ENAMEL BREAD BIN CREAM,10.95,4
"22916",HERB MARKER THYME,0.55,6
"22249",DECORATION WHITE CHICK MAGIC GARDEN,0.72,5
"90214S","LETTER ""S"" BLING KEY RING",0.29,7
"21485",RETROSPOT HEART HOT WATER BOTTLE,10.79,4
"22178",VICTORIAN GLASS HANGING T-LIGHT,0.90,2
"22520",CHILDS GARDEN TROWEL BLUE ,0.85,8
"21803",CHRISTMAS TREE STAR DECORATION,0.42,10
"21239",PINK  POLKADOT CUP,0.72,9
"22911",PAPER CHAIN KIT LONDON,2.55,12
"22152",PLACE SETTING WHITE STAR,0.36,3
"22108",PING! MICROWAVE PLATE,1.25,9
"22865",HAND WARMER OWL DESIGN,1.79,3
"21096",SET/6 FRUIT SALAD  PAPER PLATES,0.39,9
"85031A",ROMANTIC IMAGES SCRAP BOOK SET,1.25,6
"22819","BIRTHDAY CARD, RETRO SPOT",0.36,12
"21631",HIPPY CHIC DECORATIVE PARASOL,12.75,5
"84991","60 TEATIME FAIRY CAKE CASES",0.40,9
"23007", SPACEBOY BABY GIFT SET,14.95,8
"22974",CHILDRENS DOLLY GIRL MUG,1.45,9
"90119",METALIC LEAVES BAG CHARMS,2.46,7
"21943",CAKES AND RABBITS DESIGN FLANNEL ,0.85,9
"22315","200 RED + WHITE BENDY STRAWS",1.06,6
"20998",ROSE DU SUD OVEN GLOVE,2.55,6
"22449",SILK PURSE BABUSHKA PINK,2.46,7
"72818",CHRISTMAS DECOUPAGE CANDLE,0.39,2
"21272",SALLE DE BAIN HOOK,1.06,13
"20755",BLUE PAISLEY POCKET BOOK,0.85,6
"22243","5 HOOK HANGER RED MAGIC TOADSTOOL",1.45,13
"84997D",CHILDRENS CUTLERY POLKADOT PINK,3.75,9
"22142",CHRISTMAS CRAFT WHITE FAIRY ,1.25,10
"20848",ZINC HEART LATTICE CHARGER SMALL,2.95,3
"20821",GOLDIE LOOKING MIRROR,4.95,1
"22342",HOME GARLAND PAINTED ZINC ,0.75,3
"90198A",VINTAGE ROSE BEAD BRACELET RASPBERR,4.25,12
"22589",CARDHOLDER GINGHAM STAR,2.49,12
"23238",SET OF 4 KNICK KNACK TINS LONDON ,3.75,6
"90011B",BLACK CRYSTAL DROP EARRINGS,2.95,7
"85059",FRENCH ENAMEL WATER BASIN,1.25,6
"22063",CERAMIC BOWL WITH STRAWBERRY DESIGN,0.79,9
"22228",BUNNY WOODEN PAINTED WITH BIRD ,0.39,6
"20654",FIRST CLASS LUGGAGE TAG ,1.06,12
"21159",MOODY BOY  DOOR HANGER ,0.39,8
"84872A",TEATIME FUNKY FLOWER BACKPACK FOR 2,16.95,6
"21117",BLOND DOLL DOORSTOP,1.25,14
"21677",HEARTS  STICKERS,0.72,12
"35638A",PINK AND BLACK STRING CURTAIN,1.95,7
"79149B",SILICON STAR BULB  BLUE,0.42,3
"84086C",PINK/PURPLE RETRO RADIO,2.95,6
"15056P",EDWARDIAN PARASOL PINK,12.46,5
"23318",BOX OF 6 MINI VINTAGE CRACKERS,2.08,12
"23464",VINTAGE ZINC WATERING CAN SMALL,4.95,12
"21744",SNOWFLAKE PORTABLE TABLE LIGHT ,2.95,2
"21448","12 DAISY PEGS IN WOOD BOX",1.65,13
"85023B",EAU DE NILE JEWELLED PHOTOFRAME,2.10,7
"47578A",ENGLISH ROSE SMALL SCENTED FLOWER,0.85,1
"85123A",CREAM HANGING HEART T-LIGHT HOLDER,2.55,2
"22107",PIZZA PLATE IN BOX,1.25,9
"84688",BEACH HUT DESIGN BLACKBOARD,4.25,3
"21407",BROWN CHECK CAT DOORSTOP ,3.00,6
"22860",EASTER TIN CHICKS PINK DAISY,1.65,10
"20966",SANDWICH BATH SPONGE,1.06,1
"23124","18PC WOODEN CUTLERY SET DISPOSABLE",1.04,9
"23583",LUNCH BAG PAISLEY PARK  ,1.45,4
"23440",PAINT YOUR OWN EGGS IN CRATE,1.79,6
"37491D",PURPLE/BLUE CERAMIC CANDLE HOLDER,1.65,2
"23081",GREEN METAL BOX ARMY SUPPLIES,16.63,13
"35649",VINTAGE BEAD COSMETIC BAG ,2.46,1
"85185B",PINK HORSE SOCK PUPPET,2.55,6
"35653",VINTAGE BEAD NOTEBOOK,2.95,12
"22935",BAKING MOULD ROSE MILK CHOCOLATE,2.75,9
"22789",T-LIGHT HOLDER SWEETHEART HANGING,1.65,2
"47579",TEA TIME BREAKFAST BASKET,2.10,13
"20668",DISCO BALL CHRISTMAS DECORATION,0.10,10
"23274",STAR T-LIGHT HOLDER WILLIE WINKIE,1.45,2
"85039B",S/4 IVORY MINI ROSE CANDLE IN BOWL,0.42,2
"21899",GARAGE KEY FOB,0.65,6
"21888",BINGO SET,3.39,13
"22955","36 FOIL STAR CAKE CASES ",0.79,9
"47341A",FUSCHIA TABLE RUN FLOWER ,1.25,6
"22216",T-LIGHT HOLDER WHITE LACE,0.29,2
"22105",MIRROR MOSAIC GOBLET CANDLE HOLDER,0.95,1
"48111",DOORMAT 3 SMILEY CATS,4.58,11
"85194S",HANGING SPRING FLOWER EGG SMALL,0.19,7
"21349",IVY HEART WREATH,6.75,3
"37501",TEA TIME TEA SET IN GIFT BOX,6.95,13
"21126",SET OF 6 GIRLS CELEBRATION CANDLES,1.06,2
"23392",SPACEBOY ROCKET LOLLY MAKERS,1.79,8
"15039",SANDALWOOD FAN,0.53,6
"90131",PINK/AMETHYST/GOLD NECKLACE,6.95,7
"21794",CLASSIC FRENCH STYLE BASKET NATURAL,2.00,13
"21331",MOROCCAN BEATEN METAL DISH LARGE,12.75,6
"44236",PINK/PURPLE CIRCLE CURTAIN,0.79,11
"22197",POPCORN HOLDER,0.72,13
"85047",WHITE BEADED GARLAND STRING 20LIGHT,5.55,2
"23169",CLASSIC GLASS COOKIE JAR,3.75,9
"84050",PINK HEART SHAPE EGG FRYING PAN,1.25,3
"22186",RED STAR CARD HOLDER,1.95,12
"22524",CHILDRENS GARDEN GLOVES BLUE,1.06,8
"22751",FELTCRAFT PRINCESS OLIVIA DOLL,3.39,14
"85042",ANTIQUE LILY FAIRY LIGHTS,4.95,2
"22773",GREEN DRAWER KNOB ACRYLIC EDWARDIAN,0.85,13
"20936",FORKED CACTUS CANDLE,1.25,2
"22086",PAPER CHAIN KIT 50'S CHRISTMAS ,2.55,12
"62018",SOMBRERO ,1.25,6
"84916",HAND TOWEL PALE BLUE W FLOWERS,1.25,1
"90128B",BLUE LEAVES AND BEADS PHONE CHARM,1.25,7
"23357",HOT WATER BOTTLE SEX BOMB,1.65,4
"22697",GREEN REGENCY TEACUP AND SAUCER,2.55,9
"23024",LARGE BONNE JAM JAR  T-LIGHT HOLDER,2.49,2
"90001C",ANTIQUE OPAL WHITE FLOWER EARRINGS,4.25,7
"22498",WOODEN REGATTA BUNTING,5.95,6
"20717",STRAWBERRY SHOPPER BAG,1.06,7
"23125","6PC WOOD PLATE SET DISPOSABLE",1.04,9
"20823",GOLD WINE GOBLET,0.79,6
"84562A",PINK/WHITE RIBBED MELAMINE JUG,7.95,9
"21165",BEWARE OF THE CAT METAL SIGN ,1.45,3
"90179A",AMBER FINE BEAD NECKLACE W TASSEL,5.95,7
"22328",ROUND SNACK BOXES SET OF 4 FRUITS ,2.55,4
"22209",WOOD STAMP SET HAPPY BIRTHDAY,0.50,6
"23113",PANTRY CHOPPING BOARD,4.15,9
"22514",CHILDS GARDEN SPADE BLUE,1.85,8
"84859A",SILVER DISCO HANDBAG,1.95,7
"90125D",PURPLE BERTIE GLASS BEAD BAG CHARM,0.85,9
"20780",BLACK EAR MUFF HEADPHONES,10.79,6
"22072",RED RETROSPOT TEA CUP AND SAUCER ,1.25,9
"22535",MAGIC DRAWING SLATE BUNNIES ,0.27,6
"84378",SET OF 3 HEART COOKIE CUTTERS,1.06,3
"85099F",JUMBO BAG STRAWBERRY,1.65,7
"37488A",YELLOW PINK FLOWER DESIGN BIG BOWL,0.39,9
"22382",LUNCH BAG SPACEBOY DESIGN ,1.45,4
"90165B",WHITE ROSEBUD  PEARL EARRINGS,2.55,7
"20854",BLUE PATCH PURSE PINK HEART,1.45,7
"21060",PARTY INVITES BALLOON GIRL,0.85,8
"22325",MOBILE VINTAGE HEARTS ,4.25,12
"85024C",PINK SMALL JEWELLED PHOTOFRAME,1.65,7
"90154",LAZER CUT NECKLACE W PASTEL BEADS,7.25,7
"21421",PORCELAIN ROSE LARGE ,1.06,6
"85089",CANDY SPOT BUNNY,2.95,6
"90023",FILIGREE DIAMANTE EARRINGS,4.25,7
"21418",STARFISH SOAP DISH,0.79,1
"22030",SWALLOWS GREETING CARD,0.36,12
"15058A",BLUE POLKADOT GARDEN PARASOL,6.75,5
"20760",GARDEN PATH POCKET BOOK,0.85,5
"22041","RECORD FRAME 7"" SINGLE SIZE ",2.10,3
"22521",CHILDS GARDEN TROWEL PINK,0.85,8
"90082D",DIAMANTE BOW BROOCH BLACK COLOUR,6.35,7
"84952A",CLEAR LOVE BIRD T-LIGHT HOLDER,3.75,2
"23080",RED METAL BOX TOP SECRET,16.63,13
"37446",MINI CAKE STAND WITH HANGING CAKES,1.25,9
"21889",WOODEN BOX OF DOMINOES,1.06,14
"37503",TEA TIME CAKE STAND IN GIFT BOX,10.75,9
"35400",WOODEN BOX ADVENT CALENDAR ,7.95,13
"85173",SET/6 FROG PRINCE T-LIGHT CANDLES,0.79,2
"23108",SET OF 10 LED DOLLY LIGHTS,12.46,2
"21286",RETROSPOT CANDLE  LARGE,0.59,2
"21533",RETROSPOT LARGE MILK JUG,4.25,9
"22754",SMALL RED BABUSHKA NOTEBOOK ,0.20,12
"21761",WOOD AND GLASS MEDICINE CABINET,29.95,9
"78034B",BLUE NETTING STORAGE HANGER,1.95,13
"90059B",DIAMANTE HAIR GRIP PACK/2 BLACK DIA,1.65,7
"22080",RIBBON REEL POLKADOTS ,1.45,12
"79026B","S/4 ICON COASTER,ELVIS LIVES",0.39,9
"21188","3D HEARTS  HONEYCOMB PAPER GARLAND",2.55,3
"85188A",GREEN METAL SWINGING BUNNY,0.85,6
"23014",GLASS APOTHECARY BOTTLE ELIXIR,3.45,9
"22670",FRENCH WC SIGN BLUE METAL,1.06,3
"23029",DOORKNOB CRACKED GLAZE GREEN,1.65,13
"90000A",RASPBERRY ANT COPPER FLOWER NECKLAC,5.95,6
"21914",BLUE HARMONICA IN BOX ,1.06,13
"22394",PAPERWEIGHT KINGS CHOICE ,0.39,6
"85036C",ROSE 1 WICK MORRIS BOXED CANDLE,0.50,2
"23102",SILVER HEARTS TABLE DECORATION,0.72,3
"23298","BUNTING , SPOTTY ",4.15,6
"21038",SET/4 MODERN VINTAGE COTTON NAPKINS,0.79,9
"79161A",ST GEORGE SET OF 10 PARTY LIGHTS,2.95,2
"22655",VINTAGE RED KITCHEN CABINET,125.00,9
"85054",FRENCH ENAMEL POT W LID,1.25,6
"21192",WHITE BELL HONEYCOMB PAPER ,1.45,6
"35647",VINTAGE BEAD PINK SHADE ,1.25,12
"23139",SINGLE WIRE HOOK PINK HEART,0.39,13
"21385",IVORY HANGING DECORATION  HEART,0.72,3
"85049F",BABY BOOM RIBBONS ,1.25,12
"23145",ZINC T-LIGHT HOLDER STAR LARGE,0.79,2
"47343A",FUSCHIA FLOWER PURSE WITH BEADS,0.83,7
"47593B",SCOTTIE DOGS BABY BIB,0.39,8
"90170",DAISY HAIR BAND,1.65,7
"90152C",BLUE/NAT SHELL NECKLACE W PENDANT,5.95,7
"84678",CLASSICAL ROSE SMALL VASE,1.25,3
"22898",CHILDRENS APRON APPLES DESIGN,1.65,8
"82613B","METAL SIGN,CUPCAKE SINGLE HOOK",0.42,9
"84686",BEACH HUT MIRROR,0.79,1
"21455",PAINTED YELLOW WOODEN DAISY,0.85,6
"20677",PINK POLKADOT BOWL,1.06,9
"72760B",VINTAGE CREAM 3 BASKET CAKE STAND,4.65,9
"84950",ASSORTED COLOUR T-LIGHT HOLDER,0.55,2
"37495",FAIRY CAKE BIRTHDAY CANDLE SET,2.95,2
"22471",TV DINNER TRAY AIR HOSTESS ,1.95,9
"23150",IVORY SWEETHEART SOAP DISH,2.49,1
"21012",ANTIQUE ALL GLASS CANDLESTICK,1.69,2
"20981","12 PENCILS TALL TUBE WOODLAND",0.85,12
"47013C",WINE BOTTLE DRESSING DARK BLUE,0.12,4
"22157",ANGEL DECORATION WITH LACE PADDED,0.85,3
"21379",CAMPHOR WOOD PORTOBELLO MUSHROOM,0.39,6
"21746",SMALL RED RETROSPOT WINDMILL,1.06,6
"84926E",FLOWERS TILE COASTER,0.29,9
"21645",ASSORTED TUTTI FRUTTI ROUND BOX,1.65,13
"22895",SET OF 2 TEA TOWELS APPLE AND PEARS,2.55,1
"90064A",WHITE VINTAGE CRYSTAL EARRINGS,3.75,12
"47586A",PINK FAIRY CAKE CUSHION COVER,2.55,9
"21357",TOAST ITS - DINOSAUR,1.25,8
"23143",ZINC WIRE KITCHEN ORGANISER,10.40,9
"85099B",JUMBO BAG RED RETROSPOT,1.65,7
"22903",CALENDAR FAMILY FAVOURITES,1.25,6
"81950V",FLOWER PURPLE CLOCK W/SUCKER,0.85,3
"84508B",STRIPES DESIGN TEDDY,2.55,14
"90027D",GLASS BEAD HOOP EARRINGS AMETHYST,2.95,9
"22260",FELT EGG COSY BLUE RABBIT ,0.85,6
"21205",MULTICOLOUR 3D BALLS GARLAND,2.55,3
"21666",RIDGED GLASS T-LIGHT HOLDER,0.65,2
"35819P","ACRYLIC HANGING JEWEL,PINK",0.38,7
"90043",COPPER AND BRASS BAG CHARM,4.95,7
"21070",VINTAGE BILLBOARD MUG ,0.80,9
"90030A",SPOTTED WHITE NATURAL SEED NECKLACE,1.00,7
"90176E",DIAMANTE NECKLACE GREEN,7.50,7
"22989",SET 2 PANTRY DESIGN TEA TOWELS,2.55,1
"20857",BLUE ROSE PATCH PURSE PINK BUTTERFL,1.65,7
"35920",FOUR RABBIT EASTER DECORATIONS,1.25,10
"21427",SKULLS STORAGE BOX SMALL,2.10,13
"75172",PAINTED SEA SHELL METAL WINDCHIME,0.79,6
"21977",PACK OF 60 PINK PAISLEY CAKE CASES,0.40,9
"23535",BICYCLE SAFTEY WALL ART,3.88,3
"21755",LOVE BUILDING BLOCK WORD,12.46,14
"23379",PACK OF 12 RED APPLE TISSUES,0.32,6
"23511",EMBROIDERED RIBBON REEL EMILY ,1.79,12
"22304",COFFEE MUG BLUE PAISLEY DESIGN,1.12,9
"21469",POLKA DOT RAFFIA FOOD COVER,3.75,4
"22774",RED DRAWER KNOB ACRYLIC EDWARDIAN,0.85,13
"23417",BATHROOM HOOK,0.39,1
"22753",SMALL YELLOW BABUSHKA NOTEBOOK ,0.20,12
"22084",PAPER CHAIN KIT EMPIRE,2.55,12
"85094",CANDY SPOT EGG WARMER RABBIT,0.19,6
"21333",CLASSIC WHITE FRAME,2.95,3
"84581",DOG TOY WITH PINK CROCHET SKIRT,3.75,14
"23351",ROLL WRAP 50'S CHRISTMAS,1.04,10
"20653",CHERRY BLOSSOM LUGGAGE TAG,1.25,12
"84920",PINK FLOWER FABRIC PONY,3.75,6
"22248",DECORATION  PINK CHICK MAGIC GARDEN,0.72,5
"35921",EASTER BUNNY HANGING GARLAND,1.25,10
"16207B",PINK HEART RED HANDBAG,2.46,7
"21360",JOY LARGE WOOD LETTERS,3.95,6
"21544",SKULLS  WATER TRANSFER TATTOOS ,0.65,6
"72799F",IVORY PILLAR CANDLE GOLD FLOCK,2.55,2
"21472",LADYBIRD + BEE RAFFIA FOOD COVER,3.75,4
"18098C",PORCELAIN BUTTERFLY OIL BURNER,2.55,6
"22192",BLUE DINER WALL CLOCK,16.63,3
"90180B",PURPLE AMETHYST NECKLACE W TASSEL,9.95,7
"84907",PINK YELLOW PATCH CUSHION COVER,7.65,11
"22215",CAKE STAND WHITE TWO TIER LACE,2.95,9
"85130C",BEADED CRYSTAL HEART BLUE  LARGE,0.79,3
"20655",QUEEN OF SKIES LUGGAGE TAG,1.06,12
"21368",MIRRORED WALL ART LADIES,0.75,1
"90102",WHITE FRANGIPANI HAIR CLIP,0.85,7
"85118",HEART T-LIGHT HOLDER,0.38,2
"90202B",WHITE ENAMEL FLOWER HAIR TIE,2.95,7
"17091A",LAVENDER INCENSE IN TIN,0.38,6
"84910A",PINK PAISLEY CUSHION COVER ,5.95,11
"17109D",FLOWER FAIRY INCENSE BOUQUET,0.38,6
"84666",SQUARE CHERRY BLOSSOM CABINET,3.95,13
"23140",TRIPLE WIRE HOOK IVORY HEART,3.75,13
"22627",MINT KITCHEN SCALES,0.76,9
"22883",NUMBER TILE VINTAGE FONT 4,0.42,12
"20749",ASSORTED COLOUR MINI CASES,16.63,6
"16052",TEATIME PUSH DOWN RUBBER,0.19,6
"90141A",GREEN PENDANT TRIPLE SHELL NECKLACE,4.95,7
"85032B",BLOSSOM IMAGES GIFT WRAP SET,0.65,12
